{"type":"FeatureCollection","features":[{"type":"Feature","properties":{"district":"Ampara","subdivision":"Addalaichenai","centroid_lon":81.8116,"centroid_lat":7.26351,"risk_modifier":0.55,"river_prox":0.0,"coast_prox":1.0,"highland":0.0,"zone":"safe_zone","evac_rank":1,"flood_rank":0},"geometry":{"type":"Polygon","coordinates":[[[81.86512971500008,7.300187086000051],[81.85353169000007,7.304676653000058],[81.83194849700004,7.290056480000032],[81.79854224200005,7.293588752000062],[81.79272152300007,7.286785747000067],[81.77372108800006,7.297344061000047],[81.77938287600006,7.289923763000047],[81.77483673200004,7.281101916000068],[81.75676954400006,7.270027982000045],[81.75065881500007,7.255706640000028],[81.75631293300006,7.230141716000048],[81.75259499500004,7.225292711000066],[81.75578019600005,7.221234567000067],[81.76580627300007,7.229715383000041],[81.77909300600004,7.22787493800007],[81.79868174500007,7.24224857400003],[81.86130779300004,7.234459143000038],[81.86798527700006,7.274877618000062],[81.86512971500008,7.300187086000051]]]}},{"type":"Feature","properties":{"district":"Ampara","subdivision":"Akkaraipattu","centroid_lon":81.79174,"centroid_lat":7.21131,"risk_modifier":0.55,"river_prox":0.0,"coast_prox":1.0,"highland":0.0,"zone":"safe_zone","evac_rank":2,"flood_rank":0},"geometry":{"type":"MultiPolygon","coordinates":[[[[81.74686977600004,7.155981068000074],[81.73809704900003,7.162339231000033],[81.74837970200008,7.148870293000073],[81.74686977600004,7.155981068000074]]],[[[81.73395683500007,7.193942488000062],[81.71311945700006,7.200234730000034],[81.70994789500008,7.196091478000028],[81.71957477400008,7.191256675000034],[81.73395683500007,7.193942488000062]]],[[[81.76580627300007,7.229715383000041],[81.74704037900005,7.217507686000033],[81.74935881200008,7.210025909000024],[81.74149318700006,7.195972208000057],[81.74896187700006,7.190313366000055],[81.74441619600003,7.187820257000055],[81.75482823700008,7.172839908000071],[81.78078900500003,7.172161665000033],[81.78470293300006,7.180932858000062],[81.77944989500008,7.18914367900004],[81.80658720200006,7.200197439000021],[81.82277902900006,7.199863252000057],[81.82774161300006,7.220426261000057],[81.84782258200005,7.218697708000036],[81.86028149200007,7.209195236000028],[81.86130779300004,7.234459143000038],[81.79868174500007,7.24224857400003],[81.77909300600004,7.22787493800007],[81.76580627300007,7.229715383000041]]]]}},{"type":"Feature","properties":{"district":"Ampara","subdivision":"Alayadivembu","centroid_lon":81.80394,"centroid_lat":7.17083,"risk_modifier":0.55,"river_prox":0.0,"coast_prox":1.0,"highland":0.0,"zone":"moderate","evac_rank":0,"flood_rank":0},"geometry":{"type":"Polygon","coordinates":[[[81.73888826500007,7.167528035000032],[81.75048553300007,7.138609761000055],[81.77886366200005,7.127892259000021],[81.80103856000005,7.13910357900005],[81.82142857100007,7.141647247000037],[81.83363946400004,7.136547577000044],[81.82539277900008,7.151758530000052],[81.82714260800003,7.161963158000049],[81.86002165200006,7.185451974000046],[81.86028149200007,7.209195236000028],[81.84686757000009,7.219004045000077],[81.82671278700008,7.219875621000028],[81.82277902900006,7.199863252000057],[81.80658720200006,7.200197439000021],[81.77944989500008,7.18914367900004],[81.78470293300006,7.180932858000062],[81.78078900500003,7.172161665000033],[81.75896815400006,7.176126629000066],[81.73888826500007,7.167528035000032]]]}},{"type":"Feature","properties":{"district":"Ampara","subdivision":"Ampara","centroid_lon":81.59519,"centroid_lat":7.27646,"risk_modifier":0.55,"river_prox":0.0,"coast_prox":1.0,"highland":0.0,"zone":"moderate","evac_rank":0,"flood_rank":0},"geometry":{"type":"Polygon","coordinates":[[[81.71812163500005,7.313345725000033],[81.70784777500006,7.319978450000065],[81.70638931100007,7.314305262000062],[81.69037269500006,7.310005987000068],[81.67635292200004,7.329485032000036],[81.65013608000004,7.323153921000028],[81.62080733500005,7.303615997000065],[81.62944669500007,7.289524103000076],[81.62101723100005,7.290091717000053],[81.61818982000005,7.275075659000038],[81.61062324400007,7.274142303000076],[81.59357273200004,7.287672727000029],[81.56641159800006,7.28799865700006],[81.55467852400005,7.306147948000046],[81.54333050700006,7.301949457000035],[81.51919711400006,7.321487125000033],[81.47913511000007,7.320766924000054],[81.51808995400006,7.287620850000053],[81.52542674600005,7.252814382000054],[81.51918343200003,7.242668690000073],[81.56090649200007,7.21723225300002],[81.59859046400004,7.234295630000076],[81.61407848900006,7.226046837000069],[81.64686046900005,7.270292901000062],[81.69393304400006,7.277251071000023],[81.69049740300005,7.28485401000006],[81.71812163500005,7.313345725000033]]]}},{"type":"Feature","properties":{"district":"Ampara","subdivision":"Damana","centroid_lon":81.62907,"centroid_lat":7.1345,"risk_modifier":0.55,"river_prox":0.0,"coast_prox":1.0,"highland":0.0,"zone":"moderate","evac_rank":0,"flood_rank":0},"geometry":{"type":"Polygon","coordinates":[[[81.74257896300008,7.163941966000039],[81.73888826500007,7.167528035000032],[81.75482823700008,7.172839908000071],[81.74441619600003,7.187820257000055],[81.74853293700005,7.192216175000056],[81.70074071800008,7.192646620000062],[81.69322931100004,7.220289574000049],[81.67355000700007,7.233032770000023],[81.67811344800003,7.245720944000027],[81.67469743400005,7.253586780000035],[81.66676568400004,7.25316248200005],[81.67718002300006,7.258970060000024],[81.68679852800005,7.255288914000062],[81.69379314000008,7.264829347000045],[81.69393304400006,7.277251071000023],[81.68112953600007,7.278795962000061],[81.64675373100005,7.270218054000054],[81.61407848900006,7.226046837000069],[81.59859046400004,7.234295630000076],[81.53956006600004,7.213725176000025],[81.50993603400008,7.181163731000026],[81.49905261000004,7.149583263000068],[81.51202017500003,7.136241535000067],[81.50978910500004,7.117285005000042],[81.51845621800004,7.098455413000067],[81.61171888400008,7.067237780000028],[81.61706796900006,7.048835550000035],[81.60571159600005,7.028429505000076],[81.61303741600005,7.002526894000027],[81.61998249200008,6.997859380000023],[81.61586797600006,6.980796806000058],[81.68747556300008,6.967176002000031],[81.68167469300005,7.062823781000077],[81.69708336400004,7.071956959000033],[81.69316449300004,7.085892281000042],[81.70539911000003,7.088772194000057],[81.72906950100008,7.130243585000073],[81.75039317700003,7.137936058000037],[81.73809704900003,7.162339231000033],[81.74257896300008,7.163941966000039]]]}},{"type":"Feature","properties":{"district":"Ampara","subdivision":"Irakkamam","centroid_lon":81.72246,"centroid_lat":7.24114,"risk_modifier":0.55,"river_prox":0.0,"coast_prox":1.0,"highland":0.0,"zone":"moderate","evac_rank":0,"flood_rank":0},"geometry":{"type":"Polygon","coordinates":[[[81.77372108800006,7.297344061000047],[81.75329258000005,7.289338873000077],[81.74955702100004,7.276118265000036],[81.73541229200003,7.267045409000048],[81.71579614200004,7.27649804400005],[81.69401317800003,7.27727038300003],[81.68924126600007,7.25664710500007],[81.67718002300006,7.258970060000024],[81.67575413600008,7.256498039000064],[81.67294411400007,7.25651352400007],[81.67239580400008,7.255964161000065],[81.66962543700004,7.254874235000045],[81.66676568400004,7.25316248200005],[81.67469743400005,7.253586780000035],[81.67852754700004,7.240318027000058],[81.67355000700007,7.233032770000023],[81.69322931100004,7.220289574000049],[81.70074071800008,7.192646620000062],[81.71007197000006,7.189494431000071],[81.71311945700006,7.200234730000034],[81.74149318700006,7.195972208000057],[81.74935881200008,7.210025909000024],[81.74704037900005,7.217507686000033],[81.75578019600005,7.221234567000067],[81.75065881500007,7.255706640000028],[81.75676954400006,7.270027982000045],[81.77483673200004,7.281101916000068],[81.77938287600006,7.289923763000047],[81.77372108800006,7.297344061000047]]]}},{"type":"Feature","properties":{"district":"Ampara","subdivision":"Kalmunai","centroid_lon":81.81317,"centroid_lat":7.42211,"risk_modifier":0.55,"river_prox":0.0,"coast_prox":1.0,"highland":0.0,"zone":"moderate","evac_rank":0,"flood_rank":0},"geometry":{"type":"Polygon","coordinates":[[[81.80328587700006,7.440783798000041],[81.78653895700006,7.439272618000075],[81.79494221000004,7.409482709000031],[81.81139078300004,7.394124677000036],[81.84101158000004,7.400541147000069],[81.82246314800005,7.433397103000061],[81.81610996000006,7.459572754000021],[81.81084815600008,7.460485751000022],[81.80328587700006,7.440783798000041]]]}},{"type":"Feature","properties":{"district":"Ampara","subdivision":"Karaitivu","centroid_lon":81.83229,"centroid_lat":7.3729,"risk_modifier":0.55,"river_prox":0.0,"coast_prox":1.0,"highland":0.0,"zone":"moderate","evac_rank":0,"flood_rank":0},"geometry":{"type":"Polygon","coordinates":[[[81.85268588400004,7.364539882000031],[81.84412108200007,7.389330701000063],[81.81582659100008,7.37983679000007],[81.81347634900004,7.360641808000025],[81.85268588400004,7.364539882000031]]]}},{"type":"Feature","properties":{"district":"Ampara","subdivision":"Madulla","centroid_lon":81.42821,"centroid_lat":7.15958,"risk_modifier":0.55,"river_prox":0.0,"coast_prox":1.0,"highland":0.0,"zone":"moderate","evac_rank":0,"flood_rank":0},"geometry":{"type":"Polygon","coordinates":[[[81.51808995400006,7.287620850000053],[81.47678090500006,7.32463371800003],[81.48926464400006,7.335432118000028],[81.47062980700008,7.393164717000047],[81.47607343200008,7.421584324000037],[81.46024452100005,7.427644269000041],[81.47770008000003,7.453999630000055],[81.45354506700005,7.458700676000035],[81.43619212200008,7.443510127000025],[81.40510909200003,7.431354100000021],[81.40416356200006,7.415564068000037],[81.38483239500005,7.406506205000028],[81.37276496100003,7.409045193000054],[81.37214392500005,7.395307500000058],[81.38455703100004,7.369296620000057],[81.36128268200008,7.355173207000064],[81.36514807600008,7.343175071000076],[81.35804192900008,7.33961077500004],[81.36719213900005,7.327551424000035],[81.34799225200004,7.315795509000054],[81.36998031500008,7.291039247000072],[81.36689158600007,7.265583344000049],[81.38079087900007,7.259046395000041],[81.39534541100005,7.205118261000052],[81.41858341900007,7.189250357000049],[81.43387662100008,7.196486561000029],[81.44469303100004,7.187676287000045],[81.43010881400005,7.167510757000059],[81.41433337700005,7.114504397000076],[81.38516098700006,7.104795655000032],[81.37534581100005,7.093857798000045],[81.38197873700005,7.081291098000065],[81.35664943200004,7.06511851700003],[81.35737938300008,7.049619929000073],[81.34318753400004,7.043509675000053],[81.32420597600003,7.01594003200006],[81.30973885400005,7.015122271000052],[81.31363652400006,6.965783914000042],[81.32424010600005,6.933388986000068],[81.34504985600006,6.924360422000063],[81.33872050700006,6.91136718100006],[81.35074311900007,6.903118512000049],[81.36853825800006,6.90491522700006],[81.37024321300004,6.912633632000052],[81.38141137000008,6.911176739000041],[81.38353282200006,6.917934143000025],[81.40092378600008,6.921453327000052],[81.44517593800003,6.91320124300006],[81.46649512900007,6.933619635000071],[81.47367938100007,6.92922571500003],[81.47784103300006,6.936592889000053],[81.48486942600005,6.934895562000065],[81.48259732000008,6.921671469000046],[81.50928826600006,6.924698048000039],[81.50863137000005,6.917240733000028],[81.51396494400007,6.920813338000073],[81.52439049400004,6.912140969000063],[81.52759560400006,6.916083378000053],[81.52285580100005,6.920411642000033],[81.52554566200007,6.93346682300006],[81.51572004300004,6.933745501000033],[81.50939476800005,6.965869409000049],[81.49802601700003,6.995270942000047],[81.49071056200006,6.999429726000074],[81.49069242300004,7.016277088000038],[81.47978850000004,7.022643741000024],[81.46846995000004,7.018257361000053],[81.45453715800005,7.022102418000031],[81.43199424000005,7.034612785000036],[81.41894693200004,7.055047146000049],[81.42381624000006,7.064555799000061],[81.43495930700004,7.063864095000042],[81.45831403700004,7.045368344000053],[81.45697624100006,7.061389750000046],[81.46870292200003,7.066601105000075],[81.45566764600005,7.109258408000073],[81.46010306300008,7.145848271000034],[81.46350951800008,7.14885978600006],[81.47188231800004,7.140046503000065],[81.46889275800004,7.154388641000025],[81.47983895700008,7.164046398000039],[81.49951990800008,7.156795849000048],[81.52127185600006,7.197440741000037],[81.55402729600007,7.218831583000053],[81.53155474300007,7.239494806000039],[81.51918343200003,7.242668690000073],[81.52542674600005,7.252814382000054],[81.51808995400006,7.287620850000053]]]}},{"type":"Feature","properties":{"district":"Ampara","subdivision":"Navithanveli","centroid_lon":81.76101,"centroid_lat":7.4193,"risk_modifier":0.55,"river_prox":0.0,"coast_prox":1.0,"highland":0.0,"zone":"moderate","evac_rank":0,"flood_rank":0},"geometry":{"type":"Polygon","coordinates":[[[81.70593371600006,7.434904163000056],[81.73402750500009,7.413018652000062],[81.73316847200005,7.39754567600005],[81.74282550300006,7.389665778000051],[81.72967934500008,7.373366834000024],[81.74286643500005,7.380239596000024],[81.74261595000007,7.371834289000049],[81.75583560700005,7.360297613000057],[81.76669547300008,7.368298920000029],[81.79213495300007,7.372723776000043],[81.79778817800008,7.390761940000061],[81.81095973800007,7.397205690000021],[81.79494221000004,7.409482709000031],[81.78635096900007,7.439262024000072],[81.78440180000007,7.451496044000066],[81.79308562300008,7.466015803000062],[81.77227569000007,7.483940950000033],[81.74972417600003,7.455504208000036],[81.72385277600006,7.454711167000028],[81.70593371600006,7.434904163000056]]]}},{"type":"Feature","properties":{"district":"Ampara","subdivision":"Nintavur","centroid_lon":81.83826,"centroid_lat":7.32661,"risk_modifier":0.55,"river_prox":0.0,"coast_prox":1.0,"highland":0.0,"zone":"moderate","evac_rank":0,"flood_rank":0},"geometry":{"type":"Polygon","coordinates":[[[81.86512971500008,7.300187086000051],[81.85280498800006,7.364388140000074],[81.81895491200004,7.360380681000038],[81.81201659300007,7.292755118000059],[81.83194849700004,7.290056480000032],[81.85353169000007,7.304676653000058],[81.86512971500008,7.300187086000051]]]}},{"type":"Feature","properties":{"district":"Ampara","subdivision":"Padiyathalawa","centroid_lon":81.25913,"centroid_lat":7.42713,"risk_modifier":0.55,"river_prox":0.0,"coast_prox":1.0,"highland":0.0,"zone":"moderate","evac_rank":0,"flood_rank":0},"geometry":{"type":"Polygon","coordinates":[[[81.32961807700008,7.333575172000053],[81.36514807600008,7.343175071000076],[81.36319788200007,7.356917095000028],[81.32340223900007,7.381056661000059],[81.31850636900003,7.388758835000033],[81.32540357300007,7.397333304000028],[81.31700402900003,7.401541287000043],[81.29402632400007,7.391533413000047],[81.28617033600005,7.405652544000077],[81.29865308000007,7.402458772000045],[81.31045417500007,7.414807370000062],[81.30442650100008,7.418336275000058],[81.32029019300006,7.444022296000071],[81.30211757400008,7.455636686000048],[81.30204187000004,7.47867853200006],[81.27782197600004,7.511069476000046],[81.29988498500006,7.522506648000046],[81.28942741800006,7.542696363000061],[81.25490387400004,7.589578164000045],[81.21989885400006,7.590028892000021],[81.20817350200008,7.610917799000049],[81.20308498500003,7.591661237000039],[81.18737681100004,7.572503608000034],[81.20316486400003,7.557296293000036],[81.20542873900007,7.516853454000056],[81.19701477000007,7.498090527000045],[81.19724748200008,7.469331348000026],[81.18104668600006,7.442184458000042],[81.20030032200003,7.391100774000051],[81.19265616200005,7.375832873000036],[81.20805507900008,7.347155928000063],[81.21998263500006,7.331383973000072],[81.23569482200008,7.342575731000068],[81.26099072200003,7.311884735000035],[81.28349932200007,7.241934049000065],[81.31952543200003,7.26485238600003],[81.31516374400007,7.277845196000044],[81.32255264100007,7.298023459000035],[81.31420004400007,7.316427472000044],[81.31865308800008,7.337893613000062],[81.32961807700008,7.333575172000053]]]}},{"type":"Feature","properties":{"district":"Ampara","subdivision":"Pottuvil","centroid_lon":81.78313,"centroid_lat":6.95056,"risk_modifier":0.55,"river_prox":0.0,"coast_prox":1.0,"highland":0.0,"zone":"moderate","evac_rank":0,"flood_rank":0},"geometry":{"type":"Polygon","coordinates":[[[81.68747556300008,6.967176002000031],[81.73109808300006,6.958470528000021],[81.74564919900007,6.923191729000052],[81.75302514500004,6.919013289000077],[81.76340706100007,6.882447304000038],[81.75851910300008,6.838226832000032],[81.77717495500008,6.822466629000075],[81.82302307100008,6.809489165000059],[81.82431253700008,6.822424770000055],[81.83848741300005,6.836397061000071],[81.83072850200006,6.841734225000039],[81.83100403000003,6.854257200000063],[81.84440703500007,6.871393359000024],[81.84211722200007,6.906891032000033],[81.86613849100007,6.97329951200004],[81.86415300800007,6.985290494000026],[81.87719972000008,7.021917708000046],[81.87349337100005,7.030961024000021],[81.83881092100006,7.024103013000058],[81.83373211400004,7.036165525000058],[81.82204956400005,7.031617523000023],[81.81188438300006,7.010144517000072],[81.77860042400005,7.018333263000045],[81.78261030100003,7.00572661800004],[81.73033875300007,7.020593451000025],[81.71899487500008,7.073826272000076],[81.69552110500007,7.076124940000057],[81.69708336400004,7.071956959000033],[81.68167469300005,7.062823781000077],[81.68747556300008,6.967176002000031]]]}},{"type":"Feature","properties":{"district":"Ampara","subdivision":"Sainthamaruthu","centroid_lon":81.83124,"centroid_lat":7.39185,"risk_modifier":0.55,"river_prox":0.0,"coast_prox":1.0,"highland":0.0,"zone":"moderate","evac_rank":0,"flood_rank":0},"geometry":{"type":"Polygon","coordinates":[[[81.82023445400006,7.395213131000048],[81.81852370000007,7.382788849000065],[81.84412108200007,7.389330701000063],[81.84101158000004,7.400541147000069],[81.82023445400006,7.395213131000048]]]}},{"type":"Feature","properties":{"district":"Ampara","subdivision":"Sammanthurai","centroid_lon":81.76509,"centroid_lat":7.32679,"risk_modifier":0.55,"river_prox":0.0,"coast_prox":1.0,"highland":0.0,"zone":"moderate","evac_rank":0,"flood_rank":0},"geometry":{"type":"Polygon","coordinates":[[[81.81201659300007,7.292755118000059],[81.81855573900003,7.331843025000069],[81.81426461200004,7.372253623000063],[81.82043098800006,7.394767035000029],[81.81095973800007,7.397205690000021],[81.79778817800008,7.390761940000061],[81.79213495300007,7.372723776000043],[81.76669547300008,7.368298920000029],[81.75620654600004,7.360347072000025],[81.74261595000007,7.371834289000049],[81.74286643500005,7.380239596000024],[81.72967934500008,7.373366834000024],[81.72924629200008,7.362534631000074],[81.73841790900008,7.348905119000051],[81.71494933200006,7.327803424000024],[81.71812163500005,7.313345725000033],[81.69049740300005,7.28485401000006],[81.69393304400006,7.277251071000023],[81.71579614200004,7.27649804400005],[81.73531253700008,7.267023468000048],[81.74955702100004,7.276118265000036],[81.75329258000005,7.289338873000077],[81.77384399200008,7.297387733000051],[81.79252028900004,7.286805341000047],[81.79824255000005,7.293514669000047],[81.81201659300007,7.292755118000059]]]}},{"type":"Feature","properties":{"district":"Ampara","subdivision":"Tirukkovil","centroid_lon":81.79214,"centroid_lat":7.08175,"risk_modifier":0.55,"river_prox":0.0,"coast_prox":1.0,"highland":0.0,"zone":"flood_zone","evac_rank":0,"flood_rank":2},"geometry":{"type":"Polygon","coordinates":[[[81.75052192600003,7.138632395000059],[81.72906950100008,7.130243585000073],[81.70539911000003,7.088772194000057],[81.69249176500006,7.08411966500006],[81.69552110500007,7.076124940000057],[81.71899487500008,7.073826272000076],[81.73033875300007,7.020593451000025],[81.78261030100003,7.00572661800004],[81.77860042400005,7.018333263000045],[81.81188438300006,7.010144517000072],[81.82204956400005,7.031617523000023],[81.83373211400004,7.036165525000058],[81.83881092100006,7.024103013000058],[81.87349337100005,7.030961024000021],[81.85629340400004,7.100039663000075],[81.86002165200006,7.185451974000046],[81.82714260800003,7.161963158000049],[81.82539277900008,7.151758530000052],[81.83363946400004,7.136547577000044],[81.82142857100007,7.141647247000037],[81.80103856000005,7.13910357900005],[81.78481233900004,7.127358422000043],[81.75052192600003,7.138632395000059]]]}},{"type":"Feature","properties":{"district":"Ampara","subdivision":"Uhana","centroid_lon":81.59094,"centroid_lat":7.4,"risk_modifier":0.55,"river_prox":0.0,"coast_prox":1.0,"highland":0.0,"zone":"flood_zone","evac_rank":0,"flood_rank":1},"geometry":{"type":"Polygon","coordinates":[[[81.61636203900008,7.507416417000059],[81.49255555700006,7.513327403000062],[81.48089779700007,7.456796737000047],[81.46094713200006,7.430783785000074],[81.47607343200008,7.421584324000037],[81.47062980700008,7.393164717000047],[81.48926464400006,7.335432118000028],[81.47678090500006,7.32463371800003],[81.47913511000007,7.320766924000054],[81.51919711400006,7.321487125000033],[81.54333050700006,7.301949457000035],[81.55467852400005,7.306147948000046],[81.56641159800006,7.28799865700006],[81.59357273200004,7.287672727000029],[81.61062324400007,7.274142303000076],[81.61818982000005,7.275075659000038],[81.62101723100005,7.290091717000053],[81.62944669500007,7.289524103000076],[81.62080733500005,7.303615997000065],[81.65013608000004,7.323153921000028],[81.67635292200004,7.329485032000036],[81.69037269500006,7.310005987000068],[81.70638931100007,7.314305262000062],[81.70784777500006,7.319978450000065],[81.71444995100006,7.317619409000031],[81.71494933200006,7.327803424000024],[81.73841790900008,7.348905119000051],[81.72924629200008,7.362534631000074],[81.72978465800009,7.375962223000045],[81.74282996500006,7.389717852000047],[81.73316847200005,7.39754567600005],[81.73402750500009,7.413018652000062],[81.70593371600006,7.434904163000056],[81.67208400300007,7.413661310000066],[81.66208276200007,7.399109662000058],[81.66102329400007,7.452643616000046],[81.65516808800004,7.454114165000021],[81.65942235700004,7.469925233000026],[81.64594826000007,7.503389867000067],[81.64829904400005,7.523160614000062],[81.61636203900008,7.507416417000059]]]}},{"type":"Feature","properties":{"district":"Anuradhapura","subdivision":"Ehetuwewa","centroid_lon":80.35508,"centroid_lat":7.96444,"risk_modifier":0.55,"river_prox":0.0,"coast_prox":1.0,"highland":0.0,"zone":"safe_zone","evac_rank":1,"flood_rank":0},"geometry":{"type":"Polygon","coordinates":[[[80.28170632100006,7.899211471000058],[80.32845826000005,7.893698877000077],[80.33698046800004,7.884261477000052],[80.34664990400006,7.887387870000055],[80.35718794100006,7.880247539000038],[80.36961674200006,7.879236811000055],[80.37647461000006,7.885408523000024],[80.37676321900005,7.910180149000041],[80.36629012900005,7.91114963800004],[80.38136718900006,7.938717182000062],[80.38306164900007,7.960386035000056],[80.38809248700005,7.966971891000071],[80.39916595300008,7.965214126000035],[80.40623704500007,7.952697425000053],[80.41560312900003,7.949517275000062],[80.42370894000004,7.961274482000022],[80.42209493100006,7.986177271000031],[80.41330856200005,8.006124336000028],[80.41793102100007,8.041877923000072],[80.40361159500003,8.05576344900004],[80.39074805600006,8.047979328000054],[80.36766708100004,8.057212142000026],[80.36481559500004,8.065276889000074],[80.36798072000005,8.04653647200007],[80.35562127300005,8.048817103000033],[80.34094677700006,8.043600412000046],[80.35245495600003,8.029258268000035],[80.34711525400007,8.018717941000034],[80.35155898900007,8.008364862000064],[80.33644150600009,8.007345963000034],[80.33614525100006,7.995992811000065],[80.34698021700007,7.987142292000044],[80.33939114600008,7.98219195300004],[80.32889445800004,7.98802902500006],[80.32381640900007,7.98452840300007],[80.32434345800004,7.966490246000035],[80.31561051000006,7.956908768000062],[80.30669012400006,7.956765426000061],[80.30686886800004,7.942836770000042],[80.29305129300008,7.938085921000038],[80.29467755400003,7.933710689000065],[80.27514751000007,7.93806100200004],[80.27080131700006,7.954572261000067],[80.26060403500009,7.960974065000073],[80.25616651300004,7.946504790000063],[80.26738080800004,7.935154537000074],[80.28170632100006,7.899211471000058]]]}},{"type":"Feature","properties":{"district":"Anuradhapura","subdivision":"Galenbidunuwewa","centroid_lon":80.70649,"centroid_lat":8.26771,"risk_modifier":0.55,"river_prox":0.0,"coast_prox":1.0,"highland":0.0,"zone":"safe_zone","evac_rank":2,"flood_rank":0},"geometry":{"type":"Polygon","coordinates":[[[80.80535744400004,8.328914285000053],[80.77010914500005,8.327937563000035],[80.76700261600007,8.348359200000061],[80.75149927300004,8.349539251000067],[80.75083198900006,8.333257102000061],[80.74837082200008,8.343606064000028],[80.71318058600008,8.35288102800007],[80.68617690900004,8.326712995000037],[80.68279951800008,8.337446745000022],[80.66216167800007,8.350687768000057],[80.65302732200007,8.32209401800003],[80.63883605300003,8.325141226000028],[80.62693060000004,8.305596838000042],[80.64316250300004,8.28522851200006],[80.64398568100006,8.269090206000044],[80.63286641800005,8.266633622000029],[80.62550409000005,8.250421330000052],[80.59799868600004,8.24703947300003],[80.59827240200008,8.229193593000048],[80.61312112400003,8.21252675200003],[80.60873225100005,8.195498204000046],[80.63975940700004,8.18314696300007],[80.63609004100005,8.164162085000044],[80.65348203200006,8.164228626000067],[80.66046916900007,8.190163855000037],[80.67353668000004,8.195057514000041],[80.67940239700005,8.211391050000032],[80.69208489500005,8.20921855000006],[80.70671788500005,8.193755447000058],[80.72966985300008,8.189738440000042],[80.73275768900004,8.198242745000073],[80.73645825700004,8.19336942800004],[80.74211371600006,8.19894380200003],[80.73189757300008,8.206340175000037],[80.73909639000004,8.216308989000026],[80.74650127800004,8.212891932000048],[80.75058373000007,8.222093710000024],[80.78750049000007,8.230111900000054],[80.80384415300006,8.278637149000076],[80.82079628100007,8.278795306000063],[80.81625806400007,8.30108410500003],[80.80155465200005,8.291850556000043],[80.80708953700008,8.304457398000068],[80.80535744400004,8.328914285000053]]]}},{"type":"Feature","properties":{"district":"Anuradhapura","subdivision":"Galgamuwa","centroid_lon":80.25918,"centroid_lat":8.01872,"risk_modifier":0.55,"river_prox":0.0,"coast_prox":1.0,"highland":0.0,"zone":"moderate","evac_rank":0,"flood_rank":0},"geometry":{"type":"Polygon","coordinates":[[[80.25732397700006,7.955822311000077],[80.26251504400005,7.961736555000073],[80.27080131700006,7.954572261000067],[80.27449151200005,7.938721537000049],[80.29013641800003,7.933000969000034],[80.30686886800004,7.942836770000042],[80.30467719300003,7.954206229000022],[80.31801946100006,7.958440088000032],[80.32644433500008,7.970779703000062],[80.32381640900007,7.98452840300007],[80.32889445800004,7.98802902500006],[80.33939114600008,7.98219195300004],[80.34717558700004,7.987625937000075],[80.33614525100006,7.995992811000065],[80.33741824200007,8.010990377000041],[80.35171321600006,8.008769232000077],[80.34711525400007,8.018717941000034],[80.35245495600003,8.029258268000035],[80.34094677700006,8.043600412000046],[80.36819779800004,8.046865131000061],[80.36308926400005,8.067233636000026],[80.32186312500005,8.098046476000036],[80.31520216000007,8.11355437800006],[80.28972756400003,8.118703878000076],[80.26504124500008,8.11506995800005],[80.25464644100003,8.128142211000068],[80.26605444500007,8.088177576000021],[80.27161362200007,8.085457560000066],[80.26530499800003,8.065413293000063],[80.25833169100008,8.066010922000032],[80.24122163500004,8.049049119000074],[80.23405806100004,8.052216765000026],[80.22580287200003,8.042995465000047],[80.22793543300008,8.033279131000029],[80.21409842700007,8.025801758000057],[80.20611510900005,8.030281012000046],[80.19016421800006,8.023437006000051],[80.18458881200007,8.029243751000024],[80.16463000700008,8.025701256000048],[80.15716406700005,8.046978181000043],[80.14533607400006,8.05155903900004],[80.14144197800005,8.00554279000005],[80.14757659500003,7.99820420900005],[80.13109934800008,7.965080446000059],[80.13894556400004,7.954462899000021],[80.15927962600006,7.957620622000036],[80.16615802700005,7.949001317000068],[80.19093672400004,7.948481073000039],[80.21170564100004,7.956393720000051],[80.21887787100007,7.972373502000039],[80.24672577500007,7.979784772000073],[80.25954545000008,7.967790470000068],[80.25732397700006,7.955822311000077]]]}},{"type":"Feature","properties":{"district":"Anuradhapura","subdivision":"Galnewa","centroid_lon":80.44764,"centroid_lat":8.0191,"risk_modifier":0.55,"river_prox":0.0,"coast_prox":1.0,"highland":0.0,"zone":"moderate","evac_rank":0,"flood_rank":0},"geometry":{"type":"Polygon","coordinates":[[[80.41560312900003,7.949517275000062],[80.43281472600006,7.945819820000054],[80.44645083100005,7.954417346000071],[80.45584019000006,7.94511159800004],[80.47197185500005,7.950822322000022],[80.49162970200007,7.947626891000027],[80.49490110600004,7.982245417000058],[80.50677333500005,7.990222262000032],[80.51388381100008,8.010634344000039],[80.48614447800009,8.051760198000068],[80.46364134300006,8.062396754000076],[80.45850699100004,8.074108807000073],[80.40793127500007,8.088374188000046],[80.39877050700005,8.082779553000023],[80.38147953500004,8.089542512000037],[80.38147658200006,8.08261473400006],[80.37396096200007,8.085595953000052],[80.37375651200006,8.075156388000039],[80.36390567500007,8.07697588000002],[80.35818954400008,8.070015257000023],[80.36843100900006,8.056729576000066],[80.39074805600006,8.047979328000054],[80.40310829800006,8.055954015000054],[80.41770000800005,8.042860828000073],[80.41330856200005,8.006124336000028],[80.42401837300008,7.963590852000038],[80.41560312900003,7.949517275000062]]]}},{"type":"Feature","properties":{"district":"Anuradhapura","subdivision":"Giribawa","centroid_lon":80.18128,"centroid_lat":8.10381,"risk_modifier":0.55,"river_prox":0.0,"coast_prox":1.0,"highland":0.0,"zone":"moderate","evac_rank":0,"flood_rank":0},"geometry":{"type":"Polygon","coordinates":[[[80.25464644100003,8.128142211000068],[80.21073382700007,8.143983649000063],[80.20369411600007,8.15324814500002],[80.18530991200004,8.150945070000034],[80.18173831500008,8.161792226000046],[80.11968053300006,8.180676383000048],[80.09805418400003,8.197682952000036],[80.10239006100005,8.18082454100005],[80.09661871600008,8.167146910000042],[80.10576439200008,8.151536604000057],[80.11293441600003,8.096332683000071],[80.12633537400006,8.07762304800002],[80.15015393400006,8.06819727800007],[80.14533607400006,8.05155903900004],[80.15716406700005,8.046978181000043],[80.16463000700008,8.025701256000048],[80.18458881200007,8.029243751000024],[80.19016421800006,8.023437006000051],[80.20611510900005,8.030281012000046],[80.21409842700007,8.025801758000057],[80.22793543300008,8.033279131000029],[80.22580287200003,8.042995465000047],[80.23405806100004,8.052216765000026],[80.24122163500004,8.049049119000074],[80.25833169100008,8.066010922000032],[80.26530499800003,8.065413293000063],[80.27161362200007,8.085457560000066],[80.26605444500007,8.088177576000021],[80.25464644100003,8.128142211000068]]]}},{"type":"Feature","properties":{"district":"Anuradhapura","subdivision":"Ipalogama","centroid_lon":80.50638,"centroid_lat":8.08477,"risk_modifier":0.6116,"river_prox":0.137,"coast_prox":1.0,"highland":0.0,"zone":"moderate","evac_rank":0,"flood_rank":0},"geometry":{"type":"Polygon","coordinates":[[[80.50583416700005,8.028510976000064],[80.52407303700005,7.993488900000045],[80.53935674600007,7.995064220000074],[80.53486025300003,8.032268654000063],[80.54337575100004,8.025674799000058],[80.54784049200003,8.031518925000057],[80.53116617400008,8.064554500000042],[80.54114158800007,8.070550608000076],[80.56646023100006,8.06356986700007],[80.58069275700007,8.067868296000029],[80.57385602400007,8.09215537800003],[80.56133580700003,8.105917611000052],[80.56069788800005,8.120879455000022],[80.55273533000008,8.121432986000059],[80.54781274700008,8.130338825000024],[80.53052182100004,8.12575892600006],[80.52673438800008,8.14749080300004],[80.51549687200009,8.152509784000074],[80.49760198700005,8.148120025000026],[80.49606798900004,8.139630733000047],[80.46503153000003,8.135366911000062],[80.45858151800007,8.125663303000067],[80.47009329200006,8.116142295000031],[80.43555430800006,8.108874499000024],[80.43237006600003,8.098637204000056],[80.41378149900004,8.097403602000043],[80.40843824000007,8.088162232000059],[80.45913083100004,8.073664331000032],[80.46364134300006,8.062396754000076],[80.48585054300008,8.05202170800004],[80.49419346200006,8.034879172000046],[80.50583416700005,8.028510976000064]]]}},{"type":"Feature","properties":{"district":"Anuradhapura","subdivision":"Kahatagasdigiliya","centroid_lon":80.70988,"centroid_lat":8.42325,"risk_modifier":0.55,"river_prox":0.0,"coast_prox":1.0,"highland":0.0,"zone":"moderate","evac_rank":0,"flood_rank":0},"geometry":{"type":"Polygon","coordinates":[[[80.80535744400004,8.328914285000053],[80.80712089200006,8.348731515000054],[80.82300657100006,8.372657374000028],[80.81316194100003,8.378209606000041],[80.80996971500008,8.390651517000038],[80.78366821800006,8.409686398000076],[80.80295294300004,8.426445967000063],[80.80445794700006,8.44292206700004],[80.79604543300007,8.450911487000042],[80.80420037200008,8.45755540500005],[80.79981630800006,8.485425406000047],[80.77639186100004,8.472875412000064],[80.73448912800006,8.48599407100005],[80.74259649400005,8.514442865000035],[80.71470799500008,8.51859543300003],[80.70455944800005,8.532063501000039],[80.71936249300006,8.567666012000075],[80.71055943400006,8.57171207600004],[80.67436389400007,8.549667591000059],[80.65814481100006,8.553152172000068],[80.66619633200008,8.526550548000046],[80.65759606900008,8.518430468000076],[80.65315048600007,8.499990927000056],[80.67400488900006,8.488255988000049],[80.67679198000008,8.474831459000029],[80.64905593800006,8.451953417000027],[80.61928517000007,8.453354919000049],[80.61980018800006,8.434174565000035],[80.59968354100005,8.422924395000052],[80.59485396100007,8.39952683100006],[80.60221033500005,8.397375017000059],[80.60220044800008,8.380853245000026],[80.62055184700006,8.388989153000068],[80.62909673200005,8.386671877000026],[80.62855494900003,8.367734547000055],[80.61170378400004,8.364197463000039],[80.61487370500004,8.33906679100005],[80.64045041200006,8.339637718000063],[80.65486728000008,8.330329912000025],[80.66005982800004,8.348479783000073],[80.66613499100004,8.351269462000062],[80.68903087700005,8.326571234000028],[80.71318058600008,8.35288102800007],[80.74837082200008,8.343606064000028],[80.75083198900006,8.333257102000061],[80.75149927300004,8.349539251000067],[80.76700261600007,8.348359200000061],[80.77010914500005,8.327937563000035],[80.80535744400004,8.328914285000053]]]}},{"type":"Feature","properties":{"district":"Anuradhapura","subdivision":"Kekirawa","centroid_lon":80.62197,"centroid_lat":8.05916,"risk_modifier":0.55,"river_prox":0.0,"coast_prox":1.0,"highland":0.0,"zone":"moderate","evac_rank":0,"flood_rank":0},"geometry":{"type":"Polygon","coordinates":[[[80.65741796900005,7.958480684000051],[80.65472067400003,7.99008599800004],[80.66678907900007,7.993102056000055],[80.66049600600007,8.002282689000026],[80.66452520100006,8.037519656000029],[80.66044366400007,8.052445478000038],[80.64917609500003,8.063791667000032],[80.66313230700007,8.068546757000036],[80.66290690600005,8.084823079000046],[80.67253343500005,8.093003133000025],[80.66384666900007,8.10929174000006],[80.68976203900007,8.108244042000024],[80.70273547000005,8.120998970000073],[80.72769318100006,8.131418128000064],[80.73448476600004,8.167832374000056],[80.72730336500007,8.17639573300005],[80.72137069000007,8.173207510000054],[80.71520881200007,8.192473698000072],[80.68249496900006,8.211474309000039],[80.65450615500004,8.176950237000028],[80.65303286100004,8.160735939000062],[80.66034783500004,8.154784334000055],[80.65484342200006,8.135193284000025],[80.63839226800008,8.141593765000039],[80.63916783700006,8.120678462000058],[80.62699835700005,8.11062227800005],[80.62085288400004,8.111262780000061],[80.61109431400007,8.12781682700006],[80.59994212700008,8.128306346000045],[80.58568469100004,8.140694676000066],[80.58335225700006,8.175644156000033],[80.54942224600006,8.152632475000075],[80.54765858000007,8.130313842000021],[80.55273533000008,8.121432986000059],[80.56069788800005,8.120879455000022],[80.56133580700003,8.105917611000052],[80.57385602400007,8.09215537800003],[80.58069275700007,8.067868296000029],[80.56646023100006,8.06356986700007],[80.54114158800007,8.070550608000076],[80.53060379600004,8.063071114000024],[80.54784049200003,8.031518925000057],[80.54337575100004,8.025674799000058],[80.53486025300003,8.032268654000063],[80.53685296800006,7.999202960000048],[80.54584079600005,7.987430977000031],[80.55134500800006,7.988638740000056],[80.55285983100003,7.979640430000075],[80.54669181900005,7.97792559100003],[80.55573503000005,7.972340657000075],[80.54208938600004,7.968103338000049],[80.56300090300005,7.946462894000035],[80.58204978600008,7.949137676000021],[80.58629889400004,7.957969803000026],[80.59034236700006,7.935633134000057],[80.59685050000007,7.935828901000036],[80.59479097200006,7.929760458000032],[80.60920280400006,7.940055243000074],[80.63018622200008,7.899950751000063],[80.65186462900004,7.913509723000061],[80.65061145700008,7.943475351000075],[80.65741796900005,7.958480684000051]]]}},{"type":"Feature","properties":{"district":"Anuradhapura","subdivision":"Mahawilachchiya","centroid_lon":80.17815,"centroid_lat":8.53882,"risk_modifier":0.55,"river_prox":0.0,"coast_prox":1.0,"highland":0.0,"zone":"moderate","evac_rank":0,"flood_rank":0},"geometry":{"type":"Polygon","coordinates":[[[80.23314524300008,8.68018255100003],[80.11282731400007,8.649372495000023],[80.07735012600006,8.654219158000046],[80.04192437900008,8.674416220000069],[80.05385658600005,8.639157940000075],[80.05039886600008,8.522047943000075],[80.09101039300003,8.493299398000033],[80.12480981400006,8.494647061000023],[80.12704375300007,8.437823483000045],[80.15521071300003,8.43985146500006],[80.15548786500005,8.422779110000022],[80.17083968500003,8.388908351000055],[80.18667646300008,8.391054230000066],[80.21208015500008,8.382687150000038],[80.23181119700007,8.413707381000052],[80.24625031100004,8.40750224900006],[80.26096800500005,8.384168852000073],[80.27325310500004,8.389362148000032],[80.28137594300006,8.404806396000026],[80.29246842100008,8.409848159000035],[80.27567108900007,8.425113525000029],[80.28807894700003,8.438663202000043],[80.27414618300008,8.456996435000065],[80.30370047900004,8.503468274000056],[80.28170301200004,8.523380102000033],[80.28587207800007,8.560399099000051],[80.27252680600003,8.609507471000029],[80.25660806300004,8.61782813000002],[80.24770459700005,8.614930671000025],[80.23406088200005,8.628657015000044],[80.23314524300008,8.68018255100003]]]}},{"type":"Feature","properties":{"district":"Anuradhapura","subdivision":"Mihinthale","centroid_lon":80.54266,"centroid_lat":8.34865,"risk_modifier":0.7082,"river_prox":0.352,"coast_prox":1.0,"highland":0.0,"zone":"moderate","evac_rank":0,"flood_rank":0},"geometry":{"type":"Polygon","coordinates":[[[80.65486728000008,8.330329912000025],[80.64045041200006,8.339637718000063],[80.61487370500004,8.33906679100005],[80.61170378400004,8.364197463000039],[80.62855494900003,8.367734547000055],[80.62602699500007,8.388709921000043],[80.60220044800008,8.380853245000026],[80.60210764600004,8.397442187000024],[80.55586152700005,8.395079881000072],[80.54839462000007,8.403524588000039],[80.54509424200006,8.396925710000062],[80.54280759000005,8.406133829000055],[80.53656336200004,8.395240374000025],[80.52107716400008,8.422886603000052],[80.50847084500003,8.417699120000066],[80.48967486700008,8.43298479200007],[80.48410339200007,8.429663579000021],[80.48335911600003,8.414873741000065],[80.47248442800003,8.41228964000004],[80.47172427800007,8.403020828000024],[80.45727639800003,8.401110510000024],[80.46098171900007,8.390917426000044],[80.44915726100004,8.363574194000023],[80.43921688600005,8.366392536000035],[80.42906679700008,8.359421461000068],[80.43157677700003,8.34991352000003],[80.43883669500008,8.35180082100004],[80.44245495000007,8.345702508000045],[80.44240807900007,8.337118854000039],[80.43133091900006,8.340182880000043],[80.43334438500005,8.336097900000027],[80.45433141500007,8.335046999000042],[80.46612918900007,8.342840248000073],[80.49295121700004,8.33978103000004],[80.49901939100005,8.332516215000055],[80.49846039700003,8.287281114000052],[80.50810231500003,8.287778251000077],[80.51869812900003,8.278720715000077],[80.52643499300007,8.291058470000053],[80.57393000600007,8.269884417000071],[80.57400699600004,8.288620241000046],[80.58455659400005,8.29389171400004],[80.58755792700003,8.286632695000037],[80.61223796100006,8.283450972000026],[80.62037504600005,8.29157189800003],[80.61899989800008,8.306876857000077],[80.62685764900004,8.30307361000007],[80.63883605300003,8.325141226000028],[80.65302732200007,8.32209401800003],[80.65486728000008,8.330329912000025]]]}},{"type":"Feature","properties":{"district":"Anuradhapura","subdivision":"Nachchaduwa","centroid_lon":80.41984,"centroid_lat":8.25312,"risk_modifier":0.95,"river_prox":0.984,"coast_prox":1.0,"highland":0.0,"zone":"flood_zone","evac_rank":0,"flood_rank":1},"geometry":{"type":"Polygon","coordinates":[[[80.37939239700006,8.310847404000071],[80.34934455100006,8.315731061000065],[80.33302469200004,8.30307895900006],[80.33550740300007,8.297663552000074],[80.35320898100008,8.297482202000026],[80.35952902900004,8.282845836000035],[80.35220803800007,8.28041696300005],[80.35618584100007,8.266394153000022],[80.36590454900005,8.25722778900007],[80.39529891500007,8.258372701000042],[80.37525955800004,8.233233213000062],[80.38569004800007,8.230647583000064],[80.38015674600007,8.22165104100003],[80.39670182700007,8.220391237000058],[80.40433656800008,8.207891261000043],[80.40591792500004,8.186860042000035],[80.39842755300003,8.176373669000043],[80.40051250100004,8.167295069000033],[80.41576731200007,8.198146825000038],[80.42768488300004,8.209220764000065],[80.42899898000007,8.20205099900005],[80.43286123000007,8.200849993000077],[80.43342025500004,8.210548467000024],[80.44621323900003,8.226300283000057],[80.46930366100008,8.204334567000046],[80.49070600900006,8.225209810000024],[80.48786449400006,8.242849837000051],[80.49677644400003,8.235145230000057],[80.50000545100005,8.242091566000056],[80.51059867400005,8.232691745000068],[80.51720676300005,8.239651881000043],[80.50793192700007,8.252842183000041],[80.49932367000008,8.25076858500006],[80.49684675300006,8.259108689000072],[80.48617517900004,8.25166198100004],[80.49155157300004,8.271323488000064],[80.45247078600005,8.26171344100004],[80.43459268900006,8.267225463000045],[80.43090230200005,8.273921339000026],[80.41981152000005,8.27254967400006],[80.41509141000006,8.285482331000026],[80.39210629900003,8.29882550800005],[80.38873066400004,8.313902552000059],[80.37939239700006,8.310847404000071]]]}},{"type":"Feature","properties":{"district":"Anuradhapura","subdivision":"Nochchiyagama","centroid_lon":80.12241,"centroid_lat":8.33225,"risk_modifier":0.9195,"river_prox":0.821,"coast_prox":1.0,"highland":0.0,"zone":"flood_zone","evac_rank":0,"flood_rank":2},"geometry":{"type":"Polygon","coordinates":[[[80.07651998700004,8.223121007000032],[80.08314705900005,8.232711785000049],[80.10237139100008,8.226756794000039],[80.12314293800006,8.23612262100005],[80.11196053800006,8.226312823000058],[80.12421370100003,8.21972923800007],[80.13722828300007,8.233350338000037],[80.12843721500008,8.237302890000024],[80.13971495800007,8.248520542000051],[80.14033246400004,8.237173294000058],[80.16790037200008,8.227804204000051],[80.17525523300003,8.210082653000029],[80.16969815800007,8.206071973000064],[80.18053116700008,8.19264186600003],[80.20075384700004,8.206457858000022],[80.21628884500007,8.184831982000048],[80.22273654200006,8.188792931000023],[80.22075132300006,8.17823687300006],[80.23378717600008,8.182646556000066],[80.24712298800006,8.176535499000067],[80.26145883600003,8.180317715000058],[80.26802335100007,8.198252087000071],[80.30270127000006,8.210682146000067],[80.30647433000007,8.213552884000023],[80.30997818400004,8.22066318100002],[80.30445194100008,8.21368805800006],[80.29453620600003,8.218822141000032],[80.29575432900003,8.225456128000076],[80.28555451600005,8.222106212000028],[80.28122940000003,8.237780539000028],[80.28698617900005,8.24606321400006],[80.27940694300008,8.26194176100006],[80.29356931700005,8.292050275000065],[80.28522772000008,8.290911595000068],[80.27900274400008,8.330203271000073],[80.27210351000008,8.33302777700004],[80.26749773600005,8.357150002000026],[80.27371890200004,8.366393089000042],[80.26959300800007,8.365593276000027],[80.26842191800006,8.383155792000025],[80.26070480200008,8.384418151000034],[80.24625031100004,8.40750224900006],[80.22814324000007,8.412092975000064],[80.21938671900006,8.387088834000053],[80.21208015500008,8.382687150000038],[80.18667646300008,8.391054230000066],[80.17083968500003,8.388908351000055],[80.15548786500005,8.422779110000022],[80.15521071300003,8.43985146500006],[80.12704375300007,8.437823483000045],[80.12480981400006,8.494647061000023],[80.09101039300003,8.493299398000033],[80.04971720300006,8.524916953000059],[80.03089061700007,8.526174596000033],[80.04105334900004,8.498764730000062],[80.03018634800003,8.46606450400003],[80.01311642700006,8.439903523000055],[79.98683289600007,8.421685799000045],[79.98919371200003,8.415564313000061],[79.97915818700005,8.39933770600004],[79.95326498900005,8.394736142000056],[79.94967687800005,8.369585886000038],[79.97269888200003,8.338113161000024],[79.98048700900006,8.277469968000048],[79.99429703500005,8.25350059300007],[79.99790978700008,8.227548869000032],[80.02153832900007,8.224475633000054],[80.03527694400003,8.236271049000038],[80.06095713500008,8.218947101000026],[80.07651998700004,8.223121007000032]]]}},{"type":"Feature","properties":{"district":"Anuradhapura","subdivision":"Nuwaragam Palatha Central","centroid_lon":80.34971,"centroid_lat":8.41516,"risk_modifier":0.6307,"river_prox":0.179,"coast_prox":1.0,"highland":0.0,"zone":"moderate","evac_rank":0,"flood_rank":0},"geometry":{"type":"Polygon","coordinates":[[[80.26419343700007,8.38610729100003],[80.26959300800007,8.365593276000027],[80.27371890200004,8.366393089000042],[80.26763460400008,8.355770522000057],[80.27210351000008,8.33302777700004],[80.27900274400008,8.330203271000073],[80.28522772000008,8.290911595000068],[80.29848903500005,8.295613281000044],[80.31314459700008,8.292165870000076],[80.34004699200005,8.275515623000047],[80.35874656900006,8.286603662000061],[80.35287351000005,8.297822799000073],[80.33550740300007,8.297663552000074],[80.33361551200005,8.304881995000073],[80.36623209900006,8.325180499000055],[80.36915585800006,8.335261284000069],[80.37225345700006,8.31526739800006],[80.38873066400004,8.313902552000059],[80.40695700900005,8.351717075000067],[80.42961270700005,8.353717952000068],[80.43918874100007,8.366386],[80.44743622900006,8.361918900000035],[80.46098171900007,8.390917426000044],[80.44849739600005,8.44109671900003],[80.42885172600006,8.450213632000043],[80.40812269200006,8.447216547000039],[80.40249820200006,8.464608852000026],[80.39680357000003,8.465580738000028],[80.39394117400008,8.521327703000054],[80.37922498900008,8.519819791000032],[80.34048354900006,8.547191940000062],[80.31497473500008,8.547882948000051],[80.29212493900008,8.560945831000026],[80.28081178300005,8.549725114000069],[80.28124999100004,8.524921211000049],[80.30370047900004,8.503468274000056],[80.27414618300008,8.456996435000065],[80.28807894700003,8.438663202000043],[80.27567108900007,8.425113525000029],[80.29246842100008,8.409848159000035],[80.26419343700007,8.38610729100003]]]}},{"type":"Feature","properties":{"district":"Anuradhapura","subdivision":"Nuwaragam Palatha East","centroid_lon":80.44361,"centroid_lat":8.30865,"risk_modifier":0.8593,"river_prox":0.687,"coast_prox":1.0,"highland":0.0,"zone":"moderate","evac_rank":0,"flood_rank":0},"geometry":{"type":"MultiPolygon","coordinates":[[[[80.37232189000008,8.31591654400006],[80.36915585800006,8.335261284000069],[80.36623209900006,8.325180499000055],[80.34934455100006,8.315731061000065],[80.37232189000008,8.31591654400006]]],[[[80.42961270700005,8.353717952000068],[80.40695700900005,8.351717075000067],[80.38896977000007,8.321725818000061],[80.39210629900003,8.29882550800005],[80.41509141000006,8.285482331000026],[80.41981152000005,8.27254967400006],[80.43090230200005,8.273921339000026],[80.45081653100004,8.261884406000036],[80.48576504500005,8.272515115000033],[80.49839615100007,8.28434700400004],[80.49901939100005,8.332516215000055],[80.49295121700004,8.33978103000004],[80.46612918900007,8.342840248000073],[80.45433141500007,8.335046999000042],[80.43334438500005,8.336097900000027],[80.43133091900006,8.340182880000043],[80.44240807900007,8.337118854000039],[80.44245495000007,8.345702508000045],[80.42961270700005,8.353717952000068]]]]}},{"type":"Feature","properties":{"district":"Anuradhapura","subdivision":"Palagala","centroid_lon":80.53543,"centroid_lat":7.90526,"risk_modifier":0.55,"river_prox":0.0,"coast_prox":1.0,"highland":0.0,"zone":"moderate","evac_rank":0,"flood_rank":0},"geometry":{"type":"Polygon","coordinates":[[[80.63618801600006,7.888147037000067],[80.60920280400006,7.940055243000074],[80.59479097200006,7.929760458000032],[80.59744579600004,7.934946205000074],[80.59034236700006,7.935633134000057],[80.58532601900004,7.946761520000052],[80.58629889400004,7.957969803000026],[80.58204978600008,7.949137676000021],[80.56300090300005,7.946462894000035],[80.54208938600004,7.968103338000049],[80.55516287800003,7.970739152000021],[80.54668408900005,7.977958866000051],[80.55285983100003,7.979640430000075],[80.55132686500008,7.988661923000052],[80.54584079600005,7.987430977000031],[80.54223615100005,7.994659316000025],[80.52407303700005,7.993488900000045],[80.51481936800008,8.005197665000026],[80.49490110600004,7.982245417000058],[80.49206045300008,7.948034371000062],[80.45837495100005,7.946544901000038],[80.46251819400004,7.909215871000072],[80.47780997900009,7.880693145000066],[80.46676072700006,7.84976683800005],[80.47654541400004,7.841853645000072],[80.48177785900003,7.823178212000073],[80.48999524400006,7.819014356000025],[80.49949933200008,7.816842836000035],[80.50009719600007,7.82680457500004],[80.52402090300006,7.826807506000023],[80.56171381100006,7.848428553000076],[80.57231589300005,7.868826840000054],[80.58873610200004,7.867114209000022],[80.59834849900005,7.855220748000022],[80.61201321400006,7.860319428000025],[80.62150539100008,7.869777326000076],[80.62111668400007,7.883562120000022],[80.63618801600006,7.888147037000067]]]}},{"type":"Feature","properties":{"district":"Anuradhapura","subdivision":"Rajanganaya","centroid_lon":80.17747,"centroid_lat":8.18523,"risk_modifier":0.7406,"river_prox":0.424,"coast_prox":1.0,"highland":0.0,"zone":"moderate","evac_rank":0,"flood_rank":0},"geometry":{"type":"Polygon","coordinates":[[[80.26396764900005,8.11548255300005],[80.27914127800005,8.11946882500007],[80.26625576200007,8.118503456000042],[80.26994972200004,8.124842199000057],[80.25520069500004,8.134027809000031],[80.27206425700007,8.139818568000067],[80.26766575500005,8.13977632600006],[80.27065447400008,8.156004427000028],[80.26283148000005,8.173137478000058],[80.23378717600008,8.182646556000066],[80.22075132300006,8.17823687300006],[80.22273654200006,8.188792931000023],[80.21628884500007,8.184831982000048],[80.20075384700004,8.206457858000022],[80.18053116700008,8.19264186600003],[80.16969815800007,8.206071973000064],[80.17525523300003,8.210082653000029],[80.16790037200008,8.227804204000051],[80.14033246400004,8.237173294000058],[80.13971495800007,8.248520542000051],[80.12843721500008,8.237302890000024],[80.13722828300007,8.233350338000037],[80.12421370100003,8.21972923800007],[80.11196053800006,8.226312823000058],[80.12314293800006,8.23612262100005],[80.10237139100008,8.226756794000039],[80.08314705900005,8.232711785000049],[80.07768200500004,8.226467453000055],[80.08324880500004,8.211406873000044],[80.09362752000004,8.209156359000076],[80.09788241200005,8.197850748000064],[80.11968053300006,8.180676383000048],[80.18173831500008,8.161792226000046],[80.18530991200004,8.150945070000034],[80.20382324900004,8.153203465000047],[80.21168591700007,8.143554296000048],[80.25053895500008,8.13248393200007],[80.26396764900005,8.11548255300005]]]}},{"type":"Feature","properties":{"district":"Anuradhapura","subdivision":"Rambewa","centroid_lon":80.54832,"centroid_lat":8.47516,"risk_modifier":0.55,"river_prox":0.0,"coast_prox":1.0,"highland":0.0,"zone":"moderate","evac_rank":0,"flood_rank":0},"geometry":{"type":"Polygon","coordinates":[[[80.66619633200008,8.526550548000046],[80.63954970100008,8.587171126000044],[80.62419935200006,8.587849082000048],[80.59360259000005,8.549471666000045],[80.59481443700008,8.508708628000022],[80.58476453200007,8.498036553000077],[80.57321996800005,8.500233516000037],[80.56119364000006,8.492437834000043],[80.53996484200007,8.49029222400003],[80.51704676500003,8.509359546000042],[80.49842008500008,8.511179631000061],[80.47469669500003,8.505052870000043],[80.46734300900005,8.49405968000002],[80.45437868300007,8.490452273000074],[80.39394117400008,8.521327703000054],[80.39110800400005,8.50562141000006],[80.40015279900007,8.475953391000075],[80.39643036100006,8.46646153100005],[80.40249820200006,8.464608852000026],[80.40812269200006,8.447216547000039],[80.42885172600006,8.450213632000043],[80.44849739600005,8.44109671900003],[80.45769013900008,8.400749487000041],[80.47172427800007,8.403020828000024],[80.47248442800003,8.41228964000004],[80.48335911600003,8.414873741000065],[80.48410339200007,8.429663579000021],[80.48967486700008,8.43298479200007],[80.50847084500003,8.417699120000066],[80.52107716400008,8.422886603000052],[80.53656336200004,8.395240374000025],[80.54279396700008,8.406134545000043],[80.54509424200006,8.396925710000062],[80.54839462000007,8.403524588000039],[80.55586152700005,8.395079881000072],[80.58968040500008,8.39698585800005],[80.60157660700008,8.416020134000064],[80.59968354100005,8.422924395000052],[80.61980018800006,8.434174565000035],[80.61928517000007,8.453354919000049],[80.64905593800006,8.451953417000027],[80.67679198000008,8.474831459000029],[80.67400488900006,8.488255988000049],[80.65315048600007,8.499990927000056],[80.65759606900008,8.518430468000076],[80.66619633200008,8.526550548000046]]]}},{"type":"Feature","properties":{"district":"Anuradhapura","subdivision":"Thalawa","centroid_lon":80.37857,"centroid_lat":8.18333,"risk_modifier":0.8032,"river_prox":0.563,"coast_prox":1.0,"highland":0.0,"zone":"moderate","evac_rank":0,"flood_rank":0},"geometry":{"type":"Polygon","coordinates":[[[80.39877050700005,8.082779553000023],[80.41378149900004,8.097403602000043],[80.43237006600003,8.098637204000056],[80.43555430800006,8.108874499000024],[80.47009329200006,8.116142295000031],[80.45858151800007,8.125663303000067],[80.46503153000003,8.135366911000062],[80.48930921800007,8.13922224700002],[80.48252046300007,8.144670832000031],[80.45542181500008,8.140642114000059],[80.45480627200004,8.15822275100004],[80.46611449100004,8.16184628800005],[80.45862041000004,8.183760867000046],[80.46996600200004,8.197804001000065],[80.45022113800007,8.201373237000041],[80.44413434100005,8.19521407700006],[80.44518448500008,8.205324929000028],[80.43350500100007,8.210697930000038],[80.43125783500005,8.201078971000072],[80.42752573500007,8.20919314400004],[80.40348248700008,8.179318163000062],[80.40051250100004,8.167295069000033],[80.40433656800008,8.207891261000043],[80.39670182700007,8.220391237000058],[80.38015674600007,8.22165104100003],[80.38569004800007,8.230647583000064],[80.37525955800004,8.233233213000062],[80.39500802300006,8.258765192000055],[80.38068082200004,8.261305881000055],[80.37111383100006,8.253610743000024],[80.35710743100003,8.264628063000032],[80.35220803800007,8.28041696300005],[80.33659006500005,8.275471394000022],[80.31351044500008,8.292045200000075],[80.29563267400005,8.294701084000053],[80.29260327400004,8.283351824000022],[80.28600537500006,8.285168516000056],[80.27940694300008,8.26194176100006],[80.28698617900005,8.24606321400006],[80.28122940000003,8.237780539000028],[80.28555451600005,8.222106212000028],[80.29575432900003,8.225456128000076],[80.29453620600003,8.218822141000032],[80.30451439400008,8.213686865000057],[80.32044953100007,8.227154063000057],[80.34621580600003,8.222684837000031],[80.34275535600005,8.202537595000024],[80.35820431300004,8.177963524000063],[80.35508797800009,8.16814316500006],[80.34590415900004,8.163720797000053],[80.34685432900005,8.156222587000059],[80.34297766800006,8.162024854000038],[80.33293015800007,8.15573962700006],[80.34278146700007,8.141470191000053],[80.33229915100003,8.12221405400004],[80.37632018300008,8.091472219000025],[80.39877050700005,8.082779553000023]]]}},{"type":"Feature","properties":{"district":"Anuradhapura","subdivision":"Thambuththegama","centroid_lon":80.31458,"centroid_lat":8.15527,"risk_modifier":0.7137,"river_prox":0.364,"coast_prox":1.0,"highland":0.0,"zone":"moderate","evac_rank":0,"flood_rank":0},"geometry":{"type":"Polygon","coordinates":[[[80.35967479600004,8.066785025000058],[80.36390567500007,8.07697588000002],[80.37375651200006,8.075156388000039],[80.37414475900005,8.085926838000034],[80.38325599000007,8.084806654000033],[80.33229915100003,8.12221405400004],[80.34278146700007,8.141470191000053],[80.33293015800007,8.15573962700006],[80.34297766800006,8.162024854000038],[80.34685432900005,8.156222587000059],[80.34590415900004,8.163720797000053],[80.35508797800009,8.16814316500006],[80.35820431300004,8.177963524000063],[80.34275535600005,8.202537595000024],[80.34652827800005,8.22245786700006],[80.32044953100007,8.227154063000057],[80.30270127000006,8.210682146000067],[80.26802335100007,8.198252087000071],[80.26209973500005,8.181023133000053],[80.24906341100007,8.17597084700003],[80.26283148000005,8.173137478000058],[80.27065447400008,8.156004427000028],[80.27100338900004,8.135601074000022],[80.25520580600005,8.134005298000034],[80.26994972200004,8.124842199000057],[80.26688132100008,8.118247345000043],[80.31520216000007,8.11355437800006],[80.32186312500005,8.098046476000036],[80.35967479600004,8.066785025000058]]]}},{"type":"Feature","properties":{"district":"Anuradhapura","subdivision":"Thirappane","centroid_lon":80.55481,"centroid_lat":8.20622,"risk_modifier":0.839,"river_prox":0.642,"coast_prox":1.0,"highland":0.0,"zone":"moderate","evac_rank":0,"flood_rank":0},"geometry":{"type":"Polygon","coordinates":[[[80.64316250300004,8.28522851200006],[80.61899989800008,8.306876857000077],[80.62037504600005,8.29157189800003],[80.60979331900006,8.282222120000029],[80.58755792700003,8.286632695000037],[80.58455659400005,8.29389171400004],[80.57400699600004,8.288620241000046],[80.57393000600007,8.269884417000071],[80.52643499300007,8.291058470000053],[80.51869812900003,8.278720715000077],[80.50810231500003,8.287778251000077],[80.49846039700003,8.287281114000052],[80.48223571100004,8.271519803000047],[80.49241955600007,8.26992584200002],[80.48484319700003,8.255203222000034],[80.48727239100003,8.25101816700004],[80.49684675300006,8.259108689000072],[80.49999305500006,8.250374596000029],[80.50827797400007,8.25259740100006],[80.51717515500007,8.241475700000024],[80.51036751100008,8.237889678000045],[80.51245559400007,8.233204319000038],[80.48790850700004,8.24287283800004],[80.49070600900006,8.225209810000024],[80.46930366100008,8.204334567000046],[80.44621323900003,8.226300283000057],[80.43350500100007,8.210697930000038],[80.44518448500008,8.205324929000028],[80.44413434100005,8.19521407700006],[80.45022113800007,8.201373237000041],[80.46996600200004,8.197804001000065],[80.45862041000004,8.183760867000046],[80.46611449100004,8.16184628800005],[80.45480627200004,8.15822275100004],[80.45624023900007,8.139499298000032],[80.48252046300007,8.144670832000031],[80.49147252700004,8.138435137000045],[80.49760198700005,8.148120025000026],[80.51549687200009,8.152509784000074],[80.52673438800008,8.14749080300004],[80.53052182100004,8.12575892600006],[80.53616101500006,8.125636738000026],[80.54765858000007,8.130313842000021],[80.54783981200006,8.150958484000057],[80.58325281400005,8.175687178000032],[80.58884509400008,8.137216415000069],[80.60505119800007,8.12596364600006],[80.61109431400007,8.12781682700006],[80.62085288400004,8.111262780000061],[80.63802511000006,8.118070043000046],[80.63839226800008,8.141593765000039],[80.65448366600003,8.13488650000005],[80.66034783500004,8.154784334000055],[80.65313767100008,8.164379340000039],[80.63609004100005,8.164162085000044],[80.63955439200004,8.183344982000051],[80.60873225100005,8.195498204000046],[80.61312112400003,8.21252675200003],[80.59813814000006,8.229779030000032],[80.59799868600004,8.24703947300003],[80.62550409000005,8.250421330000052],[80.63286641800005,8.266633622000029],[80.64398568100006,8.269090206000044],[80.64316250300004,8.28522851200006]]]}},{"type":"Feature","properties":{"district":"Badulla","subdivision":"Badulla","centroid_lon":81.08715,"centroid_lat":6.98598,"risk_modifier":0.4298,"river_prox":0.0,"coast_prox":1.0,"highland":0.481,"zone":"moderate","evac_rank":0,"flood_rank":0},"geometry":{"type":"Polygon","coordinates":[[[81.09956025600007,7.016625431000023],[81.05101308900004,7.012257454000064],[81.03708837200008,6.982598660000065],[81.04583522800004,6.979762854000057],[81.05060537900005,6.985043033000068],[81.06864028200005,6.959631926000043],[81.06996834700004,6.972872788000075],[81.07796847100008,6.973204062000036],[81.08682322900006,6.957575334000069],[81.11003575800004,6.944367037000063],[81.12381310900008,6.961420679000071],[81.12728096300003,6.974330620000046],[81.12102213600008,6.98687288800005],[81.12593521300005,6.991033268000024],[81.09956025600007,7.016625431000023]]]}},{"type":"Feature","properties":{"district":"Badulla","subdivision":"Bandarawela","centroid_lon":81.00447,"centroid_lat":6.82936,"risk_modifier":0.4178,"river_prox":0.0,"coast_prox":1.0,"highland":0.529,"zone":"moderate","evac_rank":0,"flood_rank":0},"geometry":{"type":"Polygon","coordinates":[[[81.00325362600006,6.874269046000052],[80.98263452200007,6.865126805000045],[80.95722394500007,6.876957896000022],[80.94986741800005,6.873880061000023],[80.94615197300004,6.844625848000021],[80.95196132800004,6.834019856000054],[80.96423682900007,6.826966865000031],[80.97035444800008,6.838364614000056],[80.98457407800004,6.847338189000027],[80.98974773300006,6.845890902000065],[80.97863758500006,6.837464312000066],[80.98013520800004,6.825094944000057],[80.97425605900008,6.82348900900007],[80.97077119200003,6.809477983000022],[80.98192230400008,6.78983508400006],[80.99850840200008,6.796747646000028],[81.00545399800006,6.79259872800003],[81.01502861500006,6.804551205000053],[81.01999367200006,6.793314844000065],[81.04257824900003,6.790212616000076],[81.05545382800005,6.807222685000056],[81.07609230600008,6.813726925000026],[81.05467159200003,6.838556640000036],[81.03622257000006,6.845467087000031],[81.00042787600006,6.835347930000069],[81.00635882400007,6.848178865000023],[81.00325362600006,6.874269046000052]]]}},{"type":"Feature","properties":{"district":"Badulla","subdivision":"Bibile","centroid_lon":81.29093,"centroid_lat":7.18736,"risk_modifier":0.5202,"river_prox":0.0,"coast_prox":1.0,"highland":0.119,"zone":"flood_zone","evac_rank":0,"flood_rank":1},"geometry":{"type":"Polygon","coordinates":[[[81.37544782400005,7.09438719000002],[81.38516098700006,7.104795655000032],[81.41433337700005,7.114504397000076],[81.43010881400005,7.167510757000059],[81.44469303100004,7.187676287000045],[81.43387662100008,7.196486561000029],[81.41858341900007,7.189250357000049],[81.39272033800006,7.208728038000061],[81.38079087900007,7.259046395000041],[81.36689158600007,7.265583344000049],[81.36998031500008,7.291039247000072],[81.34782611600008,7.314755514000069],[81.36719213900005,7.327551424000035],[81.35804192900008,7.33961077500004],[81.32961807700008,7.333575172000053],[81.31865308800008,7.337893613000062],[81.31420004400007,7.316427472000044],[81.32255264100007,7.298023459000035],[81.31516374400007,7.277845196000044],[81.31952543200003,7.26485238600003],[81.28349932200007,7.241934049000065],[81.28504777200004,7.249337895000053],[81.27526479700003,7.256689106000067],[81.27797359900006,7.262191298000062],[81.26884005800008,7.277644778000024],[81.22806852400004,7.268950080000025],[81.23394949000004,7.23918946200007],[81.20346730900008,7.201760694000029],[81.18546301500004,7.191555491000031],[81.18358401500006,7.174024182000039],[81.16180018900008,7.172903265000059],[81.14752469900003,7.195976183000028],[81.11987623700008,7.162677549000023],[81.12468586700004,7.141986290000034],[81.13834549000006,7.135706968000022],[81.15714347200003,7.112427511000021],[81.16628252500004,7.082692571000052],[81.18464379000005,7.085305708000021],[81.18868961900006,7.094404143000077],[81.21058462900004,7.09610964500007],[81.21513221900005,7.080115085000045],[81.22633569500005,7.08374854300007],[81.23436183700005,7.098242106000043],[81.23222277700006,7.109737707000022],[81.24747818800006,7.114362328000027],[81.24791181300003,7.135096311000041],[81.25221240000008,7.137648477000027],[81.25759333800005,7.128386573000057],[81.26842686900005,7.139515238000058],[81.33359360600008,7.15519623800003],[81.33490807800007,7.143245643000057],[81.34381270500006,7.137452333000056],[81.33840138000005,7.130557214000021],[81.34447273000006,7.105255140000054],[81.36362485500007,7.093790154000033],[81.37544782400005,7.09438719000002]]]}},{"type":"Feature","properties":{"district":"Badulla","subdivision":"Ella","centroid_lon":81.06427,"centroid_lat":6.86744,"risk_modifier":0.4312,"river_prox":0.0,"coast_prox":1.0,"highland":0.475,"zone":"moderate","evac_rank":0,"flood_rank":0},"geometry":{"type":"Polygon","coordinates":[[[81.12425485500006,6.878927457000032],[81.11107242000008,6.876311910000027],[81.10770383100004,6.910309973000039],[81.09009341000007,6.906992659000025],[81.07703373500004,6.914515347000076],[81.04944025200007,6.913172110000062],[81.04445433800004,6.905549445000077],[81.02582201500007,6.911321063000059],[80.99503333100006,6.888316753000026],[81.00610464400006,6.859614891000035],[81.00042787600006,6.835347930000069],[81.03622257000006,6.845467087000031],[81.05467159200003,6.838556640000036],[81.08751667200005,6.807489743000076],[81.09685251800005,6.811423182000055],[81.09489868400004,6.827775799000051],[81.11361094600005,6.82737220000007],[81.13535319600004,6.838014275000035],[81.10901051200005,6.863816461000056],[81.12425485500006,6.878927457000032]]]}},{"type":"Feature","properties":{"district":"Badulla","subdivision":"Hali-Ela","centroid_lon":81.01811,"centroid_lat":6.94484,"risk_modifier":0.4053,"river_prox":0.0,"coast_prox":1.0,"highland":0.579,"zone":"safe_zone","evac_rank":2,"flood_rank":0},"geometry":{"type":"Polygon","coordinates":[[[81.04418015000005,7.000571384000068],[81.02249072800004,6.998434558000042],[81.00385325800005,7.02756209100005],[80.97037590400004,7.02003817800005],[80.96416605700006,7.05399632700005],[80.95978643400008,7.021858599000041],[80.96638910700005,7.007188883000026],[80.97552491300007,7.007155244000046],[80.98424602200004,6.996028903000024],[80.98188233300004,6.980333090000045],[80.98667791900004,6.976966463000053],[80.96469528900008,6.963263893000033],[80.94824751700008,6.928155134000065],[80.95676198700005,6.923420879000048],[80.95089053700008,6.876031324000053],[80.98300496000007,6.865156643000034],[81.00325362600006,6.874269046000052],[80.99670430600008,6.892354842000032],[81.02582201500007,6.911321063000059],[81.04560746300007,6.905602560000034],[81.04944025200007,6.913172110000062],[81.07703373500004,6.914515347000076],[81.09009341000007,6.906992659000025],[81.11305744000003,6.911872221000067],[81.12222682500004,6.922472176000042],[81.11066560400008,6.944608370000026],[81.08682322900006,6.957575334000069],[81.07796847100008,6.973204062000036],[81.06996834700004,6.972872788000075],[81.06864028200005,6.959631926000043],[81.05060537900005,6.985043033000068],[81.04583522800004,6.979762854000057],[81.03734024000005,6.982102003000023],[81.04418015000005,7.000571384000068]]]}},{"type":"Feature","properties":{"district":"Badulla","subdivision":"Haputale","centroid_lon":80.96023,"centroid_lat":6.79142,"risk_modifier":0.5061,"river_prox":0.205,"coast_prox":1.0,"highland":0.544,"zone":"moderate","evac_rank":0,"flood_rank":0},"geometry":{"type":"Polygon","coordinates":[[[80.94615197300004,6.844625848000021],[80.92084768300003,6.805746537000061],[80.90038531500005,6.790529209000056],[80.90947162500004,6.785764981000057],[80.90786533600004,6.777242389000037],[80.95116266500008,6.763063],[80.94396184200008,6.753684484000075],[80.95849608900005,6.754895973000032],[80.95830427800007,6.749184663000051],[80.97091914500004,6.751440208000076],[80.99297974200005,6.768605681000054],[81.02172404100008,6.77653794500003],[81.02736052000006,6.790565823000065],[81.01551050300003,6.804429135000021],[81.00545399800006,6.79259872800003],[80.99850840200008,6.796747646000028],[80.98192230400008,6.78983508400006],[80.97364975100004,6.799341813000069],[80.97077119200003,6.809477983000022],[80.97425605900008,6.82348900900007],[80.98013520800004,6.825094944000057],[80.97857831300007,6.837345586000026],[80.98974773300006,6.845890902000065],[80.97035444800008,6.838364614000056],[80.96423682900007,6.826966865000031],[80.94615197300004,6.844625848000021]]]}},{"type":"Feature","properties":{"district":"Badulla","subdivision":"Kandeketiya","centroid_lon":80.99156,"centroid_lat":7.12855,"risk_modifier":0.4052,"river_prox":0.0,"coast_prox":1.0,"highland":0.579,"zone":"safe_zone","evac_rank":1,"flood_rank":0},"geometry":{"type":"Polygon","coordinates":[[[81.00385325800005,7.02756209100005],[81.00724716000008,7.045818111000074],[81.00092824800004,7.047638774000063],[80.99722412100004,7.060433903000046],[81.01777427200005,7.088264406000064],[81.03259711500004,7.087379958000042],[81.02990742900005,7.123996207000062],[81.03775559500008,7.13409620300007],[81.03358025900008,7.141178657000069],[81.03865861900005,7.176859187000048],[81.02715567700005,7.184281112000065],[81.02428614700005,7.210605355000041],[81.00941448300006,7.221819268000047],[80.99816684100006,7.213204278000035],[80.97917073700006,7.212822424000024],[80.97023530100006,7.196815369000035],[80.94086855700004,7.196372499000063],[80.96069985000008,7.158671290000029],[80.96065483500007,7.142169164000052],[80.95088391800005,7.145676128000048],[80.94771891700003,7.138929636000057],[80.94895882500003,7.129379498000048],[80.96416729600008,7.120872378000058],[80.94948775700004,7.101137276000031],[80.95077424900006,7.089552482000045],[80.96277785500007,7.079095962000054],[80.95399686200005,7.070835858000066],[80.95581171200007,7.062419175000059],[80.96504684800004,7.060990939000021],[80.97020135200006,7.020426499000052],[80.98765104300008,7.019897544000059],[81.00385325800005,7.02756209100005]]]}},{"type":"Feature","properties":{"district":"Badulla","subdivision":"Lunugala","centroid_lon":81.18577,"centroid_lat":7.03778,"risk_modifier":0.4682,"river_prox":0.0,"coast_prox":1.0,"highland":0.327,"zone":"moderate","evac_rank":0,"flood_rank":0},"geometry":{"type":"Polygon","coordinates":[[[81.23168093000004,6.964484945000038],[81.22896661100003,6.98967205100007],[81.23489106800008,6.990998129000047],[81.24313808500006,7.022105562000036],[81.24120379700008,7.047004694000066],[81.22744423200004,7.083683802000053],[81.21513221900005,7.080115085000045],[81.21058462900004,7.09610964500007],[81.18868961900006,7.094404143000077],[81.18464379000005,7.085305708000021],[81.16628252500004,7.082692571000052],[81.15936723700008,7.102491202000067],[81.14896794400005,7.105690210000034],[81.13067028900008,7.087142759000074],[81.11950380400003,7.091701270000044],[81.10284785200008,7.08703543200005],[81.12007607600003,7.062306683000031],[81.12299779400007,7.03910316300005],[81.15088662400007,7.032786711000028],[81.15907332500007,7.013351812000053],[81.15535007800008,7.005239334000066],[81.16340856600004,7.003640035000046],[81.17085928800003,7.014430852000032],[81.17792577200004,7.011066951000032],[81.17250351500007,7.002128093000067],[81.18795582600006,6.973368784000058],[81.17830065900006,6.976748788000066],[81.18093125200005,6.957082023000055],[81.18394058000007,6.965445526000053],[81.19302129500005,6.957450778000066],[81.21738049900006,6.955508164000037],[81.22013832200008,6.964285827000026],[81.23168093000004,6.964484945000038]]]}},{"type":"Feature","properties":{"district":"Badulla","subdivision":"Mahiyanganaya","centroid_lon":81.08118,"centroid_lat":7.43679,"risk_modifier":0.5108,"river_prox":0.0,"coast_prox":1.0,"highland":0.157,"zone":"flood_zone","evac_rank":0,"flood_rank":2},"geometry":{"type":"Polygon","coordinates":[[[80.97752495600008,7.621320383000068],[80.96945356200007,7.568833893000033],[80.97193940800008,7.427504789000068],[80.96687489900006,7.413270041000033],[80.97947865000003,7.395867981000038],[80.97444078700005,7.362505183000053],[81.01435336100008,7.234545929000035],[81.00941448300006,7.221819268000047],[81.01826131200005,7.215015768000058],[81.03026516600005,7.221332509000035],[81.03091713800006,7.231206083000075],[81.05137869600009,7.252809943000045],[81.05138732600005,7.270031707000044],[81.05919963900004,7.283678548000069],[81.04047675900006,7.298419885000044],[81.04444146300006,7.304055481000034],[81.02888203100008,7.315221465000036],[81.02384649800007,7.332278075000033],[81.03494762000008,7.343382059000021],[81.03133673500008,7.359268922000069],[81.04630333600005,7.410622735000061],[81.05768183000004,7.408794145000059],[81.06765086300004,7.387597919000029],[81.06815024800005,7.381969264000077],[81.05633120600004,7.375256480000075],[81.06124522700003,7.368154878000041],[81.08935496900006,7.381258978000062],[81.11848206300004,7.370204583000032],[81.12896644200003,7.358330787000057],[81.15092417900007,7.37950604100007],[81.17563002900005,7.371873683000047],[81.18770646100006,7.344667623000021],[81.17355446700003,7.32052574100004],[81.17849981700004,7.299094229000048],[81.17416662700003,7.28026195700005],[81.17969704100005,7.271946344000071],[81.20599604900008,7.288912377000031],[81.20452987500005,7.303745251000066],[81.22148771100007,7.309471931000076],[81.22206520500004,7.330458927000052],[81.19265616200005,7.375832873000036],[81.20030032200003,7.391100774000051],[81.18673175400005,7.438216820000036],[81.18106789000007,7.441782461000059],[81.19724748200008,7.469331348000026],[81.19701477000007,7.498090527000045],[81.20542873900007,7.516853454000056],[81.20342805000007,7.556088756000065],[81.18669430000006,7.572782936000067],[81.15931464000005,7.566984534000028],[81.11974965400003,7.550476747000062],[81.07586349400003,7.510628153000027],[81.03838713500005,7.504136424000023],[81.02697455500004,7.536044674000038],[81.01236632600006,7.551036769000063],[81.01237148300004,7.593672477000041],[80.98394342800003,7.609361012000022],[80.97752495600008,7.621320383000068]]]}},{"type":"Feature","properties":{"district":"Badulla","subdivision":"Meegahakiula","centroid_lon":81.08037,"centroid_lat":7.12547,"risk_modifier":0.4359,"river_prox":0.0,"coast_prox":1.0,"highland":0.456,"zone":"moderate","evac_rank":0,"flood_rank":0},"geometry":{"type":"Polygon","coordinates":[[[81.11969369400003,7.159668348000025],[81.10825435300006,7.150663508000036],[81.09161789400008,7.157169838000073],[81.07745389400003,7.15037497000003],[81.06279152500008,7.171598671000027],[81.05523124800004,7.172392482000021],[81.03778786200007,7.20609818500003],[81.02586639100008,7.215349294000021],[81.01416943200007,7.215756424000062],[81.02428614700005,7.210605355000041],[81.02715567700005,7.184281112000065],[81.03871448600006,7.17657880400003],[81.03358025900008,7.141178657000069],[81.03775559500008,7.13409620300007],[81.02987205500006,7.123510875000022],[81.03253728600004,7.084592911000072],[81.04573232000007,7.089764590000073],[81.04950393700005,7.076646999000047],[81.06475479800008,7.085870527000054],[81.09042331900008,7.064850880000051],[81.09089177400006,7.072506176000047],[81.10550157800003,7.075770401000057],[81.10284785200008,7.08703543200005],[81.11950380400003,7.091701270000044],[81.13067028900008,7.087142759000074],[81.14894861000005,7.105684672000052],[81.15936723700008,7.102491202000067],[81.13834549000006,7.135706968000022],[81.12468586700004,7.141986290000034],[81.11969369400003,7.159668348000025]]]}},{"type":"Feature","properties":{"district":"Badulla","subdivision":"Passara","centroid_lon":81.1458,"centroid_lat":6.96455,"risk_modifier":0.4528,"river_prox":0.0,"coast_prox":1.0,"highland":0.389,"zone":"moderate","evac_rank":0,"flood_rank":0},"geometry":{"type":"Polygon","coordinates":[[[81.21738049900006,6.955508164000037],[81.19302129500005,6.957450778000066],[81.18471305600008,6.965505389000043],[81.18093125200005,6.957082023000055],[81.17830065900006,6.976748788000066],[81.18795582600006,6.973368784000058],[81.17250351500007,7.002128093000067],[81.17792577200004,7.011066951000032],[81.17013748600004,7.014198020000038],[81.16519418300004,7.004912563000062],[81.15666571700007,7.004123888000038],[81.15907332500007,7.013351812000053],[81.15081753000004,7.032873044000041],[81.12314617300007,7.038940342000046],[81.12007607600003,7.062306683000031],[81.10524985300003,7.076818075000062],[81.09089177400006,7.072506176000047],[81.10274972400003,7.034143678000021],[81.09956025600007,7.016625431000023],[81.12593521300005,6.991033268000024],[81.12102213600008,6.98687288800005],[81.12728096300003,6.974330620000046],[81.12453095400008,6.963532844000042],[81.11066560400008,6.944608370000026],[81.12222682500004,6.922472176000042],[81.10637321500008,6.908070472000077],[81.11107242000008,6.876311910000027],[81.15504009200004,6.888653329000022],[81.16510518400008,6.900826701000028],[81.17520468200007,6.902231384000061],[81.17959957200003,6.927699178000069],[81.18511473200005,6.920481107000057],[81.20467281000003,6.92214836100004],[81.19888309100008,6.930536494000023],[81.20524564900006,6.93877399400003],[81.22531951000008,6.94510811400005],[81.21738049900006,6.955508164000037]]]}},{"type":"Feature","properties":{"district":"Badulla","subdivision":"Rideemaliyadda","centroid_lon":81.1267,"centroid_lat":7.27372,"risk_modifier":0.4791,"river_prox":0.0,"coast_prox":1.0,"highland":0.284,"zone":"moderate","evac_rank":0,"flood_rank":0},"geometry":{"type":"Polygon","coordinates":[[[81.26884005800008,7.277644778000024],[81.26538660100005,7.304633430000024],[81.23569482200008,7.342575731000068],[81.22166399300005,7.331258370000057],[81.22148771100007,7.309471931000076],[81.20424257500008,7.303238075000024],[81.20599604900008,7.288912377000031],[81.17969704100005,7.271946344000071],[81.17416662700003,7.28026195700005],[81.17849981700004,7.299094229000048],[81.17355446700003,7.32052574100004],[81.18770646100006,7.344667623000021],[81.17556066300006,7.371942230000059],[81.16741567800005,7.37025820100007],[81.16361642100009,7.377452781000045],[81.15092417900007,7.37950604100007],[81.12896644200003,7.358330787000057],[81.11848206300004,7.370204583000032],[81.08935496900006,7.381258978000062],[81.06124522700003,7.368154878000041],[81.05633120600004,7.375256480000075],[81.06815024800005,7.381969264000077],[81.05768183000004,7.408794145000059],[81.05160677400005,7.412916934000066],[81.04146061600005,7.403803326000059],[81.03133673500008,7.359268922000069],[81.03494762000008,7.343382059000021],[81.02384649800007,7.332278075000033],[81.02888203100008,7.315221465000036],[81.04444146300006,7.304055481000034],[81.04047675900006,7.298419885000044],[81.05919963900004,7.283678548000069],[81.05138732600005,7.270031707000044],[81.05137869600009,7.252809943000045],[81.03091713800006,7.231206083000075],[81.03026516600005,7.221332509000035],[81.01842439800004,7.215759921000028],[81.03857485100008,7.205245416000025],[81.05523124800004,7.172392482000021],[81.06279152500008,7.171598671000027],[81.07745389400003,7.15037497000003],[81.09161789400008,7.157169838000073],[81.10825435300006,7.150663508000036],[81.14752469900003,7.195976183000028],[81.16180018900008,7.172903265000059],[81.18358401500006,7.174024182000039],[81.18546301500004,7.191555491000031],[81.20346730900008,7.201760694000029],[81.23394949000004,7.23918946200007],[81.22806852400004,7.268950080000025],[81.26884005800008,7.277644778000024]]]}},{"type":"Feature","properties":{"district":"Badulla","subdivision":"Soranathota","centroid_lon":81.04792,"centroid_lat":7.04479,"risk_modifier":0.4159,"river_prox":0.0,"coast_prox":1.0,"highland":0.537,"zone":"moderate","evac_rank":0,"flood_rank":0},"geometry":{"type":"Polygon","coordinates":[[[81.09956025600007,7.016625431000023],[81.10274972400003,7.034143678000021],[81.09316204900006,7.062509101000046],[81.06475479800008,7.085870527000054],[81.04950393700005,7.076646999000047],[81.04573232000007,7.089764590000073],[81.03842802800006,7.083507968000049],[81.01777427200005,7.088264406000064],[80.99722412100004,7.060433903000046],[81.00092824800004,7.047638774000063],[81.00724716000008,7.045818111000074],[81.00398215900003,7.022803644000021],[81.02301137200004,6.998093852000068],[81.04453538500007,7.000717713000029],[81.06140941800004,7.016998740000076],[81.07907048600003,7.012239041000043],[81.08409152500008,7.018308349000051],[81.08976427100004,7.013434677000021],[81.09956025600007,7.016625431000023]]]}},{"type":"Feature","properties":{"district":"Batticaloa","subdivision":"Manmunai South & Eruvil Pattu","centroid_lon":81.78868,"centroid_lat":7.52511,"risk_modifier":0.55,"river_prox":0.0,"coast_prox":1.0,"highland":0.0,"zone":"safe_zone","evac_rank":1,"flood_rank":0},"geometry":{"type":"Polygon","coordinates":[[[81.81610996000006,7.459572754000021],[81.786054,7.596048688000053],[81.78383351100007,7.601931337000053],[81.76741495900006,7.597216752000065],[81.76459624900008,7.591489276000061],[81.77875527200007,7.58310446400003],[81.77242772800008,7.578175521000048],[81.77026960100005,7.556067613000039],[81.78115817200006,7.519977580000045],[81.76845695300005,7.508507425000062],[81.76803659700005,7.49665858700007],[81.79350818600005,7.474364960000059],[81.80309793800006,7.498640505000026],[81.80602779200007,7.457932431000074],[81.80282230400007,7.451134435000029],[81.79510997200003,7.458530564000057],[81.79363682600007,7.43946720200006],[81.80328587700006,7.440783798000041],[81.81084815600008,7.460485751000022],[81.81610996000006,7.459572754000021]],[[81.80763379800004,7.476970676000064],[81.80629571200006,7.496412644000031],[81.81443717300004,7.464224892000061],[81.80763379800004,7.476970676000064]]]}},{"type":"Feature","properties":{"district":"Batticaloa","subdivision":"Koralai Pattu West","centroid_lon":81.49132,"centroid_lat":7.91821,"risk_modifier":0.55,"river_prox":0.0,"coast_prox":1.0,"highland":0.0,"zone":"safe_zone","evac_rank":2,"flood_rank":0},"geometry":{"type":"MultiPolygon","coordinates":[[[[81.51150271300008,7.910818094000035],[81.51126089700006,7.912017564000053],[81.51107325500004,7.912111297000024],[81.51150271300008,7.910818094000035]]],[[[81.51482190100006,7.922462224000071],[81.51790930300007,7.907578366000052],[81.51496875100008,7.901462639000044],[81.52721908000007,7.89837923500005],[81.52268920700004,7.900215606000074],[81.52446552200007,7.91756702400005],[81.51482190100006,7.922462224000071]]],[[[81.50793663700006,7.901581245000045],[81.50794056700005,7.902469136000036],[81.50717881400004,7.901818140000046],[81.50793663700006,7.901581245000045]]],[[[81.51523184400008,7.904337951000059],[81.51536123400007,7.903891773000055],[81.51632868700005,7.904871781000054],[81.51523184400008,7.904337951000059]]],[[[81.51594812000008,7.905902069000035],[81.51724266400004,7.906477710000047],[81.51704390500004,7.907251267000049],[81.51594812000008,7.905902069000035]]],[[[81.51627912000004,7.90998770300007],[81.51135722100008,7.912511936000044],[81.51411740500004,7.906916237000075],[81.51627912000004,7.90998770300007]]],[[[81.51213366600007,7.922219927000071],[81.49001550500003,7.943488760000037],[81.46802750100005,7.943552383000053],[81.46804088300007,7.906455372000039],[81.48959817300005,7.893747373000053],[81.50080191900008,7.898748109000053],[81.50686910300004,7.891522973000065],[81.51051992900005,7.895616308000058],[81.50926182700005,7.900400378000029],[81.50540977000009,7.900966627000059],[81.50240279800005,7.905071208000038],[81.50549106000005,7.901185135000048],[81.50735055400008,7.90276695600005],[81.50857332700008,7.902326685000048],[81.50922893600006,7.901083247000031],[81.51278924300004,7.905316509000045],[81.51079396100005,7.911795489000042],[81.51213366600007,7.922219927000071]]]]}},{"type":"Feature","properties":{"district":"Batticaloa","subdivision":"Manmunai South West","centroid_lon":81.65833,"centroid_lat":7.56619,"risk_modifier":0.55,"river_prox":0.0,"coast_prox":1.0,"highland":0.0,"zone":"moderate","evac_rank":0,"flood_rank":0},"geometry":{"type":"MultiPolygon","coordinates":[[[[81.64394317300008,7.522469454000031],[81.64624334800004,7.530586282000058],[81.63666221000005,7.535203100000047],[81.63482669800004,7.546200786000043],[81.66138794000005,7.555585178000058],[81.68117470000004,7.547844136000037],[81.71019973200004,7.561273069000038],[81.71403723700007,7.551689432000046],[81.73174194400008,7.561788356000022],[81.75795409000006,7.565244710000059],[81.76827021600008,7.577279934000046],[81.74758396000004,7.589912500000025],[81.74371384700004,7.598265090000041],[81.75078786000006,7.593708008000021],[81.75289242600007,7.598349970000072],[81.73716234800008,7.624452442000063],[81.72570914800008,7.621048008000059],[81.72851315300005,7.628179887000044],[81.72039053800006,7.647296641000025],[81.70954486000005,7.628230559000031],[81.70276801300008,7.641144456000063],[81.69665031600005,7.63034387600004],[81.69991512800004,7.614143837000029],[81.70519527200008,7.609309038000049],[81.70781740600006,7.605410660000075],[81.70727131900009,7.603008745000068],[81.69785219000005,7.614134297000021],[81.66794346900008,7.610944825000047],[81.65333835600006,7.578421558000059],[81.62803591200003,7.584034564000035],[81.61749197900008,7.576167014000021],[81.59643733800004,7.577959691000046],[81.57528196300007,7.545719586000075],[81.54950742200003,7.543397853000045],[81.54526908700007,7.507528310000055],[81.61636203900008,7.507416417000059],[81.64394317300008,7.522469454000031]]],[[[81.72909284900004,7.633922167000037],[81.73080684900003,7.634969261000037],[81.72967565700003,7.636005572000045],[81.72909284900004,7.633922167000037]]],[[[81.72618348500004,7.636157162000075],[81.72664371600007,7.641329865000046],[81.72549032500007,7.642136635000043],[81.72400693200007,7.640332447000048],[81.72618348500004,7.636157162000075]]]]}},{"type":"Feature","properties":{"district":"Batticaloa","subdivision":"Manmunai Pattu","centroid_lon":81.7515,"centroid_lat":7.63922,"risk_modifier":0.55,"river_prox":0.0,"coast_prox":1.0,"highland":0.0,"zone":"moderate","evac_rank":0,"flood_rank":0},"geometry":{"type":"Polygon","coordinates":[[[81.78383351100007,7.601931337000053],[81.74419826400003,7.677707045000034],[81.72325596100006,7.672636545000046],[81.71876467000004,7.657183254000074],[81.73061311900005,7.637815816000057],[81.74560811600008,7.641127107000045],[81.75019934700003,7.635987079000074],[81.76283404700007,7.595220765000022],[81.78383351100007,7.601931337000053]]]}},{"type":"Feature","properties":{"district":"Batticaloa","subdivision":"Koralai Pattu","centroid_lon":81.54406,"centroid_lat":7.90587,"risk_modifier":0.55,"river_prox":0.0,"coast_prox":1.0,"highland":0.0,"zone":"moderate","evac_rank":0,"flood_rank":0},"geometry":{"type":"MultiPolygon","coordinates":[[[[81.51628871400004,7.892779437000058],[81.51700057200003,7.888517613000033],[81.51899258500003,7.883686485000055],[81.52045336200007,7.886638652000045],[81.51824846400007,7.886585529000058],[81.51628871400004,7.892779437000058]]],[[[81.52721908000007,7.89837923500005],[81.51079162700006,7.902586814000074],[81.52074822100008,7.886643731000049],[81.51998620000006,7.875333101000024],[81.55580777300008,7.874631690000058],[81.56417052000006,7.87931564400003],[81.56511990700005,7.914841501000069],[81.58102596500004,7.919726156000024],[81.57368747500004,7.926689074000024],[81.56310299200004,7.92552710700005],[81.55954009400006,7.938645549000057],[81.55226112200006,7.942668465000054],[81.54930909500007,7.932746073000033],[81.52674964100004,7.926662392000026],[81.52721908000007,7.89837923500005]]],[[[81.52340429400004,7.933666052000035],[81.53521721700008,7.93198065100006],[81.54794694400005,7.940942718000031],[81.54335758000008,7.946964997000066],[81.52340429400004,7.933666052000035]]],[[[81.52808863800004,7.928215655000031],[81.52068953700007,7.928572913000039],[81.52647820300007,7.927877760000058],[81.52808863800004,7.928215655000031]]],[[[81.52294764200008,7.931282991000046],[81.52095736500007,7.931236354000021],[81.51982273500005,7.928744834000042],[81.52294764200008,7.931282991000046]]]]}},{"type":"Feature","properties":{"district":"Batticaloa","subdivision":"Porativu Pattu","centroid_lon":81.70279,"centroid_lat":7.49743,"risk_modifier":0.55,"river_prox":0.0,"coast_prox":1.0,"highland":0.0,"zone":"moderate","evac_rank":0,"flood_rank":0},"geometry":{"type":"MultiPolygon","coordinates":[[[[81.64394317300008,7.522469454000031],[81.64853008100005,7.522862454000062],[81.64594826000007,7.503389867000067],[81.65937167600003,7.470340447000069],[81.65516808800004,7.454114165000021],[81.66102329400007,7.452643616000046],[81.66208276200007,7.399109662000058],[81.67208400300007,7.413661310000066],[81.69463281800006,7.423515665000025],[81.72385277600006,7.454711167000028],[81.75000070800007,7.45574655300004],[81.75739265700008,7.478271620000044],[81.76713630100005,7.482648675000064],[81.75676046800004,7.487833328000022],[81.74424479300006,7.509390570000051],[81.76521670500006,7.501535545000024],[81.76682261100007,7.511367505000067],[81.77977166200003,7.519790791000048],[81.76962823500008,7.522142992000056],[81.76387619900004,7.53383651200005],[81.74206324400006,7.529038098000058],[81.73898506200004,7.546483777000049],[81.76026589400004,7.534857951000049],[81.76755821700004,7.536728224000058],[81.76926055400008,7.546502365000038],[81.76274435700003,7.560255751000057],[81.75405527200007,7.552086565000025],[81.74301019100005,7.563348882000071],[81.71374074000005,7.551621169000043],[81.71019973200004,7.561273069000038],[81.69899558700007,7.559897443000068],[81.69529313600003,7.551829174000034],[81.68650917400004,7.55459908000006],[81.67504785800008,7.547036167000044],[81.66138794000005,7.555585178000058],[81.65222070000004,7.553562632000023],[81.63463804400004,7.546091593000028],[81.63666221000005,7.535203100000047],[81.64624334800004,7.530586282000058],[81.64394317300008,7.522469454000031]]],[[[81.76892110200004,7.536545944000068],[81.76963548100008,7.536550826000052],[81.76943301500006,7.536897875000022],[81.76892110200004,7.536545944000068]]]]}},{"type":"Feature","properties":{"district":"Batticaloa","subdivision":"Eravur Pattu","centroid_lon":81.4701,"centroid_lat":7.70598,"risk_modifier":0.55,"river_prox":0.0,"coast_prox":1.0,"highland":0.0,"zone":"moderate","evac_rank":0,"flood_rank":0},"geometry":{"type":"Polygon","coordinates":[[[81.54726593900006,7.534724097000037],[81.50571310300006,7.534299017000023],[81.51539063500007,7.554234330000043],[81.51115025200005,7.576568075000068],[81.51485194400004,7.62542368000004],[81.52021314200005,7.631340712000053],[81.51457562500008,7.643643619000045],[81.55290545800005,7.679538753000031],[81.56448577600008,7.720462621000024],[81.57770562000007,7.728498930000057],[81.57819246600008,7.743389527000033],[81.58626514600007,7.749450059000026],[81.58355431400008,7.755237778000037],[81.59410505700004,7.759392651000041],[81.60187351900004,7.784075260000066],[81.61489060900004,7.776093668000044],[81.61003601400006,7.767836535000072],[81.63645580200006,7.74742156700006],[81.65159195300004,7.757033387000035],[81.63439885800005,7.765449247000049],[81.64586418900006,7.782722525000054],[81.61824089800007,7.828445927000075],[81.60314231200005,7.823884269000075],[81.57717187400004,7.848355124000022],[81.56263164600006,7.833353750000072],[81.56416749800007,7.825194185000043],[81.54676705300005,7.823970207000059],[81.53855738800007,7.816978800000072],[81.52634789100006,7.821779203000062],[81.50323711500005,7.806241902000068],[81.47697519100007,7.81800318300003],[81.45064156500007,7.782849929000065],[81.43791050000004,7.779841212000065],[81.40501218200006,7.78767478900005],[81.40617896400005,7.775282180000033],[81.39746632300006,7.767181242000049],[81.36076545600008,7.770335629000044],[81.23568528300007,7.759956487000068],[81.23507252100006,7.746023986000068],[81.24977803300004,7.730230670000026],[81.26149898300008,7.735122207000074],[81.32029529700003,7.734150960000022],[81.36524275800008,7.665775059000055],[81.44297292800007,7.641181964000054],[81.44614777800007,7.618969932000027],[81.42973453500008,7.573660962000076],[81.44948338400008,7.54187832100007],[81.48770754300006,7.525807342000064],[81.49849794800008,7.517922134000059],[81.49255555700006,7.513327403000062],[81.51536109100005,7.508061982000072],[81.54526908700007,7.507528310000055],[81.54726593900006,7.534724097000037]]]}},{"type":"Feature","properties":{"district":"Batticaloa","subdivision":"Eravur Town","centroid_lon":81.6064,"centroid_lat":7.77546,"risk_modifier":0.55,"river_prox":0.0,"coast_prox":1.0,"highland":0.0,"zone":"moderate","evac_rank":0,"flood_rank":0},"geometry":{"type":"Polygon","coordinates":[[[81.59901559700006,7.770812450000051],[81.61003601400006,7.767836535000072],[81.61489060900004,7.776093668000044],[81.60263156200006,7.784690021000074],[81.59901559700006,7.770812450000051]]]}},{"type":"Feature","properties":{"district":"Batticaloa","subdivision":"Kattankudy","centroid_lon":81.73014,"centroid_lat":7.6826,"risk_modifier":0.55,"river_prox":0.0,"coast_prox":1.0,"highland":0.0,"zone":"moderate","evac_rank":0,"flood_rank":0},"geometry":{"type":"Polygon","coordinates":[[[81.74419826400003,7.677707045000034],[81.73340376000004,7.694563004000031],[81.71740510100005,7.684027473000071],[81.72325596100006,7.672636545000046],[81.74419826400003,7.677707045000034]]]}},{"type":"Feature","properties":{"district":"Batticaloa","subdivision":"Koralai Pattu Central","centroid_lon":81.51228,"centroid_lat":7.93115,"risk_modifier":0.55,"river_prox":0.0,"coast_prox":1.0,"highland":0.0,"zone":"moderate","evac_rank":0,"flood_rank":0},"geometry":{"type":"MultiPolygon","coordinates":[[[[81.52722381900008,7.898776189000046],[81.52963145500007,7.914195084000028],[81.52674964100004,7.926662392000026],[81.51918653700005,7.919106348000071],[81.52446552200007,7.91756702400005],[81.52268920700004,7.900215606000074],[81.52722381900008,7.898776189000046]]],[[[81.51482190100006,7.922462224000071],[81.52070555300008,7.924589991000062],[81.52432897900007,7.926986247000059],[81.51482190100006,7.922462224000071]]],[[[81.51213366600007,7.922219927000071],[81.52332177300008,7.933714962000067],[81.52044251900008,7.945926052000061],[81.46806719200003,7.944928528000048],[81.49048179500005,7.943256914000074],[81.51213366600007,7.922219927000071]]]]}},{"type":"Feature","properties":{"district":"Batticaloa","subdivision":"Koralai Pattu South","centroid_lon":81.36964,"centroid_lat":7.85914,"risk_modifier":0.55,"river_prox":0.0,"coast_prox":1.0,"highland":0.0,"zone":"moderate","evac_rank":0,"flood_rank":0},"geometry":{"type":"MultiPolygon","coordinates":[[[[81.52152863400005,7.874799658000029],[81.52371535900005,7.863739002000045],[81.54206623500005,7.84771958400006],[81.54676705300005,7.823970207000059],[81.56494215400005,7.825608663000025],[81.56263164600006,7.833353750000072],[81.57717187400004,7.848355124000022],[81.56417052000006,7.87931564400003],[81.54718913600004,7.872539162000066],[81.53864395400007,7.878169153000044],[81.52152863400005,7.874799658000029]]],[[[81.51567503600006,7.89391990200005],[81.51182144000006,7.895261072000039],[81.51395404300007,7.890758210000058],[81.51567503600006,7.89391990200005]]],[[[81.46802750100005,7.943552383000053],[81.45469729000007,7.951673171000039],[81.43082561300008,7.951566865000075],[81.41231915700007,7.963687349000054],[81.37598662100004,7.966145097000037],[81.33367048000008,7.963684740000076],[81.33741566400005,7.935978155000043],[81.30465079200007,7.936297388000071],[81.28752445400005,7.947473161000062],[81.27274613100008,7.93702544000007],[81.25105758400008,7.936111470000071],[81.23501125700005,7.921113958000035],[81.23471815700003,7.887263445000031],[81.22473018500006,7.867048154000031],[81.23031572700006,7.845315976000052],[81.22284860400003,7.820837589000064],[81.22826649000007,7.79415619100007],[81.22442804600007,7.782362966000051],[81.23401166600007,7.761752239000032],[81.25447352100008,7.758890883000049],[81.36076545600008,7.770335629000044],[81.39720073700005,7.767124723000052],[81.40617896400005,7.775282180000033],[81.40501218200006,7.78767478900005],[81.43791050000004,7.779841212000065],[81.45064156500007,7.782849929000065],[81.47697519100007,7.81800318300003],[81.50323711500005,7.806241902000068],[81.51080576100009,7.808027589000062],[81.51166017500003,7.830734856000049],[81.52995287600004,7.826173441000037],[81.53396764800004,7.832715250000035],[81.54518777200008,7.826609222000059],[81.52942020000006,7.855787891000034],[81.52181067500004,7.857485822000058],[81.51516227700006,7.890999562000047],[81.51461834200006,7.888392196000041],[81.51013033000004,7.89497343000005],[81.50677755700008,7.89155478400005],[81.50087020900008,7.89874500600007],[81.48970765700005,7.893701700000065],[81.46804088300007,7.906455372000039],[81.46802750100005,7.943552383000053]]]]}},{"type":"Feature","properties":{"district":"Batticaloa","subdivision":"Mahaoya","centroid_lon":81.34664,"centroid_lat":7.5613,"risk_modifier":0.55,"river_prox":0.0,"coast_prox":1.0,"highland":0.0,"zone":"moderate","evac_rank":0,"flood_rank":0},"geometry":{"type":"Polygon","coordinates":[[[81.23840669400005,7.739196211000035],[81.23223285000006,7.722473446000038],[81.23918029500004,7.714913508000052],[81.23902029800007,7.681150544000047],[81.22146925700008,7.672774685000036],[81.21894922400008,7.652460157000064],[81.20983163800008,7.652428249000025],[81.21405386600009,7.644854353000028],[81.20378081000007,7.61986717800005],[81.21989885400006,7.590028892000021],[81.24984740600007,7.592307624000057],[81.25935608100008,7.585473063000052],[81.29988498500006,7.522506648000046],[81.27782197600004,7.511069476000046],[81.30204187000004,7.47867853200006],[81.30211757400008,7.455636686000048],[81.32022897000007,7.443063857000027],[81.30442650100008,7.418336275000058],[81.31045417500007,7.414807370000062],[81.29865308000007,7.402458772000045],[81.28617033600005,7.405652544000077],[81.29064023400008,7.395995192000044],[81.29402632400007,7.391533413000047],[81.31700402900003,7.401541287000043],[81.32540357300007,7.397333304000028],[81.31850636900003,7.388758835000033],[81.32340223900007,7.381056661000059],[81.34263893600007,7.366390641000066],[81.37212356900005,7.35728367400003],[81.38455703100004,7.369296620000057],[81.37214392500005,7.395307500000058],[81.37276496100003,7.409045193000054],[81.38483239500005,7.406506205000028],[81.40416356200006,7.415564068000037],[81.40510909200003,7.431354100000021],[81.43619212200008,7.443510127000025],[81.45318810400005,7.458609976000048],[81.48072943900007,7.456614468000055],[81.49233482500006,7.512785649000023],[81.49849794800008,7.517922134000059],[81.44948338400008,7.54187832100007],[81.43061903000006,7.570678279000049],[81.44614777800007,7.618969932000027],[81.44297292800007,7.641181964000054],[81.36524275800008,7.665775059000055],[81.31991447000007,7.734345312000073],[81.26146062700008,7.735119808000036],[81.25207737700003,7.729921324000031],[81.23840669400005,7.739196211000035]]]}},{"type":"Feature","properties":{"district":"Batticaloa","subdivision":"Manmunai North","centroid_lon":81.68304,"centroid_lat":7.72653,"risk_modifier":0.55,"river_prox":0.0,"coast_prox":1.0,"highland":0.0,"zone":"flood_zone","evac_rank":0,"flood_rank":2},"geometry":{"type":"MultiPolygon","coordinates":[[[[81.66451485100004,7.701638028000048],[81.65689079000003,7.701007271000037],[81.66037487200003,7.696284078000076],[81.66451485100004,7.701638028000048]]],[[[81.69303691600004,7.670544392000068],[81.70723471300005,7.689400611000053],[81.70288754200004,7.701231173000053],[81.69385510500007,7.70360921300005],[81.68843808000008,7.688451300000054],[81.69303691600004,7.670544392000068]]],[[[81.69541677900008,7.71448521800005],[81.68330588800006,7.712239210000064],[81.68791444700008,7.702870268000026],[81.69898366400008,7.708366343000023],[81.69541677900008,7.71448521800005]]],[[[81.73340376000004,7.694563004000031],[81.70068154100005,7.748028644000044],[81.68476633400007,7.760754597000073],[81.70966861700003,7.729659635000075],[81.70565635300005,7.712101232000066],[81.71740510100005,7.684027473000071],[81.73340376000004,7.694563004000031]]],[[[81.64326799500003,7.749627049000026],[81.66483842800005,7.733133076000058],[81.66974578300005,7.692507622000051],[81.68240685200004,7.692367275000038],[81.68544508200006,7.704053035000072],[81.67766422000005,7.709262051000053],[81.68100218800004,7.71813918600003],[81.67555333100006,7.729137940000044],[81.69806967600005,7.713980911000021],[81.70419954300007,7.724621126000045],[81.68418898800007,7.750155210000059],[81.68408258000005,7.759541951000074],[81.64586418900006,7.782722525000054],[81.63439885800005,7.765449247000049],[81.65159195300004,7.757033387000035],[81.64326799500003,7.749627049000026]]]]}},{"type":"Feature","properties":{"district":"Batticaloa","subdivision":"Manmunai West","centroid_lon":81.59629,"centroid_lat":7.63266,"risk_modifier":0.55,"river_prox":0.0,"coast_prox":1.0,"highland":0.0,"zone":"flood_zone","evac_rank":0,"flood_rank":1},"geometry":{"type":"MultiPolygon","coordinates":[[[[81.69224741300008,7.647336689000042],[81.69344065300004,7.648362892000023],[81.69243258600005,7.64857674600006],[81.69224741300008,7.647336689000042]]],[[[81.70301633200006,7.649022349000063],[81.70089634900006,7.65567795000004],[81.69662991000007,7.653745681000032],[81.69851849900004,7.648457845000053],[81.70301633200006,7.649022349000063]]],[[[81.69865070100008,7.632540565000056],[81.68710342200006,7.632565167000052],[81.69064319700004,7.639030367000032],[81.68435775900008,7.638379709000048],[81.68622406400004,7.652331315000026],[81.69520267900003,7.655433964000053],[81.68323152300007,7.678867168000068],[81.66988141200005,7.680742815000031],[81.66834117500008,7.668010712000068],[81.66477886900003,7.689861691000033],[81.65047830700007,7.69911350600006],[81.64872106200005,7.707333091000066],[81.63841185400008,7.699573233000024],[81.63331945900006,7.704049476000023],[81.65350233700008,7.714300275000028],[81.65495784200004,7.721086888000059],[81.63273838200007,7.722210802000063],[81.61770062700003,7.734508639000069],[81.60672593500004,7.711338392000073],[81.57423836200007,7.728374340000073],[81.57025260100005,7.719410434000054],[81.56448577600008,7.720462621000024],[81.55290545800005,7.679538753000031],[81.51457562500008,7.643643619000045],[81.52021314200005,7.631340712000053],[81.51485194400004,7.62542368000004],[81.51115025200005,7.576568075000068],[81.51539063500007,7.554234330000043],[81.50571310300006,7.534299017000023],[81.54726593900006,7.534724097000037],[81.54950742200003,7.543397853000045],[81.57528196300007,7.545719586000075],[81.59910440100003,7.579460295000047],[81.61749197900008,7.576167014000021],[81.62803591200003,7.584034564000035],[81.65333835600006,7.578421558000059],[81.66685995000006,7.610638173000041],[81.69785219000005,7.614134297000021],[81.70684540300005,7.602778901000022],[81.69723334800005,7.621556531000067],[81.69865070100008,7.632540565000056]]]]}},{"type":"Feature","properties":{"district":"Colombo","subdivision":"Colombo","centroid_lon":79.85702,"centroid_lat":6.94389,"risk_modifier":0.55,"river_prox":0.0,"coast_prox":1.0,"highland":0.0,"zone":"safe_zone","evac_rank":1,"flood_rank":0},"geometry":{"type":"Polygon","coordinates":[[[79.88284706100006,6.974330308000049],[79.87811566900007,6.980684841000027],[79.86750799500004,6.978839190000031],[79.86542836600006,6.968004087000054],[79.85116996100004,6.960787736000043],[79.85534974700005,6.956143594000025],[79.84513544100008,6.937671599000055],[79.84076449500003,6.93963971200003],[79.84410144100008,6.951468409000029],[79.84273182400005,6.955461154000034],[79.83778877500004,6.960440270000049],[79.84007423000008,6.945482466000044],[79.83769953000007,6.95148467100006],[79.83696294000003,6.945004421000021],[79.82167241300004,6.944309905000068],[79.82113616500004,6.956829714000037],[79.82856737400004,6.96551721700007],[79.82085080400003,6.957726320000063],[79.82032170600007,6.955121850000069],[79.82086662700004,6.943306987000028],[79.83593340800007,6.924964063000061],[79.82834784000005,6.922313816000042],[79.83817467900008,6.924837903000025],[79.83896272700008,6.925700325000037],[79.83960224100008,6.929068734000055],[79.84000648400007,6.92972196900007],[79.84413974600005,6.917137108000077],[79.85355674600004,6.912574679000045],[79.86482750500005,6.918474461000073],[79.86437063100004,6.925801773000046],[79.87590578700008,6.930094965000023],[79.87265174000004,6.951693434000049],[79.88284706100006,6.974330308000049]]]}},{"type":"Feature","properties":{"district":"Colombo","subdivision":"Dehiwala","centroid_lon":79.87359,"centroid_lat":6.85811,"risk_modifier":0.55,"river_prox":0.0,"coast_prox":1.0,"highland":0.0,"zone":"safe_zone","evac_rank":2,"flood_rank":0},"geometry":{"type":"Polygon","coordinates":[[[79.89100783700007,6.868173064000075],[79.86413453200004,6.871246750000068],[79.85737829400006,6.862053659000026],[79.86029266200006,6.848662302000037],[79.88053283500005,6.839247221000051],[79.88058108000007,6.857011861000046],[79.89100783700007,6.868173064000075]]]}},{"type":"Feature","properties":{"district":"Colombo","subdivision":"Homagama","centroid_lon":80.01357,"centroid_lat":6.83318,"risk_modifier":0.8363,"river_prox":0.636,"coast_prox":1.0,"highland":0.0,"zone":"flood_zone","evac_rank":0,"flood_rank":2},"geometry":{"type":"Polygon","coordinates":[[[79.96998834600004,6.758707911000045],[80.00082664700005,6.770606493000059],[80.03387043600003,6.805881103000047],[80.04274898300008,6.806040922000022],[80.03734548800008,6.813892487000032],[80.04234560900005,6.831474835000051],[80.05071927800003,6.834632253000052],[80.05648051100007,6.829901120000045],[80.06862627900006,6.843966912000042],[80.07714680900006,6.843911740000067],[80.07799345200004,6.864851778000059],[80.06276222200006,6.908287830000063],[80.03481594400006,6.91268225400006],[80.03235948300005,6.89136419700003],[80.03836279500007,6.881290233000072],[80.02028233700008,6.880545961000053],[80.01580174200006,6.894241800000032],[80.00547206800007,6.880896952000057],[80.00300994400004,6.862781871000038],[79.98744047800005,6.858273933000021],[79.98714841300006,6.838433749000046],[79.96886975100006,6.834290957000064],[79.96278758600005,6.830159913000045],[79.96716685300004,6.828704167000069],[79.96569647900003,6.82581656900004],[79.95948897100004,6.828005621000045],[79.94914934400003,6.81761881400007],[79.95069232600008,6.801688741000021],[79.96440517200006,6.782498448000069],[79.94855894900007,6.761317280000071],[79.96998834600004,6.758707911000045]]]}},{"type":"Feature","properties":{"district":"Colombo","subdivision":"Kaduwela","centroid_lon":79.97512,"centroid_lat":6.90312,"risk_modifier":0.6497,"river_prox":0.222,"coast_prox":1.0,"highland":0.0,"zone":"moderate","evac_rank":0,"flood_rank":0},"geometry":{"type":"Polygon","coordinates":[[[79.98401256000005,6.935052381000048],[79.94444646100004,6.936759206000033],[79.95680449400004,6.917110324000021],[79.94952749500004,6.913243012000066],[79.94495071000006,6.917596273000072],[79.94234270600003,6.91123486400005],[79.92150005700006,6.923177137000039],[79.89907053600007,6.913140752000061],[79.92472770100005,6.876551234000033],[79.94476741200003,6.88155421600004],[79.94368572200005,6.873535599000036],[79.95510112000005,6.873847041000033],[79.95983475800006,6.865432939000073],[79.97569045200004,6.865860282000028],[79.98456176500008,6.857426236000038],[80.00289119300004,6.862632923000035],[80.00547206800007,6.880896952000057],[80.01582955500004,6.89425822000004],[80.02028233700008,6.880545961000053],[80.03836279500007,6.881290233000072],[80.03201769700007,6.906342165000069],[80.04291236200004,6.914514698000062],[80.01785636000005,6.924478032000025],[80.01158350100008,6.946510165000063],[79.99175373000008,6.943903498000054],[79.98401256000005,6.935052381000048]]]}},{"type":"Feature","properties":{"district":"Colombo","subdivision":"Kelaniya","centroid_lon":79.90777,"centroid_lat":6.96996,"risk_modifier":0.55,"river_prox":0.0,"coast_prox":1.0,"highland":0.0,"zone":"moderate","evac_rank":0,"flood_rank":0},"geometry":{"type":"Polygon","coordinates":[[[79.93685582400008,6.990814606000072],[79.92719054600008,6.992747880000024],[79.91880691500006,6.985472947000062],[79.90187519300008,6.99719329900006],[79.89466599600007,6.99131890700005],[79.89170680700005,6.970369843000071],[79.88284706100006,6.974330308000049],[79.87761736300007,6.957034013000055],[79.89729540300004,6.955758217000039],[79.89757583200003,6.947065758000065],[79.92723885700008,6.949536239000054],[79.92436193900005,6.969746096000051],[79.93614181000004,6.977512388000036],[79.93685582400008,6.990814606000072]]]}},{"type":"Feature","properties":{"district":"Colombo","subdivision":"Kesbewa","centroid_lon":79.92623,"centroid_lat":6.80251,"risk_modifier":0.6405,"river_prox":0.201,"coast_prox":1.0,"highland":0.0,"zone":"moderate","evac_rank":0,"flood_rank":0},"geometry":{"type":"Polygon","coordinates":[[[79.94346217400005,6.749284448000026],[79.96440517200006,6.782498448000069],[79.94802188600005,6.809496915000068],[79.95948897100004,6.828005621000045],[79.96718454300003,6.828251872000067],[79.96169820500006,6.838498109000057],[79.94930233200006,6.846238045000064],[79.92065394700006,6.826453128000026],[79.91108366100008,6.835815396000044],[79.90845259300005,6.851030016000038],[79.89642352300007,6.851627617000076],[79.88822212200006,6.861861656000031],[79.88282964700005,6.859368663000055],[79.88332182500005,6.84416708200007],[79.90074047300004,6.810373790000028],[79.90691957700005,6.775494886000047],[79.90329443800005,6.767820678000021],[79.92529935600004,6.747129990000076],[79.94346217400005,6.749284448000026]]]}},{"type":"Feature","properties":{"district":"Colombo","subdivision":"Kolonnawa","centroid_lon":79.91323,"centroid_lat":6.93411,"risk_modifier":0.55,"river_prox":0.0,"coast_prox":1.0,"highland":0.0,"zone":"moderate","evac_rank":0,"flood_rank":0},"geometry":{"type":"Polygon","coordinates":[[[79.92723885700008,6.949536239000054],[79.89757583200003,6.947065758000065],[79.89747929600009,6.955663879000042],[79.87710119000008,6.958058600000072],[79.87254900600004,6.950943176000067],[79.88163089600005,6.938368352000055],[79.88185583200004,6.925500215000056],[79.89843129700006,6.923251085000061],[79.89867222900006,6.913222128000029],[79.92150005700006,6.923177137000039],[79.94234270600003,6.91123486400005],[79.94495071000006,6.917596273000072],[79.94952749500004,6.913243012000066],[79.95680449400004,6.917110324000021],[79.94444646100004,6.936759206000033],[79.94814158400004,6.939968958000065],[79.94149391500008,6.938208032000034],[79.92723885700008,6.949536239000054]]]}},{"type":"Feature","properties":{"district":"Colombo","subdivision":"Maharagama","centroid_lon":79.93981,"centroid_lat":6.85629,"risk_modifier":0.6454,"river_prox":0.212,"coast_prox":1.0,"highland":0.0,"zone":"moderate","evac_rank":0,"flood_rank":0},"geometry":{"type":"Polygon","coordinates":[[[79.89007763200004,6.866872956000066],[79.89642352300007,6.851627617000076],[79.90845259300005,6.851030016000038],[79.91108366100008,6.835815396000044],[79.92065394700006,6.826453128000026],[79.94930233200006,6.846238045000064],[79.96558050200008,6.829552444000058],[79.98639072400005,6.837880565000034],[79.98968924700006,6.845514922000064],[79.98210041400006,6.863048731000049],[79.95809087600009,6.865931594000074],[79.95510112000005,6.873847041000033],[79.94368572200005,6.873535599000036],[79.94476741200003,6.88155421600004],[79.93203612900004,6.87472075200003],[79.91857944000003,6.884857214000021],[79.90771276600003,6.884225080000022],[79.89824570800005,6.87903693800007],[79.91217274400003,6.859740050000028],[79.90652662300005,6.856423492000033],[79.89007763200004,6.866872956000066]]]}},{"type":"Feature","properties":{"district":"Colombo","subdivision":"Moratuwa","centroid_lon":79.88899,"centroid_lat":6.78215,"risk_modifier":0.55,"river_prox":0.0,"coast_prox":1.0,"highland":0.0,"zone":"moderate","evac_rank":0,"flood_rank":0},"geometry":{"type":"Polygon","coordinates":[[[79.89637926100005,6.818102474000057],[79.86725517400004,6.805356373000052],[79.89896364500004,6.714996162000034],[79.89953209500004,6.731272693000051],[79.88418033300007,6.772237543000074],[79.89128450300007,6.777108011000053],[79.90329443800005,6.767820678000021],[79.90682532300008,6.774526598000023],[79.89637926100005,6.818102474000057]]]}},{"type":"Feature","properties":{"district":"Colombo","subdivision":"Padukka","centroid_lon":80.11954,"centroid_lat":6.83357,"risk_modifier":0.8695,"river_prox":0.71,"coast_prox":1.0,"highland":0.0,"zone":"flood_zone","evac_rank":0,"flood_rank":1},"geometry":{"type":"Polygon","coordinates":[[[80.17719078100004,6.865320378000035],[80.16864409300007,6.864216719000069],[80.15903683100004,6.873027727000022],[80.14621748700006,6.868977929000039],[80.14053564500006,6.878181342000062],[80.11743582200006,6.885793751000051],[80.11032572800008,6.870287355000073],[80.09901730500007,6.873033496000062],[80.09649888200005,6.861210645000028],[80.07769894700004,6.862743120000061],[80.07690097400007,6.843687654000064],[80.06862627900006,6.843966912000042],[80.05648051100007,6.829901120000045],[80.05071927800003,6.834632253000052],[80.03880772000008,6.828630330000067],[80.04118267400008,6.797761127000058],[80.06050096000007,6.790356410000072],[80.07402557200004,6.815421502000049],[80.08761682400007,6.814979039000036],[80.10723012700004,6.770982536000076],[80.12133458200003,6.770491180000022],[80.12411587200006,6.78187904400005],[80.11376827200007,6.804404426000076],[80.14498142200006,6.825573156000075],[80.16471978800007,6.816242680000073],[80.17207499100004,6.821336322000036],[80.17765665000007,6.814110694000021],[80.19922509400004,6.815432440000052],[80.20089992000004,6.830001663000075],[80.19273175500007,6.851199747000067],[80.17350121400005,6.857422716000031],[80.17719078100004,6.865320378000035]]]}},{"type":"Feature","properties":{"district":"Colombo","subdivision":"Ratmalana","centroid_lon":79.87578,"centroid_lat":6.82666,"risk_modifier":0.55,"river_prox":0.0,"coast_prox":1.0,"highland":0.0,"zone":"moderate","evac_rank":0,"flood_rank":0},"geometry":{"type":"Polygon","coordinates":[[[79.86029266200006,6.848662302000037],[79.86725517400004,6.805356373000052],[79.89637926100005,6.818102474000057],[79.88660770400008,6.842998113000021],[79.87493953800004,6.840370622000023],[79.86029266200006,6.848662302000037]]]}},{"type":"Feature","properties":{"district":"Colombo","subdivision":"Sri Jayawardanapura Kotte","centroid_lon":79.89622,"centroid_lat":6.89059,"risk_modifier":0.55,"river_prox":0.0,"coast_prox":1.0,"highland":0.0,"zone":"moderate","evac_rank":0,"flood_rank":0},"geometry":{"type":"Polygon","coordinates":[[[79.89007763200004,6.866872956000066],[79.90875111400004,6.856435029000068],[79.91102543600005,6.863975258000039],[79.89822480200007,6.879790254000056],[79.91999370800005,6.884101911000073],[79.89738415200003,6.913835852000034],[79.89843129700006,6.923251085000061],[79.88407612800006,6.923791593000033],[79.88791222300006,6.914066970000022],[79.88036118000008,6.887601375000031],[79.89007763200004,6.866872956000066]]]}},{"type":"Feature","properties":{"district":"Colombo","subdivision":"Thimbirigasyaya","centroid_lon":79.86786,"centroid_lat":6.89963,"risk_modifier":0.55,"river_prox":0.0,"coast_prox":1.0,"highland":0.0,"zone":"moderate","evac_rank":0,"flood_rank":0},"geometry":{"type":"Polygon","coordinates":[[[79.84413974600005,6.917137108000077],[79.85733777700005,6.862309659000061],[79.86758988100007,6.87270249200003],[79.88593929600006,6.873064580000062],[79.88043027300006,6.899717281000051],[79.88792964700008,6.914354110000033],[79.87925431500008,6.941777878000039],[79.87590578700008,6.930094965000023],[79.86437063100004,6.925801773000046],[79.86482750500005,6.918474461000073],[79.85355674600004,6.912574679000045],[79.84413974600005,6.917137108000077]]]}},{"type":"Feature","properties":{"district":"Colombo","subdivision":"Wattala","centroid_lon":79.87871,"centroid_lat":7.03512,"risk_modifier":0.55,"river_prox":0.0,"coast_prox":1.0,"highland":0.0,"zone":"moderate","evac_rank":0,"flood_rank":0},"geometry":{"type":"Polygon","coordinates":[[[79.87811566900007,6.980684841000027],[79.89170680700005,6.970369843000071],[79.89067137400008,6.978887342000064],[79.89656250100006,6.980457903000058],[79.89466599600007,6.99131890700005],[79.90305873300008,6.997156795000024],[79.89672265200005,7.005795413000044],[79.89815931700008,7.009927883000046],[79.92815883800006,7.000972520000062],[79.93699236800006,7.009267200000068],[79.93220454700008,7.020688680000035],[79.91418379300006,7.018630067000061],[79.90610590300008,7.03564409300003],[79.88541723900005,7.035247768000033],[79.87479520000005,7.064406201000054],[79.87662403000007,7.095396368000024],[79.84015711300003,7.111703522000028],[79.86688499800005,6.977679509000041],[79.87811566900007,6.980684841000027]]]}},{"type":"Feature","properties":{"district":"Galle","subdivision":"Akmeemana","centroid_lon":80.28264,"centroid_lat":6.05937,"risk_modifier":0.9201,"river_prox":0.823,"coast_prox":1.0,"highland":0.0,"zone":"moderate","evac_rank":0,"flood_rank":0},"geometry":{"type":"Polygon","coordinates":[[[80.30609945900005,6.077860495000039],[80.25607039000005,6.091810057000032],[80.24186496800007,6.105274770000051],[80.23893594200007,6.090359368000065],[80.23008814500008,6.085349345000054],[80.24563788000006,6.073927986000058],[80.24964095100006,6.061719542000048],[80.24568132700006,6.056805028000042],[80.23201877000008,6.062168130000032],[80.22559526200007,6.051131263000059],[80.23550416300003,6.051269994000052],[80.23516398100008,6.037931076000064],[80.24207981100005,6.035809559000029],[80.25932868800004,6.002444978000028],[80.27433725800006,6.005661664000058],[80.26744165700006,6.018282169000031],[80.28598795900007,6.026794193000057],[80.28106417500004,6.036611354000058],[80.29783745000003,6.03175931800007],[80.30024311400007,6.055108774000075],[80.32545972000008,6.049069625000072],[80.35227834000005,6.061328780000053],[80.35166744700007,6.078076987000031],[80.34511382300008,6.077135287000033],[80.34281517800008,6.090112407000049],[80.31021916300006,6.089520698000058],[80.30609945900005,6.077860495000039]]]}},{"type":"Feature","properties":{"district":"Galle","subdivision":"Ambalangoda","centroid_lon":80.09984,"centroid_lat":6.22192,"risk_modifier":0.55,"river_prox":0.0,"coast_prox":1.0,"highland":0.0,"zone":"safe_zone","evac_rank":1,"flood_rank":0},"geometry":{"type":"Polygon","coordinates":[[[80.13368720000005,6.248617168000067],[80.12885545300009,6.244951263000075],[80.10703722100004,6.251167975000044],[80.09901827500005,6.243044989000055],[80.08442448600005,6.246163555000066],[80.07512596900006,6.258093273000043],[80.07015252800005,6.249087788000054],[80.06124867400007,6.255527541000049],[80.05350925900007,6.243262623000021],[80.05000023600007,6.246086891000061],[80.04330264700008,6.244945041000051],[80.05086344600005,6.227887957000064],[80.06296534400008,6.226197933000037],[80.06524951400007,6.237635341000043],[80.07054140800005,6.226029106000055],[80.08325021400003,6.219759992000036],[80.08721986300003,6.20713630900002],[80.07891321100004,6.20457297400003],[80.08795510600004,6.197029441000041],[80.09176498100004,6.181918147000033],[80.08605401100004,6.177991218000045],[80.09167815700005,6.170007037000062],[80.10581075900006,6.174661287000049],[80.10051780600008,6.183471187000066],[80.11938937900004,6.18731951500007],[80.12270539000008,6.204025888000047],[80.13741132800004,6.209247702000027],[80.14372179400004,6.233657444000073],[80.13368720000005,6.248617168000067]]]}},{"type":"Feature","properties":{"district":"Galle","subdivision":"Baddegama","centroid_lon":80.21819,"centroid_lat":6.13617,"risk_modifier":0.8435,"river_prox":0.652,"coast_prox":1.0,"highland":0.0,"zone":"moderate","evac_rank":0,"flood_rank":0},"geometry":{"type":"Polygon","coordinates":[[[80.27897564300008,6.084780328000022],[80.30406630800007,6.12535669500005],[80.29535255800005,6.139996782000026],[80.30452673500008,6.145639743000061],[80.29269167700005,6.150871883000036],[80.27874828300008,6.133030851000058],[80.26915253200008,6.141735002000075],[80.25281997100006,6.142971218000071],[80.24806931900008,6.15339053200006],[80.23314938600004,6.159338097000045],[80.23521065200003,6.169709187000024],[80.19945896200005,6.191755950000072],[80.17540006500008,6.174622074000069],[80.17215272500005,6.178751181000052],[80.16021049400007,6.173475114000041],[80.15143682300004,6.18158926600006],[80.13872718300007,6.178422289000025],[80.15169536100007,6.159687810000037],[80.14812547200006,6.134963663000065],[80.17314160300003,6.117441872000029],[80.18153575600007,6.086925531000077],[80.18221612100007,6.093289084000048],[80.20620186300005,6.097906954000052],[80.21134046300006,6.115641141000026],[80.27897564300008,6.084780328000022]]]}},{"type":"Feature","properties":{"district":"Galle","subdivision":"Bope-Poddala","centroid_lon":80.21438,"centroid_lat":6.08364,"risk_modifier":0.95,"river_prox":0.918,"coast_prox":1.0,"highland":0.0,"zone":"flood_zone","evac_rank":0,"flood_rank":2},"geometry":{"type":"Polygon","coordinates":[[[80.23979721400008,6.104086695000035],[80.21107860400008,6.115606585000023],[80.20486128000005,6.096722370000066],[80.18217288200003,6.093257506000043],[80.18968849900006,6.05955952100004],[80.19858900100007,6.057444951000036],[80.23174281400003,6.070301173000075],[80.23389728100005,6.059499080000023],[80.24655291200008,6.057290268000031],[80.24563788000006,6.073927986000058],[80.23008814500008,6.085349345000054],[80.23893594200007,6.090359368000065],[80.23979721400008,6.104086695000035]]]}},{"type":"Feature","properties":{"district":"Galle","subdivision":"Elpitiya","centroid_lon":80.18412,"centroid_lat":6.28993,"risk_modifier":0.55,"river_prox":0.0,"coast_prox":1.0,"highland":0.0,"zone":"safe_zone","evac_rank":2,"flood_rank":0},"geometry":{"type":"Polygon","coordinates":[[[80.13381677900009,6.335167510000076],[80.13753012900008,6.328377494000051],[80.12460406800005,6.323584322000045],[80.13091016800007,6.309088811000038],[80.12556329800003,6.307198748000076],[80.13194064100009,6.304519517000074],[80.12802373700003,6.284447970000031],[80.19029519300005,6.210424892000049],[80.20316701900003,6.20326539000007],[80.22794199100008,6.207778963000067],[80.24077961600005,6.219124088000058],[80.24406239800004,6.247376160000044],[80.23226040500003,6.254291731000023],[80.23107086600004,6.265215219000027],[80.21153960100008,6.269873998000037],[80.20079158300007,6.286145598000076],[80.21058354000007,6.292915386000061],[80.20999375700006,6.303348591000031],[80.22557509400008,6.307315030000041],[80.22901700600005,6.324785502000054],[80.24077792800006,6.328207281000061],[80.23855929500007,6.338929479000058],[80.22009924700006,6.340401797000027],[80.20440456300008,6.35932616100007],[80.18771291600007,6.354184994000036],[80.15238329700009,6.367383009000037],[80.13023836500008,6.367632338000021],[80.13838736900004,6.336221666000029],[80.13381677900009,6.335167510000076]]]}},{"type":"Feature","properties":{"district":"Galle","subdivision":"Galle4Gravets","centroid_lon":80.20579,"centroid_lat":6.05318,"risk_modifier":0.9449,"river_prox":0.878,"coast_prox":1.0,"highland":0.0,"zone":"moderate","evac_rank":0,"flood_rank":0},"geometry":{"type":"Polygon","coordinates":[[[80.22559526200007,6.051131263000059],[80.23174281400003,6.070301173000075],[80.19325481600004,6.057375155000045],[80.18294598600005,6.090548305000027],[80.17004501500008,6.08374442500002],[80.17790339700008,6.051551840000059],[80.20685125600005,6.035638297000048],[80.21539601900008,6.023241796000036],[80.22280020000005,6.036259998000048],[80.24522862600008,6.026203141000053],[80.23516398100008,6.037931076000064],[80.23550416300003,6.051269994000052],[80.22559526200007,6.051131263000059]]]}},{"type":"Feature","properties":{"district":"Galle","subdivision":"Gonapinuwala","centroid_lon":80.12925,"centroid_lat":6.16579,"risk_modifier":0.6701,"river_prox":0.267,"coast_prox":1.0,"highland":0.0,"zone":"moderate","evac_rank":0,"flood_rank":0},"geometry":{"type":"Polygon","coordinates":[[[80.10051780600008,6.183471187000066],[80.11666306500007,6.160108101000048],[80.11284100800003,6.147213437000062],[80.11707610000008,6.134809825000048],[80.14821567600006,6.135025978000044],[80.15169536100007,6.159687810000037],[80.14724555900005,6.172866218000024],[80.13873227400006,6.176717797000038],[80.13337238400004,6.203991805000044],[80.12270539000008,6.204025888000047],[80.11922738600003,6.187215750000064],[80.10051780600008,6.183471187000066]]]}},{"type":"Feature","properties":{"district":"Galle","subdivision":"Habaraduwa","centroid_lon":80.31854,"centroid_lat":6.00131,"risk_modifier":0.7527,"river_prox":0.45,"coast_prox":1.0,"highland":0.0,"zone":"moderate","evac_rank":0,"flood_rank":0},"geometry":{"type":"Polygon","coordinates":[[[80.25932868800004,6.002444978000028],[80.23966650000006,6.028066684000066],[80.23265804900007,6.017221732000053],[80.24109893700006,6.005190731000027],[80.24753181900007,6.009245177000025],[80.25970415500007,5.999740791000022],[80.31059074800004,5.991406731000041],[80.36858578200008,5.966613750000022],[80.38281774500007,5.966958070000032],[80.37946275100006,5.983408720000057],[80.38648138500008,6.003402904000041],[80.37944099700007,6.004886609000039],[80.37622248100007,5.998401186000024],[80.36351981000007,6.001349610000034],[80.35563986500006,5.991016167000055],[80.35273261900005,6.006934543000057],[80.34846648800004,6.004462734000072],[80.33390145000004,6.016823876000046],[80.32248106800006,6.013789621000058],[80.31908651300006,6.021676620000051],[80.28275951700004,6.037458385000036],[80.28598795900007,6.026794193000057],[80.26744165700006,6.018282169000031],[80.27433725800006,6.005661664000058],[80.25932868800004,6.002444978000028]]]}},{"type":"Feature","properties":{"district":"Galle","subdivision":"Hikkaduwa","centroid_lon":80.12039,"centroid_lat":6.1394,"risk_modifier":0.6965,"river_prox":0.326,"coast_prox":1.0,"highland":0.0,"zone":"moderate","evac_rank":0,"flood_rank":0},"geometry":{"type":"MultiPolygon","coordinates":[[[[80.09555491300006,6.136376904000031],[80.09696895000008,6.135072181000055],[80.09590450300004,6.136669901000062],[80.09662195300007,6.139252889000034],[80.09555491300006,6.136376904000031]]],[[[80.05086344600005,6.227887957000064],[80.06026468200008,6.191901940000037],[80.08647994400008,6.166636858000061],[80.09711123900007,6.146652036000035],[80.09751072600005,6.130899585000066],[80.12079315500006,6.111072837000052],[80.12146525500003,6.100626060000025],[80.17149255600003,6.061689255000033],[80.17598663800004,6.073194691000026],[80.17004501500008,6.08374442500002],[80.18198348100003,6.088717830000064],[80.17500937400007,6.095681869000032],[80.17314160300003,6.117441872000029],[80.14228634100004,6.137604041000031],[80.13686173700006,6.131002802000069],[80.12470236900003,6.138835122000046],[80.11707610000008,6.134809825000048],[80.11325672200007,6.17060678100006],[80.10574271200005,6.174662739000041],[80.09167815700005,6.170007037000062],[80.08614862900004,6.177635120000048],[80.09176464300003,6.182254019000027],[80.08795510600004,6.197029441000041],[80.07891321100004,6.20457297400003],[80.08721986300003,6.20713630900002],[80.08325021400003,6.219759992000036],[80.07054140800005,6.226029106000055],[80.06524951400007,6.237635341000043],[80.06296534400008,6.226197933000037],[80.05086344600005,6.227887957000064]]]]}},{"type":"Feature","properties":{"district":"Galle","subdivision":"Imaduwa","centroid_lon":80.35633,"centroid_lat":6.03211,"risk_modifier":0.7852,"river_prox":0.523,"coast_prox":1.0,"highland":0.0,"zone":"moderate","evac_rank":0,"flood_rank":0},"geometry":{"type":"Polygon","coordinates":[[[80.29770678700004,6.032658740000045],[80.31919717000005,6.021598199000039],[80.32248106800006,6.013789621000058],[80.33390145000004,6.016823876000046],[80.34846648800004,6.004462734000072],[80.35273261900005,6.006934543000057],[80.35563986500006,5.991016167000055],[80.36351981000007,6.001349610000034],[80.37622248100007,5.998401186000024],[80.39397106600006,6.013470245000065],[80.42199737100003,6.018863694000061],[80.41088533400006,6.032804748000046],[80.38717983200007,6.035771287000046],[80.38548633500005,6.052941120000071],[80.37382307400003,6.05767594100007],[80.37641764500006,6.063676697000062],[80.36553261100005,6.073302256000034],[80.36033654100004,6.067596589000061],[80.35253122100005,6.07166737600005],[80.35055930400006,6.058165639000038],[80.32545972000008,6.049069625000072],[80.30024311400007,6.055108774000075],[80.29770678700004,6.032658740000045]]]}},{"type":"Feature","properties":{"district":"Galle","subdivision":"Karandeniya","centroid_lon":80.09854,"centroid_lat":6.30072,"risk_modifier":0.55,"river_prox":0.0,"coast_prox":1.0,"highland":0.0,"zone":"moderate","evac_rank":0,"flood_rank":0},"geometry":{"type":"Polygon","coordinates":[[[80.12885545300009,6.244951263000075],[80.14476720600004,6.251646204000053],[80.14075052600003,6.255692294000028],[80.14939907800004,6.253555807000055],[80.12802373700003,6.284447970000031],[80.13194064100009,6.304519517000074],[80.12556329800003,6.307198748000076],[80.13091016800007,6.309088811000038],[80.12460406800005,6.323584322000045],[80.13715956100003,6.330410646000075],[80.13378032500003,6.335228518000065],[80.12131188700005,6.333118587000058],[80.10349888200005,6.362280456000065],[80.09393453700005,6.362635019000038],[80.07911542500005,6.379015398000035],[80.07271316300006,6.377026585000067],[80.06231025000005,6.357632176000038],[80.07258275200007,6.350925670000038],[80.07893575100007,6.322431146000042],[80.06660725800003,6.31495988000006],[80.06830883900005,6.301797779000026],[80.06043957900005,6.296480884000061],[80.06124867400007,6.255527541000049],[80.07015252800005,6.249087788000054],[80.07619469800005,6.257793280000044],[80.08442448600005,6.246163555000066],[80.09901827500005,6.243044989000055],[80.10703722100004,6.251167975000044],[80.12885545300009,6.244951263000075]]]}},{"type":"Feature","properties":{"district":"Galle","subdivision":"Nagoda","centroid_lon":80.31086,"centroid_lat":6.19909,"risk_modifier":0.7906,"river_prox":0.535,"coast_prox":1.0,"highland":0.0,"zone":"moderate","evac_rank":0,"flood_rank":0},"geometry":{"type":"Polygon","coordinates":[[[80.40038679300005,6.19313948000007],[80.37188239500006,6.235571375000063],[80.36052772800008,6.228059782000059],[80.34549742400003,6.237270051000053],[80.32871409800003,6.236218755000039],[80.32536852200008,6.243414742000027],[80.31012617400006,6.243163878000075],[80.30804252800004,6.266173863000063],[80.29797727400006,6.271737257000041],[80.30135093800004,6.285204159000045],[80.27849370200005,6.285953359000075],[80.26386539600009,6.271463634000042],[80.27562544600005,6.232381704000034],[80.26766152400006,6.224738186000025],[80.27012727800007,6.215966878000074],[80.26196767100004,6.219679283000062],[80.24387697000003,6.201536454000063],[80.23314938600004,6.159338097000045],[80.24806931900008,6.15339053200006],[80.25223458500005,6.143289414000037],[80.26915253200008,6.141735002000075],[80.27874828300008,6.133030851000058],[80.29312119500008,6.151046196000038],[80.32768429000004,6.142654953000033],[80.34812965700007,6.155757007000034],[80.35968814500006,6.152892138000027],[80.37408577800005,6.165961681000056],[80.38070512300004,6.161733257000037],[80.39350560200006,6.169680241000037],[80.38508343300003,6.185849619000066],[80.40038679300005,6.19313948000007]]]}},{"type":"Feature","properties":{"district":"Galle","subdivision":"Niyagama","centroid_lon":80.25017,"centroid_lat":6.30182,"risk_modifier":0.55,"river_prox":0.0,"coast_prox":1.0,"highland":0.0,"zone":"moderate","evac_rank":0,"flood_rank":0},"geometry":{"type":"Polygon","coordinates":[[[80.23936962200008,6.21798313100004],[80.24741733700006,6.203950532000022],[80.26196767100004,6.219679283000062],[80.27012727800007,6.215966878000074],[80.26766152400006,6.224738186000025],[80.27562544600005,6.232381704000034],[80.26334842400007,6.25948055200007],[80.26514899800003,6.278306322000049],[80.27983926900004,6.286273986000026],[80.30125386800006,6.285241950000056],[80.30190427100007,6.304115399000068],[80.29719637600004,6.325351021000074],[80.27354536600006,6.348533477000046],[80.24002950900007,6.375137313000039],[80.21578805000007,6.379910174000031],[80.21006901500004,6.371097557000041],[80.20428862000006,6.372063299000047],[80.20440456300008,6.35932616100007],[80.22009924700006,6.340401797000027],[80.23818695600005,6.339388107000048],[80.24077792800006,6.328207281000061],[80.22901700600005,6.324785502000054],[80.22557509400008,6.307315030000041],[80.20999375700006,6.303348591000031],[80.21058354000007,6.292915386000061],[80.20079158300007,6.286145598000076],[80.21153960100008,6.269873998000037],[80.23107086600004,6.265215219000027],[80.23226040500003,6.254291731000023],[80.24384715000008,6.247907378000036],[80.23936962200008,6.21798313100004]]]}},{"type":"Feature","properties":{"district":"Galle","subdivision":"Pitabaddara","centroid_lon":80.47098,"centroid_lat":6.23888,"risk_modifier":0.8806,"river_prox":0.735,"coast_prox":1.0,"highland":0.0,"zone":"moderate","evac_rank":0,"flood_rank":0},"geometry":{"type":"Polygon","coordinates":[[[80.48230016800005,6.158798546000071],[80.49335286200005,6.162144785000066],[80.49552864600008,6.175719806000075],[80.52518617900006,6.166754055000069],[80.53325597800006,6.186012305000077],[80.54939179000007,6.199890286000027],[80.55049869100003,6.220835056000055],[80.53997045000006,6.228697901000032],[80.54499553800008,6.235694497000054],[80.52514840300006,6.235134426000059],[80.51383007900006,6.226672681000025],[80.51313913700005,6.236544924000043],[80.49932338600007,6.249252548000072],[80.49557652900006,6.272704999000041],[80.48288057700006,6.270025128000043],[80.47674107500006,6.282308990000047],[80.45164818700005,6.287258940000072],[80.44324700900006,6.301847488000021],[80.40675676100005,6.333615020000025],[80.38390709700008,6.332080695000059],[80.37466458200004,6.321915858000068],[80.38820980800006,6.305528211000023],[80.40910842500006,6.293704449000074],[80.41879218700007,6.272385119000035],[80.43911636500007,6.255860614000028],[80.43257641700006,6.248446888000046],[80.43779443900007,6.239921933000062],[80.43289606800005,6.235764601000028],[80.44969305600006,6.21564406300007],[80.45041949300008,6.177149479000036],[80.46902920100007,6.18268428500005],[80.48230016800005,6.158798546000071]]]}},{"type":"Feature","properties":{"district":"Galle","subdivision":"Thawalama","centroid_lon":80.35339,"centroid_lat":6.29285,"risk_modifier":0.6285,"river_prox":0.174,"coast_prox":1.0,"highland":0.0,"zone":"moderate","evac_rank":0,"flood_rank":0},"geometry":{"type":"Polygon","coordinates":[[[80.43822433800005,6.226328251000041],[80.43257641700006,6.248446888000046],[80.43911636500007,6.255860614000028],[80.41879218700007,6.272385119000035],[80.40910842500006,6.293704449000074],[80.38820980800006,6.305528211000023],[80.37550150400006,6.32144911000006],[80.36982926800005,6.318790972000045],[80.31430695800003,6.39908894000007],[80.28949929700008,6.393859998000039],[80.28825110400004,6.369981276000033],[80.30190427100007,6.304115399000068],[80.29797727400006,6.271737257000041],[80.30804252800004,6.266173863000063],[80.31012617400006,6.243163878000075],[80.32536852200008,6.243414742000027],[80.32871409800003,6.236218755000039],[80.34549742400003,6.237270051000053],[80.36052772800008,6.228059782000059],[80.37188239500006,6.235571375000063],[80.38410560300008,6.219466773000022],[80.41970072200007,6.212875675000021],[80.43822433800005,6.226328251000041]]]}},{"type":"Feature","properties":{"district":"Galle","subdivision":"Welivitiya-Divitura","centroid_lon":80.1786,"centroid_lat":6.20605,"risk_modifier":0.6452,"river_prox":0.212,"coast_prox":1.0,"highland":0.0,"zone":"moderate","evac_rank":0,"flood_rank":0},"geometry":{"type":"Polygon","coordinates":[[[80.13346784400005,6.203892623000058],[80.13869116200004,6.178418782000051],[80.15143682300004,6.18158926600006],[80.16021049400007,6.173475114000041],[80.17215272500005,6.178751181000052],[80.17540006500008,6.174622074000069],[80.19945896200005,6.191755950000072],[80.23551762300008,6.169670618000055],[80.24646099300008,6.204021672000067],[80.23936962200008,6.21798313100004],[80.22790419600005,6.207760944000029],[80.21821348200007,6.208188149000023],[80.21891956600007,6.20266073800002],[80.19953025600006,6.204604740000036],[80.17013542100005,6.229538794000064],[80.17396282200008,6.230505616000073],[80.17437464600005,6.234000687000048],[80.16246657200008,6.240517876000069],[80.14717292100005,6.263112724000052],[80.14939907800004,6.253555807000055],[80.14075052600003,6.255692294000028],[80.14476720600004,6.251646204000053],[80.13368720000005,6.248617168000067],[80.14372179400004,6.233657444000073],[80.13346784400005,6.203892623000058]]]}},{"type":"Feature","properties":{"district":"Galle","subdivision":"Yakkalamulla","centroid_lon":80.35839,"centroid_lat":6.10702,"risk_modifier":0.95,"river_prox":0.89,"coast_prox":1.0,"highland":0.0,"zone":"flood_zone","evac_rank":0,"flood_rank":1},"geometry":{"type":"Polygon","coordinates":[[[80.35152678500003,6.078301963000058],[80.36033654100004,6.067596589000061],[80.36754483000004,6.072388558000057],[80.38116905400005,6.052013980000027],[80.39109673600007,6.058003734000067],[80.39984952700007,6.052769338000076],[80.41090439200008,6.07278108600002],[80.43567112900007,6.091867980000075],[80.41942422800008,6.109380921000025],[80.40396736200006,6.112628046000054],[80.39944100600007,6.126373604000037],[80.38530597300007,6.133901253000033],[80.37573671600006,6.165982967000048],[80.35968814500006,6.152892138000027],[80.34812965700007,6.155757007000034],[80.32795692300004,6.142698718000076],[80.30618827600006,6.146746413000074],[80.29574253700008,6.140720530000067],[80.30406630800007,6.12535669500005],[80.29052651100005,6.107436318000055],[80.29229872400003,6.098978776000024],[80.27866174900004,6.091280660000052],[80.27897564300008,6.084780328000022],[80.29319184800005,6.077994569000055],[80.30901928400004,6.079321306000054],[80.31021916300006,6.089520698000058],[80.34233326800006,6.090236266000034],[80.34511382300008,6.077135287000033],[80.35152678500003,6.078301963000058]]]}},{"type":"Feature","properties":{"district":"Gampaha","subdivision":"Attanagalla","centroid_lon":80.10803,"centroid_lat":7.11404,"risk_modifier":0.55,"river_prox":0.0,"coast_prox":1.0,"highland":0.0,"zone":"safe_zone","evac_rank":1,"flood_rank":0},"geometry":{"type":"Polygon","coordinates":[[[80.15679496600006,7.136069060000068],[80.13239664500009,7.14162611200004],[80.12180709200004,7.165208901000028],[80.10663069700007,7.166243100000031],[80.10797356200004,7.161679504000062],[80.09955916300004,7.15945571900005],[80.08510390700008,7.167194040000027],[80.07208309100008,7.157369866000067],[80.06687919200004,7.164555789000076],[80.04639293200006,7.164049870000042],[80.03936164600003,7.170035061000021],[80.03609124900004,7.155172002000029],[80.02655604200004,7.153670775000023],[80.03224105300006,7.148575249000032],[80.02911949800006,7.137942592000059],[80.00341426900007,7.110459123000055],[80.01082881400004,7.103631310000026],[80.01782050800006,7.105721515000027],[80.01986129000005,7.114545290000024],[80.03270672900004,7.112191541000072],[80.04202064700007,7.118368119000024],[80.04196132100003,7.11207285100005],[80.05359678000008,7.118999340000073],[80.05930302200005,7.106538663000038],[80.04892243700004,7.098601780000024],[80.05455403000008,7.095825797000032],[80.05188025800004,7.088231429000075],[80.03960835100008,7.088032128000066],[80.04491964100004,7.070505660000038],[80.04900416900006,7.077831024000034],[80.07235570700004,7.087489515000073],[80.08752151900006,7.080472081000039],[80.09930960000008,7.056786478000049],[80.12622268200005,7.069198899000071],[80.16273924500007,7.059773872000051],[80.18434208300005,7.094585928000072],[80.18382167800007,7.102922715000034],[80.19286978900004,7.10003935800006],[80.19677435400007,7.116303744000049],[80.21061333200004,7.131880571000067],[80.17261061400006,7.135927425000034],[80.16119554100004,7.124791881000021],[80.15679496600006,7.136069060000068]],[[80.04367791800007,7.075341773000048],[80.04400223800008,7.075169894000055],[80.04362756100005,7.07533157000006],[80.04367791800007,7.075341773000048]]]}},{"type":"Feature","properties":{"district":"Gampaha","subdivision":"Biyagama","centroid_lon":79.97619,"centroid_lat":6.96847,"risk_modifier":0.55,"river_prox":0.0,"coast_prox":1.0,"highland":0.0,"zone":"safe_zone","evac_rank":2,"flood_rank":0},"geometry":{"type":"Polygon","coordinates":[[[80.01952181700005,6.967587168000023],[80.02771119500005,6.99666862600003],[80.01927162500004,6.998868754000057],[80.01800661900006,6.991283994000071],[80.00682532600007,6.986584348000065],[80.00287723100007,6.995563367000045],[80.00320993100007,6.991050851000068],[79.99573830500003,6.993703036000056],[79.99064585800005,6.988406886000064],[79.98572751100005,6.994126616000074],[79.97868282300004,6.990783911000051],[79.96205065500004,6.998676361000037],[79.95808698700006,7.007034751000049],[79.95779431500006,7.006902941000021],[79.95719252300006,7.006520200000068],[79.95644237600004,7.005632398000046],[79.95456933600008,7.00497673600006],[79.95382355800007,7.002944593000052],[79.94580674200006,7.00032716000004],[79.93685582400008,6.990814606000072],[79.93418222300005,6.974900182000056],[79.92503268900003,6.971666976000051],[79.92500182800006,6.950963639000065],[79.94173353000008,6.938112748000037],[79.95268779500003,6.942817200000036],[79.98370606700007,6.935051872000031],[79.99175373000008,6.943903498000054],[80.01929552600006,6.946521486000051],[80.02666050400006,6.956950772000027],[80.02078618700006,6.964465272000041],[80.02648016000006,6.964528335000068],[80.01952181700005,6.967587168000023]],[[79.95751449200003,7.006708462000063],[79.95766454300008,7.006812370000034],[79.95752386500004,7.006714267000064],[79.95751449200003,7.006708462000063]]]}},{"type":"Feature","properties":{"district":"Gampaha","subdivision":"Dankotuwa","centroid_lon":79.90369,"centroid_lat":7.32065,"risk_modifier":0.55,"river_prox":0.0,"coast_prox":1.0,"highland":0.0,"zone":"moderate","evac_rank":0,"flood_rank":0},"geometry":{"type":"Polygon","coordinates":[[[79.93947489800007,7.275891096000066],[79.93593233400009,7.345917722000024],[79.92810307800005,7.378904051000063],[79.90909576200005,7.368354657000054],[79.90156497600003,7.376545714000031],[79.89621913200006,7.363286616000039],[79.88691972000004,7.371417167000061],[79.87712958800006,7.369805076000034],[79.87117343600005,7.349829040000031],[79.87530195400007,7.33726772600005],[79.88427544000007,7.339030562000062],[79.88855663300006,7.332371251000041],[79.87706919100003,7.323591846000056],[79.87144328900007,7.327824240000041],[79.85834376400004,7.292172041000072],[79.86157768100009,7.281520190000037],[79.86766095300004,7.286465121000049],[79.88808162900006,7.27304213900004],[79.89718592800006,7.281077168000024],[79.90381255400007,7.274292728000034],[79.90587923000004,7.279938282000046],[79.90530274600007,7.264963191000049],[79.91400608400005,7.269736101000035],[79.91280450600004,7.276614774000052],[79.92611591100007,7.272543773000052],[79.92198190000005,7.284307367000054],[79.93947489800007,7.275891096000066]]]}},{"type":"Feature","properties":{"district":"Gampaha","subdivision":"Divulapitiya","centroid_lon":80.00478,"centroid_lat":7.25364,"risk_modifier":0.55,"river_prox":0.0,"coast_prox":1.0,"highland":0.0,"zone":"moderate","evac_rank":0,"flood_rank":0},"geometry":{"type":"Polygon","coordinates":[[[79.91280450600004,7.276614774000052],[79.91425765400004,7.256524418000026],[79.90180788400005,7.246118885000044],[79.92006087000004,7.199985212000058],[79.93960874500004,7.197229192000066],[79.94473227700007,7.205369697000037],[79.95300475800008,7.204106829000068],[79.96821676400003,7.188696331000074],[79.99517159500004,7.201508792000027],[80.00519891600004,7.198379712000076],[79.99885148000004,7.205985843000065],[80.01527705400008,7.217339796000033],[80.04355184100007,7.205972445000043],[80.04717858000004,7.220595726000056],[80.04150211300004,7.230061658000068],[80.04628773000007,7.23251539000006],[80.05695222900005,7.228055654000059],[80.05803384500007,7.236119753000025],[80.07103927700007,7.231601067000042],[80.07668517200005,7.238498797000034],[80.09480007200006,7.229115390000061],[80.09317558700008,7.23760283200005],[80.10905359400004,7.234070872000075],[80.11704642100005,7.246016638000071],[80.11155093400004,7.256547779000073],[80.11528671500008,7.268816112000025],[80.09853523800007,7.280197219000058],[80.10065427100005,7.305575470000065],[80.08184757100008,7.304460902000073],[80.07968657000004,7.297494726000025],[80.05327119300006,7.283626908000031],[80.04499015000005,7.299134135000031],[80.02885217100004,7.302006052000024],[80.02521590000003,7.317021075000071],[80.01314749200003,7.314005391000023],[80.00573487200006,7.321511111000063],[79.97473094600008,7.292099604000043],[79.94884889900004,7.289786284000058],[79.95393097900006,7.282121354000026],[79.94382236900003,7.273615377000056],[79.92198190000005,7.284307367000054],[79.92611591100007,7.272543773000052],[79.91280450600004,7.276614774000052]]]}},{"type":"Feature","properties":{"district":"Gampaha","subdivision":"Dompe","centroid_lon":80.09672,"centroid_lat":6.99014,"risk_modifier":0.55,"river_prox":0.0,"coast_prox":1.0,"highland":0.0,"zone":"moderate","evac_rank":0,"flood_rank":0},"geometry":{"type":"Polygon","coordinates":[[[80.09119218300003,7.069776786000034],[80.08112438700005,7.060917382000071],[80.08100709200005,7.051104904000056],[80.09017808700008,7.041048648000071],[80.08749409900008,7.034035614000061],[80.07820063700007,7.033411899000043],[80.08187095900007,7.022008184000072],[80.07576980200008,7.013128945000062],[80.05215515100008,7.018421615000022],[80.04126767800005,7.009341509000024],[80.04372215600006,7.002464878000069],[80.03765665700007,7.005740368000033],[80.03720683000006,6.99938968400005],[80.05053321300005,6.996090688000038],[80.02834973400007,6.988119892000043],[80.01952181700005,6.967587168000023],[80.02648016000006,6.964528335000068],[80.02078618700006,6.964465272000041],[80.02655455400003,6.956585719000032],[80.02223584600006,6.948051508000049],[80.01206253100008,6.945910862000062],[80.01785636000005,6.924478032000025],[80.05064040300005,6.913015508000058],[80.05288712800007,6.907155613000043],[80.06228648000007,6.912639314000046],[80.07174665400004,6.907863193000026],[80.09099190300003,6.911853332000021],[80.09660581700007,6.951261505000048],[80.11953190600008,6.965209466000033],[80.12204477400007,6.97417751200004],[80.16482471800003,6.970520950000036],[80.16709350900004,6.979108878000034],[80.17973117000008,6.980847968000035],[80.16273924500007,7.059773872000051],[80.12257367500007,7.068991630000028],[80.10261496100003,7.055934270000023],[80.09119218300003,7.069776786000034]]]}},{"type":"Feature","properties":{"district":"Gampaha","subdivision":"Gampaha","centroid_lon":79.99217,"centroid_lat":7.07079,"risk_modifier":0.55,"river_prox":0.0,"coast_prox":1.0,"highland":0.0,"zone":"moderate","evac_rank":0,"flood_rank":0},"geometry":{"type":"Polygon","coordinates":[[[80.00656563800004,7.106666821000033],[79.96951142000006,7.092249815000059],[79.95353188100006,7.096947835000037],[79.93924393500004,7.109989879000068],[79.92547110200007,7.113808923000022],[79.92088985500004,7.108561546000033],[79.92497995600007,7.099020152000037],[79.94131545000005,7.09061276500006],[79.93232935500004,7.076402322000035],[79.92078520000007,7.070980569000028],[79.92398969100003,7.061027290000027],[79.95664535500003,7.059181175000049],[79.95745339900003,7.037988268000049],[79.97346213400004,7.025441990000047],[79.98218565000008,7.034154553000064],[79.99890679800006,7.030434871000068],[80.00404504900007,7.023425755000062],[80.00097865200007,7.013327782000033],[80.00623187500008,7.010696187000065],[80.02582451600006,7.016561778000039],[80.02481417600006,7.026942704000021],[80.03681632200005,7.033443254000076],[80.02040737300007,7.051683068000045],[80.02695824100005,7.059473988000036],[80.02150907700008,7.06869834400004],[80.03790434700005,7.072388038000042],[80.04158055700003,7.091456396000069],[80.05144147000004,7.08764891200002],[80.05455403000008,7.095825797000032],[80.04892243700004,7.098601780000024],[80.05930302200005,7.106538663000038],[80.05072525500003,7.119729981000035],[80.04196132100003,7.11207285100005],[80.04202064700007,7.118368119000024],[80.03270672900004,7.112191541000072],[80.01982256800005,7.114528407000023],[80.01715808100005,7.105216924000047],[80.00656563800004,7.106666821000033]]]}},{"type":"Feature","properties":{"district":"Gampaha","subdivision":"Ja Ela","centroid_lon":79.90696,"centroid_lat":7.0718,"risk_modifier":0.55,"river_prox":0.0,"coast_prox":1.0,"highland":0.0,"zone":"moderate","evac_rank":0,"flood_rank":0},"geometry":{"type":"Polygon","coordinates":[[[79.92547110200007,7.113808923000022],[79.91055543400006,7.116559810000069],[79.91054987100006,7.12427324600003],[79.90322159000004,7.126813506000076],[79.89582770900006,7.122987472000034],[79.89119756200006,7.107469225000045],[79.85741951400007,7.105483442000036],[79.87662403000007,7.095396368000024],[79.87479520000005,7.064406201000054],[79.88541723900005,7.035247768000033],[79.90634781300008,7.035521197000037],[79.91537867700004,7.018387883000059],[79.93845759600003,7.023688695000033],[79.93497570400007,7.034623458000056],[79.94235472800005,7.038393393000035],[79.94961124100007,7.05707527900006],[79.94317847900004,7.062913632000061],[79.92325652700004,7.06232624200004],[79.92078520000007,7.070980569000028],[79.93232935500004,7.076402322000035],[79.94131545000005,7.09061276500006],[79.92153885600004,7.103161424000064],[79.92547110200007,7.113808923000022]]]}},{"type":"Feature","properties":{"district":"Gampaha","subdivision":"Katana","centroid_lon":79.88751,"centroid_lat":7.19349,"risk_modifier":0.55,"river_prox":0.0,"coast_prox":1.0,"highland":0.0,"zone":"moderate","evac_rank":0,"flood_rank":0},"geometry":{"type":"Polygon","coordinates":[[[79.87163748400008,7.282268812000041],[79.85279645100007,7.253342666000037],[79.85662119000006,7.234155144000056],[79.86488853500003,7.232815600000038],[79.86318285800007,7.225195428000063],[79.84980443800004,7.222401398000045],[79.86626690100007,7.183384351000029],[79.85551917300006,7.180792321000069],[79.86561397300005,7.162317117000043],[79.86995806800007,7.121315802000026],[79.86450484900007,7.110754132000068],[79.86037664100007,7.125797117000047],[79.85077289700007,7.106957957000077],[79.85577913900005,7.103078258000039],[79.86862463400007,7.10957270800003],[79.89119756200006,7.107469225000045],[79.89582770900006,7.122987472000034],[79.90322159000004,7.126813506000076],[79.91054987100006,7.12427324600003],[79.91055543400006,7.116559810000069],[79.91855736400004,7.11710934000007],[79.92222731900006,7.122085091000031],[79.91538228800005,7.127690420000022],[79.91523756600003,7.142732047000038],[79.92724767200008,7.141891036000061],[79.93059727500008,7.149519708000071],[79.92013493900004,7.159301523000067],[79.91092642700005,7.158397711000021],[79.91440510300004,7.164522361000024],[79.90967050800003,7.16571590500007],[79.91885835400006,7.190090392000059],[79.93747571700004,7.197627664000038],[79.92006087000004,7.199985212000058],[79.90663197100008,7.230401024000059],[79.90155562000007,7.249199707000059],[79.91425765400004,7.256524418000026],[79.91044705500008,7.267464352000047],[79.90294995700003,7.267341658000021],[79.90690143400008,7.279200941000056],[79.90133282200003,7.274122887000033],[79.89691288500006,7.281012042000043],[79.89542308200004,7.274503873000072],[79.88314486900003,7.273367440000072],[79.87163748400008,7.282268812000041]]]}},{"type":"Feature","properties":{"district":"Gampaha","subdivision":"Madampe","centroid_lon":79.86227,"centroid_lat":7.51773,"risk_modifier":0.55,"river_prox":0.0,"coast_prox":1.0,"highland":0.0,"zone":"moderate","evac_rank":0,"flood_rank":0},"geometry":{"type":"Polygon","coordinates":[[[79.90252052000005,7.587448021000057],[79.89628029000005,7.589845957000023],[79.87258387400004,7.578782506000039],[79.87295770800006,7.563204219000056],[79.86405310500004,7.555973771000026],[79.84549341300004,7.559315496000067],[79.84566291900006,7.553685205000022],[79.84078763000008,7.562596687000052],[79.83590833400007,7.559614616000033],[79.83031398700007,7.538087613000073],[79.82261769300004,7.53498406600005],[79.82395979700004,7.515232888000071],[79.81211146500004,7.511848791000034],[79.81221595400007,7.474705730000039],[79.85404689500007,7.467612446000032],[79.86724684700005,7.474426922000021],[79.88976285500007,7.472194146000049],[79.90386937200003,7.481280917000049],[79.89796068900006,7.557749614000045],[79.90252052000005,7.587448021000057]]]}},{"type":"Feature","properties":{"district":"Gampaha","subdivision":"Mahara","centroid_lon":80.01228,"centroid_lat":7.02892,"risk_modifier":0.55,"river_prox":0.0,"coast_prox":1.0,"highland":0.0,"zone":"moderate","evac_rank":0,"flood_rank":0},"geometry":{"type":"MultiPolygon","coordinates":[[[[80.04400223800008,7.075169894000055],[80.04367791800007,7.075341773000048],[80.04362756100005,7.07533157000006],[80.04400223800008,7.075169894000055]]],[[[80.04098253000006,7.077356040000041],[80.02150907700008,7.06869834400004],[80.02695824100005,7.059473988000036],[80.02040737300007,7.051683068000045],[80.03755162900006,7.036186455000063],[80.02481417600006,7.026942704000021],[80.02582451600006,7.016561778000039],[80.00623187500008,7.010696187000065],[80.00097865200007,7.013327782000033],[80.00404504900007,7.023425755000062],[79.99905024800006,7.030338348000043],[79.98218565000008,7.034154553000064],[79.97236627900008,7.025914460000024],[79.95745339900003,7.037988268000049],[79.95565722300006,7.059301325000035],[79.93497570400007,7.034623458000056],[79.93845759600003,7.023688695000033],[79.93138262200006,7.020948735000047],[79.93699236800006,7.009267200000068],[79.93244114300006,7.003589931000022],[79.89815931700008,7.009927883000046],[79.89672265200005,7.005795413000044],[79.90695076000003,6.989427885000055],[79.91880691500006,6.985472947000062],[79.92719054600008,6.992747880000024],[79.93821573400004,6.990727849000052],[79.94580674200006,7.00032716000004],[79.95382355800007,7.002944593000052],[79.95456933600008,7.00497673600006],[79.95644237600004,7.005632398000046],[79.95719252300006,7.006520200000068],[79.95779431500006,7.006902941000021],[79.95808698700006,7.007034751000049],[79.96205065500004,6.998676361000037],[79.97868282300004,6.990783911000051],[79.98572751100005,6.994126616000074],[79.99064585800005,6.988406886000064],[79.99573830500003,6.993703036000056],[80.00320993100007,6.991050851000068],[80.00287723100007,6.995563367000045],[80.00682532600007,6.986584348000065],[80.01800661900006,6.991283994000071],[80.01927162500004,6.998868754000057],[80.02771119500005,6.99666862600003],[80.02832385900007,6.988067650000062],[80.03744255400005,6.988750365000044],[80.05059547100007,6.996254689000068],[80.03720683000006,6.99938968400005],[80.03806881600008,7.006078909000053],[80.04372215600006,7.002464878000069],[80.04126767800005,7.009341509000024],[80.05215515100008,7.018421615000022],[80.07603996200004,7.01329004400003],[80.08257387700007,7.024454478000052],[80.07820063700007,7.033411899000043],[80.08749409900008,7.034035614000061],[80.09017808700008,7.041048648000071],[80.08046704300006,7.054883079000035],[80.09123406900005,7.069851085000039],[80.08752151900006,7.080472081000039],[80.07210445100003,7.087502726000025],[80.04900416900006,7.077831024000034],[80.04686941000006,7.07054312300005],[80.04098253000006,7.077356040000041]]],[[[79.95751449200003,7.006708462000063],[79.95752386500004,7.006714267000064],[79.95766454300008,7.006812370000034],[79.95751449200003,7.006708462000063]]]]}},{"type":"Feature","properties":{"district":"Gampaha","subdivision":"Mahawewa","centroid_lon":79.84793,"centroid_lat":7.45492,"risk_modifier":0.55,"river_prox":0.0,"coast_prox":1.0,"highland":0.0,"zone":"moderate","evac_rank":0,"flood_rank":0},"geometry":{"type":"Polygon","coordinates":[[[79.79095213200003,7.519632347000027],[79.81510050200006,7.407689337000022],[79.83651988800005,7.410418952000043],[79.84834973400007,7.429772209000021],[79.86645162100007,7.42817816400003],[79.87836276000007,7.441645857000026],[79.88892908500003,7.430859731000055],[79.89453604400006,7.435616002000074],[79.90657340300004,7.430811422000033],[79.90705310300007,7.424652060000028],[79.91757510200006,7.432935109000027],[79.90491630800005,7.485167453000031],[79.88976285500007,7.472194146000049],[79.86724684700005,7.474426922000021],[79.85362831500004,7.467593123000029],[79.82031519500003,7.471224236000069],[79.80964478700008,7.478799236000043],[79.81152976300007,7.519155610000041],[79.79095213200003,7.519632347000027]]]}},{"type":"Feature","properties":{"district":"Gampaha","subdivision":"Minuwangoda","centroid_lon":79.97666,"centroid_lat":7.15484,"risk_modifier":0.55,"river_prox":0.0,"coast_prox":1.0,"highland":0.0,"zone":"moderate","evac_rank":0,"flood_rank":0},"geometry":{"type":"Polygon","coordinates":[[[80.03609124900004,7.155172002000029],[80.03799092800006,7.187059563000048],[80.04734095300006,7.189732778000064],[80.04766551200004,7.196534525000061],[80.03114773100003,7.20095072600003],[80.03283507100008,7.209527660000049],[80.01527705400008,7.217339796000033],[79.99885148000004,7.205985843000065],[80.00519891600004,7.198379712000076],[79.99517159500004,7.201508792000027],[79.96821676400003,7.188696331000074],[79.95930459800007,7.199990033000063],[79.94473227700007,7.205369697000037],[79.93990435800004,7.197301066000023],[79.91885835400006,7.190090392000059],[79.90967050800003,7.16571590500007],[79.91440510300004,7.164522361000024],[79.91108387700007,7.161685105000061],[79.91092642700005,7.158397711000021],[79.92013493900004,7.159301523000067],[79.93059727500008,7.149519708000071],[79.92724767200008,7.141891036000061],[79.91523756600003,7.142732047000038],[79.91538228800005,7.127690420000022],[79.92222731900006,7.122085091000031],[79.91888229000006,7.115383414000064],[79.94392694500004,7.108177248000061],[79.95773638500003,7.095146541000076],[79.98795485000005,7.096022554000058],[80.00473700100008,7.104626950000068],[80.01404685900008,7.125216485000067],[80.02460257600006,7.130535553000072],[80.03224105300006,7.148575249000032],[80.02655604200004,7.153670775000023],[80.03609124900004,7.155172002000029]]]}},{"type":"Feature","properties":{"district":"Gampaha","subdivision":"Mirigama","centroid_lon":80.12087,"centroid_lat":7.22476,"risk_modifier":0.55,"river_prox":0.0,"coast_prox":1.0,"highland":0.0,"zone":"moderate","evac_rank":0,"flood_rank":0},"geometry":{"type":"Polygon","coordinates":[[[80.14606402900006,7.313255024000057],[80.12181928900003,7.330007357000056],[80.09338166200007,7.308530173000065],[80.10271925700005,7.303370614000073],[80.09853523800007,7.280197219000058],[80.11528671500008,7.268816112000025],[80.11155093400004,7.256547779000073],[80.11700206800003,7.24569045100003],[80.10905359400004,7.234070872000075],[80.09317558700008,7.23760283200005],[80.09480007200006,7.229115390000061],[80.07668517200005,7.238498797000034],[80.07103927700007,7.231601067000042],[80.05803384500007,7.236119753000025],[80.05695222900005,7.228055654000059],[80.04150211300004,7.230061658000068],[80.04717858000004,7.220595726000056],[80.04386968300008,7.206291933000045],[80.03500851400008,7.211079245000064],[80.03056565900005,7.205206791000023],[80.04788215100007,7.195996629000035],[80.04702237600003,7.189431918000025],[80.03799092800006,7.187059563000048],[80.03995131100004,7.168490527000074],[80.06687919200004,7.164555789000076],[80.07208309100008,7.157369866000067],[80.08510390700008,7.167194040000027],[80.09955916300004,7.15945571900005],[80.10797356200004,7.161679504000062],[80.10663069700007,7.166243100000031],[80.12180709200004,7.165208901000028],[80.13239664500009,7.14162611200004],[80.15679496600006,7.136069060000068],[80.15179642700008,7.182876006000072],[80.14406533100004,7.188648501000046],[80.15087027400006,7.192404562000036],[80.15666289500007,7.184091077000062],[80.16093827200007,7.193853128000057],[80.18031573000007,7.193480546000046],[80.18459196000003,7.234922514000061],[80.19849925700004,7.244795190000048],[80.19842211400004,7.250818579000054],[80.14153719900008,7.303358536000076],[80.14606402900006,7.313255024000057]],[[80.15877138600007,7.198005543000022],[80.16212076400006,7.202924616000075],[80.16506856800004,7.200304995000067],[80.15877138600007,7.198005543000022]]]}},{"type":"Feature","properties":{"district":"Gampaha","subdivision":"Nattandiya","centroid_lon":79.87219,"centroid_lat":7.39651,"risk_modifier":0.55,"river_prox":0.0,"coast_prox":1.0,"highland":0.0,"zone":"moderate","evac_rank":0,"flood_rank":0},"geometry":{"type":"Polygon","coordinates":[[[79.92810307800005,7.378904051000063],[79.91534560000008,7.433869705000063],[79.90705310300007,7.424652060000028],[79.90657340300004,7.430811422000033],[79.89453604400006,7.435616002000074],[79.88892908500003,7.430859731000055],[79.87836276000007,7.441645857000026],[79.86645162100007,7.42817816400003],[79.84834973400007,7.429772209000021],[79.83651988800005,7.410418952000043],[79.81510050200006,7.407689337000022],[79.82493343300007,7.355898848000038],[79.83886533800006,7.357932724000023],[79.84660907100005,7.351951144000054],[79.85298681400008,7.358005899000034],[79.85026222600004,7.368844945000035],[79.88691972000004,7.371417167000061],[79.89203260800008,7.362625527000034],[79.90156497600003,7.376545714000031],[79.90909576200005,7.368354657000054],[79.92810307800005,7.378904051000063]]]}},{"type":"Feature","properties":{"district":"Gampaha","subdivision":"Negombo","centroid_lon":79.84229,"centroid_lat":7.21191,"risk_modifier":0.55,"river_prox":0.0,"coast_prox":1.0,"highland":0.0,"zone":"moderate","evac_rank":0,"flood_rank":0},"geometry":{"type":"Polygon","coordinates":[[[79.86076835200004,7.262202742000056],[79.85196037500003,7.276702581000052],[79.83887983800008,7.272579522000058],[79.83738049700008,7.225616052000021],[79.82643499400007,7.20952430400007],[79.83273370800003,7.20785756600003],[79.82797717800008,7.205254746000037],[79.83153446500006,7.198999021000077],[79.82372344000004,7.207991725000056],[79.81475097300006,7.203303638000023],[79.84015711300003,7.111703522000028],[79.84527705300007,7.11969077200007],[79.83646327700006,7.130335319000039],[79.83675490200005,7.145933073000037],[79.82086538800007,7.182887774000051],[79.82222231100008,7.18915620000007],[79.83068066000004,7.184537111000054],[79.83406462400006,7.194442430000038],[79.84608692100005,7.198974666000026],[79.85512380800003,7.180978022000033],[79.86626690100007,7.183384351000029],[79.84980443800004,7.222401398000045],[79.86306425900005,7.225036417000069],[79.86488853500003,7.232815600000038],[79.85512498100007,7.23715461300003],[79.85886708500004,7.239988874000062],[79.85279645100007,7.253342666000037],[79.86076835200004,7.262202742000056]]]}},{"type":"Feature","properties":{"district":"Gampaha","subdivision":"Pannala","centroid_lon":80.02849,"centroid_lat":7.36201,"risk_modifier":0.55,"river_prox":0.0,"coast_prox":1.0,"highland":0.0,"zone":"moderate","evac_rank":0,"flood_rank":0},"geometry":{"type":"Polygon","coordinates":[[[79.93947489800007,7.275891096000066],[79.95298724700007,7.280582426000024],[79.94828148400006,7.28885215300005],[79.95424323400005,7.293530085000043],[79.96603170400005,7.289069546000064],[79.97938283100007,7.301050043000032],[79.99164724000008,7.30283831600002],[79.98635187000008,7.307000229000039],[80.00573487200006,7.321511111000063],[80.01314749200003,7.314005391000023],[80.02466012500008,7.317445369000041],[80.02901489100003,7.301817490000076],[80.04499015000005,7.299134135000031],[80.05174618600006,7.284217854000076],[80.06203065200003,7.285460797000042],[80.12783528600005,7.334094841000024],[80.13283945200004,7.350944048000031],[80.12120741900003,7.370622470000058],[80.14037572000007,7.389746145000061],[80.15516657600006,7.394046837000076],[80.15556042500003,7.411182423000071],[80.14722773600005,7.418857382000056],[80.13232811800003,7.410086223000064],[80.13432783200005,7.409368276000066],[80.13484881000005,7.405844538000053],[80.12436042200005,7.413666528000022],[80.10837203000006,7.403055792000032],[80.09893537900007,7.411004874000071],[80.08377854200006,7.398409136000055],[80.07114555700008,7.406630580000069],[80.06497523700006,7.429939624000042],[80.00744771300003,7.423208722000027],[79.99516089600007,7.431932847000041],[79.99303818300007,7.421141391000049],[79.98919088300005,7.426603696000029],[79.96382384500004,7.414118621000057],[79.94698411900004,7.418348399000024],[79.93696464200008,7.404584041000021],[79.92854575400008,7.415265216000023],[79.92399115800004,7.413038452000023],[79.93593233400009,7.345917722000024],[79.93947489800007,7.275891096000066]]]}},{"type":"Feature","properties":{"district":"Gampaha","subdivision":"Seethawaka","centroid_lon":80.14511,"centroid_lat":6.9224,"risk_modifier":0.6269,"river_prox":0.205,"coast_prox":1.0,"highland":0.062,"zone":"flood_zone","evac_rank":0,"flood_rank":2},"geometry":{"type":"Polygon","coordinates":[[[80.20519900300008,6.978386001000047],[80.18151742500004,6.974789911000073],[80.16791702400008,6.979339632000062],[80.16365616700006,6.970452453000064],[80.12242772200005,6.974331171000074],[80.11953190600008,6.965209466000033],[80.10788776800007,6.962580458000048],[80.09170638000006,6.939618936000045],[80.09122141800003,6.912097713000037],[80.07174665400004,6.907863193000026],[80.06159528300003,6.912111899000024],[80.07791718800007,6.862312430000031],[80.09649888200005,6.861210645000028],[80.09901730500007,6.873033496000062],[80.11032572800008,6.870287355000073],[80.11202459100008,6.881890430000055],[80.12252544100005,6.88813076200006],[80.14621748700006,6.868977929000039],[80.15903683100004,6.873027727000022],[80.16864409300007,6.864216719000069],[80.17745724000008,6.865430935000063],[80.18672776300008,6.898121370000069],[80.20898707400005,6.916494409000052],[80.20616078800003,6.937380494000024],[80.21849426600005,6.935601272000042],[80.22184203800003,6.941309351000029],[80.21584021200005,6.973202116000039],[80.20519900300008,6.978386001000047]]]}},{"type":"Feature","properties":{"district":"Gampaha","subdivision":"Udubaddawa","centroid_lon":79.94545,"centroid_lat":7.48039,"risk_modifier":0.55,"river_prox":0.0,"coast_prox":1.0,"highland":0.0,"zone":"moderate","evac_rank":0,"flood_rank":0},"geometry":{"type":"Polygon","coordinates":[[[79.89802181200008,7.556787800000052],[79.90527116400006,7.482761746000051],[79.92183587300008,7.411612116000072],[79.92854575400008,7.415265216000023],[79.93696464200008,7.404584041000021],[79.94698411900004,7.418348399000024],[79.96382384500004,7.414118621000057],[79.98919088300005,7.426603696000029],[79.99303818300007,7.421141391000049],[79.99499631200007,7.434995513000047],[79.98490002600005,7.440185292000024],[79.98875589100004,7.460055103000059],[79.98411611500006,7.471181424000065],[79.98464246300006,7.486846477000029],[79.99175844900003,7.487297725000076],[79.98775838100005,7.497758163000071],[79.99539419800004,7.508780284000068],[79.99255373100004,7.52068478800004],[79.98698953800005,7.525664311000071],[79.97405331300007,7.515261309000039],[79.97829030400004,7.537010182000074],[79.97039609100005,7.540600237000035],[79.96080956900005,7.527431818000025],[79.94547266000006,7.524969909000049],[79.93684572600006,7.541810823000048],[79.91795361500004,7.542399723000074],[79.90857496000007,7.556731891000027],[79.89802181200008,7.556787800000052]]]}},{"type":"Feature","properties":{"district":"Gampaha","subdivision":"Welikanda","centroid_lon":81.23306,"centroid_lat":8.04188,"risk_modifier":0.6575,"river_prox":0.239,"coast_prox":1.0,"highland":0.0,"zone":"flood_zone","evac_rank":0,"flood_rank":1},"geometry":{"type":"Polygon","coordinates":[[[81.23420500300006,7.906332128000031],[81.23511015500003,7.92129882100005],[81.25105758400008,7.936111470000071],[81.27274613100008,7.93702544000007],[81.28629526600008,7.947301238000023],[81.29564453400008,7.946362562000047],[81.30465079200007,7.936297388000071],[81.33782199200004,7.936307316000068],[81.33261911100004,7.969888987000047],[81.30468405600004,8.028895146000025],[81.31226962100004,8.248003810000057],[81.28504108200008,8.261436869000022],[81.27120139900006,8.240996728000027],[81.26452068100008,8.241995529000064],[81.26687914300004,8.234135296000034],[81.24782124300003,8.225704670000027],[81.25000722700008,8.210981497000034],[81.24127725600005,8.195750770000075],[81.23572994900007,8.196068230000037],[81.24112265000008,8.179906875000029],[81.23214399500006,8.174098332000028],[81.22947181800004,8.155411413000024],[81.18376046800006,8.146766825000043],[81.18873811500004,8.131691738000029],[81.18090612800006,8.12775165100004],[81.18660031400003,8.122338236000076],[81.17379928000008,8.105761037000036],[81.16821745400006,8.081655526000077],[81.16176952700005,8.08466633100005],[81.16131126200008,8.075509465000039],[81.15377713500004,8.076368870000067],[81.14599510000005,8.06148723900003],[81.14619134500003,8.042372930000056],[81.13843904000004,8.025115994000032],[81.14723592600006,8.017478735000054],[81.13108618500007,8.00215895100007],[81.13374465300006,7.969941310000024],[81.12619269400005,7.960748537000029],[81.13246516400005,7.94243937400006],[81.12440515600008,7.929984034000029],[81.12857189600004,7.918332715000076],[81.14398107300008,7.907251556000062],[81.14915807900007,7.891214437000031],[81.15688012300006,7.883799542000077],[81.16371747600004,7.889095179000037],[81.16169254500005,7.85845071600005],[81.17603463900008,7.871182083000065],[81.21757529000007,7.874227599000051],[81.23420500300006,7.906332128000031]]]}},{"type":"Feature","properties":{"district":"Gampaha","subdivision":"Wennappuwa","centroid_lon":79.85273,"centroid_lat":7.32328,"risk_modifier":0.55,"river_prox":0.0,"coast_prox":1.0,"highland":0.0,"zone":"moderate","evac_rank":0,"flood_rank":0},"geometry":{"type":"Polygon","coordinates":[[[79.87534755100006,7.367495828000074],[79.85026222600004,7.368844945000035],[79.85298681400008,7.358005899000034],[79.84660907100005,7.351951144000054],[79.83886533800006,7.357932724000023],[79.82493343300007,7.355898848000038],[79.83887983800008,7.272579522000058],[79.85196037500003,7.276702581000052],[79.86422653200003,7.270674267000061],[79.87163748400008,7.282268812000041],[79.86709974400003,7.286573458000021],[79.86872915800006,7.282381921000024],[79.86157768100009,7.281520190000037],[79.85834376400004,7.292172041000072],[79.86688119000007,7.319022536000034],[79.87255702600004,7.320882568000059],[79.87144328900007,7.327824240000041],[79.87706919100003,7.323591846000056],[79.88855663300006,7.332371251000041],[79.88427544000007,7.339030562000062],[79.87530195400007,7.33726772600005],[79.87107387900005,7.350309546000062],[79.87534755100006,7.367495828000074]]]}},{"type":"Feature","properties":{"district":"Hambantota","subdivision":"Ambalantota","centroid_lon":80.96075,"centroid_lat":6.16048,"risk_modifier":0.8177,"river_prox":0.595,"coast_prox":1.0,"highland":0.0,"zone":"moderate","evac_rank":0,"flood_rank":0},"geometry":{"type":"Polygon","coordinates":[[[81.03099170700006,6.189084453000021],[81.01368734700003,6.19462062100007],[81.00818092700007,6.229035611000029],[80.97482175200008,6.251662650000071],[80.93803166900005,6.228401922000046],[80.93039122400006,6.239307440000061],[80.90743764700005,6.238452645000052],[80.91588407900008,6.211850851000065],[80.90530769000003,6.194764860000021],[80.91037927600007,6.162894004000066],[80.89472996300003,6.152192852000042],[80.89010714600005,6.121201371000041],[80.89666825900008,6.100053228000036],[80.93210865300006,6.074561937000055],[80.93997698700008,6.083078943000032],[80.97513429700007,6.086698563000027],[80.99327232600007,6.099000782000076],[81.03126702600008,6.109642499000074],[81.02125277000005,6.137899999000069],[81.03538038500005,6.14006812100007],[81.02277305400008,6.151577212000063],[81.02195463400005,6.163043152000057],[81.01238373400008,6.167100684000047],[81.03099170700006,6.189084453000021]]]}},{"type":"Feature","properties":{"district":"Hambantota","subdivision":"Angunakolapelessa","centroid_lon":80.84922,"centroid_lat":6.19259,"risk_modifier":0.7138,"river_prox":0.364,"coast_prox":1.0,"highland":0.0,"zone":"moderate","evac_rank":0,"flood_rank":0},"geometry":{"type":"Polygon","coordinates":[[[80.90717386400007,6.238234926000075],[80.88845235100007,6.250266431000057],[80.87970891000003,6.245819237000035],[80.86847391800006,6.262403079000023],[80.85288938700006,6.271795234000024],[80.82446775400007,6.264876877000063],[80.80471951800007,6.267031571000075],[80.79350679800007,6.229620075000071],[80.80927056900003,6.223005728000032],[80.80839105700005,6.216333391000035],[80.82999212400006,6.216957833000038],[80.84071886200007,6.205967927000074],[80.84096653100005,6.196501227000056],[80.81927794800004,6.182404863000045],[80.81129180400006,6.186870911000028],[80.80138078200008,6.17411013800006],[80.78404058800004,6.190746785000044],[80.77685193800005,6.18193621100005],[80.78259770600005,6.145086590000062],[80.78870474100006,6.144711916000063],[80.78333265300006,6.13147606900003],[80.79119263600006,6.124199568000051],[80.82093883200008,6.119833687000039],[80.82772893600009,6.126111033000029],[80.86837978800008,6.12790196900005],[80.86815310100008,6.136689269000044],[80.89235414900008,6.13689789600005],[80.89472996300003,6.152192852000042],[80.90734628200005,6.158730338000055],[80.91170027400005,6.168676343000072],[80.90530769000003,6.194764860000021],[80.91588407900008,6.211850851000065],[80.90717386400007,6.238234926000075]]]}},{"type":"Feature","properties":{"district":"Hambantota","subdivision":"Embilipitiya","centroid_lon":80.8114,"centroid_lat":6.35472,"risk_modifier":0.95,"river_prox":0.903,"coast_prox":1.0,"highland":0.003,"zone":"flood_zone","evac_rank":0,"flood_rank":1},"geometry":{"type":"Polygon","coordinates":[[[80.95052131600005,6.240060738000068],[80.92938662800003,6.28751006300007],[80.90460365400008,6.321114217000058],[80.90756275700005,6.332273886000053],[80.89998659900004,6.336449010000024],[80.90120352400004,6.344010234000052],[80.86531708400008,6.355076101000066],[80.85216630300005,6.381616284000074],[80.84348600500005,6.385908194000024],[80.83687140400008,6.401709846000074],[80.84228552900004,6.404442878000054],[80.83610198200006,6.422293394000064],[80.83838254400007,6.45963351000006],[80.83162180700003,6.475692011000035],[80.79357733800003,6.487745081000071],[80.76897186900004,6.480286754000076],[80.74743471200009,6.482100557000024],[80.73650189400007,6.489635031000034],[80.70539765600006,6.489810147000071],[80.70358197800005,6.48223919000003],[80.71006933800004,6.47537019400005],[80.72048537300003,6.47593570600003],[80.72822941600003,6.456267481000054],[80.75158964800005,6.44218479400007],[80.73631077800007,6.435553403000029],[80.74620300700008,6.412351852000029],[80.72687563500006,6.416279287000066],[80.71933030300005,6.42612495000003],[80.71285324200005,6.421469707000028],[80.72447993900005,6.413820251000061],[80.72388874600006,6.398797074000072],[80.75098703100008,6.397542981000072],[80.75432141500005,6.382469408000077],[80.73248186400008,6.371562463000032],[80.73584458500005,6.357820169000036],[80.70592447400008,6.346383045000039],[80.73797505000005,6.330646386000069],[80.74101998200007,6.319351629000039],[80.69963664000005,6.321363753000071],[80.68709385300008,6.307847211000023],[80.73130516600008,6.295669761000056],[80.79327522300008,6.265948898000033],[80.85474889100004,6.271271520000028],[80.87998532400007,6.245670856000061],[80.88794186800004,6.25033396300006],[80.90717386400007,6.238234926000075],[80.93039122400006,6.239307440000061],[80.93803166900005,6.228401922000046],[80.95052131600005,6.240060738000068]]]}},{"type":"Feature","properties":{"district":"Hambantota","subdivision":"Hambantota","centroid_lon":81.12071,"centroid_lat":6.20526,"risk_modifier":0.8802,"river_prox":0.734,"coast_prox":1.0,"highland":0.0,"zone":"moderate","evac_rank":0,"flood_rank":0},"geometry":{"type":"Polygon","coordinates":[[[81.01376234300005,6.103473525000027],[81.12541903400006,6.119561759000021],[81.12951125500007,6.132576504000042],[81.16650173900007,6.145036465000032],[81.17888385600008,6.156438850000029],[81.22420994900006,6.163763190000054],[81.23410613300007,6.179023802000074],[81.29022057800006,6.192944031000025],[81.29880266200007,6.200344383000072],[81.29020504100004,6.205524257000036],[81.29542971200004,6.214101869000046],[81.27079388700008,6.213858504000029],[81.26109453200007,6.225332884000068],[81.24949753400006,6.225254106000023],[81.24308143200005,6.217533819000039],[81.22440658400006,6.213964973000031],[81.22248153700008,6.201371813000037],[81.19766623200007,6.19207807600003],[81.18704880700005,6.195514151000054],[81.18130978700003,6.216771660000063],[81.16893850600007,6.222547675000044],[81.16586100300003,6.240628242000071],[81.18507725300003,6.261044338000033],[81.18125636400003,6.28366889800003],[81.16545726500004,6.280884392000075],[81.14056568400008,6.290523041000029],[81.11996272600004,6.274470596000072],[81.11431094700004,6.297256783000023],[81.09442225500004,6.294807125000034],[81.09690072000006,6.31176503100005],[81.08330515900008,6.335882476000052],[81.05964876100006,6.338355894000074],[81.04551405400008,6.320628037000063],[81.06900372100006,6.267269352000028],[81.06140606800005,6.264572813000029],[81.07227763400005,6.230168246000062],[81.03787816300007,6.207841418000044],[81.02811094700007,6.193199133000064],[81.03099170700006,6.189084453000021],[81.01238373400008,6.167100684000047],[81.02195463400005,6.163043152000057],[81.02277305400008,6.151577212000063],[81.03626234200004,6.136820896000074],[81.02125277000005,6.137899999000069],[81.03213634000008,6.110504060000039],[81.01376234300005,6.103473525000027]]]}},{"type":"Feature","properties":{"district":"Hambantota","subdivision":"Lunugamwehera","centroid_lon":81.16066,"centroid_lat":6.33144,"risk_modifier":0.5761,"river_prox":0.058,"coast_prox":1.0,"highland":0.0,"zone":"moderate","evac_rank":0,"flood_rank":0},"geometry":{"type":"MultiPolygon","coordinates":[[[[81.27618535500005,6.366373877000058],[81.24915248000008,6.339771882000036],[81.28026421000004,6.298314537000067],[81.28810357200007,6.296820188000027],[81.28868723900007,6.310119693000047],[81.28305870400004,6.31477245800005],[81.28861560100006,6.332403029000034],[81.29780230600005,6.339625085000023],[81.28208811600007,6.344837182000049],[81.27618535500005,6.366373877000058]]],[[[81.22257964100004,6.201429158000053],[81.20754240800005,6.215168802000051],[81.22546071100004,6.233140945000059],[81.22395936700008,6.265270441000041],[81.23127795200008,6.28741892100004],[81.21865214100006,6.306560820000072],[81.24125629500008,6.339866222000069],[81.22296642600008,6.343712770000025],[81.22223920100004,6.358011701000066],[81.18281608200004,6.406125005000035],[81.15582739300004,6.392315003000022],[81.14977915200006,6.399076906000062],[81.14325945500008,6.397209264000026],[81.13697231800006,6.420330788000058],[81.09997313700006,6.416953319000072],[81.07122965400004,6.422287019000066],[81.06062110900007,6.409679354000048],[81.04812793200006,6.420039512000074],[81.04411947700004,6.397837105000065],[81.06380514700004,6.360886468000047],[81.07663822000006,6.360626511000021],[81.07962493600007,6.336423147000062],[81.09690072000006,6.31176503100005],[81.09442225500004,6.294807125000034],[81.11431094700004,6.297256783000023],[81.11996272600004,6.274470596000072],[81.14056568400008,6.290523041000029],[81.16545726500004,6.280884392000075],[81.18125636400003,6.28366889800003],[81.18507725300003,6.261044338000033],[81.16683895000006,6.243081909000068],[81.16893850600007,6.222547675000044],[81.18052014900007,6.217877944000065],[81.18046213600007,6.205921788000069],[81.19569365800004,6.192405578000034],[81.22257964100004,6.201429158000053]]]]}},{"type":"Feature","properties":{"district":"Hambantota","subdivision":"Sevanagala","centroid_lon":80.92824,"centroid_lat":6.3759,"risk_modifier":0.8654,"river_prox":0.702,"coast_prox":1.0,"highland":0.001,"zone":"moderate","evac_rank":0,"flood_rank":0},"geometry":{"type":"Polygon","coordinates":[[[80.91848932100004,6.297607124000024],[81.01724189500004,6.345170477000067],[81.01989602000003,6.359069721000026],[81.00569036000007,6.369066105000059],[81.00952240200007,6.390838139000039],[80.99762960100009,6.398938591000046],[80.99600067900008,6.411741710000058],[80.98606916900007,6.421325126000056],[80.95917250400004,6.412607303000073],[80.90798461200006,6.420436337000069],[80.88196466900007,6.441060438000022],[80.86341100800007,6.442944523000051],[80.83642230900006,6.424353386000064],[80.84223407900004,6.408335504000036],[80.83697533000003,6.401382972000022],[80.86531708400008,6.355076101000066],[80.90120352400004,6.344010234000052],[80.89998659900004,6.336449010000024],[80.90756275700005,6.332273886000053],[80.90438376100008,6.321688567000024],[80.91848932100004,6.297607124000024]]]}},{"type":"Feature","properties":{"district":"Hambantota","subdivision":"Sooriyawewa","centroid_lon":81.01261,"centroid_lat":6.29202,"risk_modifier":0.8858,"river_prox":0.746,"coast_prox":1.0,"highland":0.0,"zone":"moderate","evac_rank":0,"flood_rank":0},"geometry":{"type":"Polygon","coordinates":[[[81.02811632600003,6.193111065000039],[81.03787816300007,6.207841418000044],[81.07230411900008,6.230319460000032],[81.06140606800005,6.264572813000029],[81.06900372100006,6.267269352000028],[81.04551405400008,6.320628037000063],[81.05964876100006,6.338355894000074],[81.08074788200008,6.339653218000024],[81.07663822000006,6.360626511000021],[81.06380514700004,6.360886468000047],[81.04411947700004,6.397837105000065],[81.03584804600007,6.390487569000072],[81.01062221900008,6.393465541000069],[81.00569036000007,6.369066105000059],[81.01989602000003,6.359069721000026],[81.01663048200004,6.344546248000029],[80.91848932100004,6.297607124000024],[80.92938662800003,6.28751006300007],[80.93154669400008,6.273361443000056],[80.93913523700007,6.270125183000061],[80.94738455200007,6.242177109000068],[80.96575152800006,6.243539351000038],[80.97482175200008,6.251662650000071],[80.99424063700008,6.242920688000027],[81.00818092700007,6.229035611000029],[81.00665519100005,6.21892820000005],[81.01349501100003,6.217318778000049],[81.01277934200004,6.19579787300006],[81.02811632600003,6.193111065000039]]]}},{"type":"Feature","properties":{"district":"Hambantota","subdivision":"Thanamalwila","centroid_lon":80.99873,"centroid_lat":6.49502,"risk_modifier":0.5165,"river_prox":0.0,"coast_prox":1.0,"highland":0.134,"zone":"safe_zone","evac_rank":1,"flood_rank":0},"geometry":{"type":"Polygon","coordinates":[[[80.86312959400004,6.551965671000062],[80.82745267300004,6.489582453000025],[80.83838254400007,6.45963351000006],[80.83933054300007,6.428016590000027],[80.86909419500006,6.443806987000073],[80.88423035300008,6.439867410000033],[80.90798461200006,6.420436337000069],[80.95917250400004,6.412607303000073],[80.98606916900007,6.421325126000056],[80.99600067900008,6.411741710000058],[80.99762960100009,6.398938591000046],[81.00952240200007,6.390838139000039],[81.01294435800008,6.395115143000055],[81.03839384900004,6.391857163000054],[81.04849722900008,6.40466559500004],[81.04835177900003,6.420207257000072],[81.06062110900007,6.409679354000048],[81.07122965400004,6.422287019000066],[81.10092990800007,6.416928779000045],[81.13447988600007,6.420746345000055],[81.14325945500008,6.397209264000026],[81.14977915200006,6.399076906000062],[81.15381480800005,6.39275374500005],[81.16379292700003,6.392459743000074],[81.18281608200004,6.406125005000035],[81.18936021600007,6.401603608000073],[81.22223920100004,6.358011701000066],[81.22345638500008,6.343305563000058],[81.24915248000008,6.339771882000036],[81.27270013300006,6.362503135000054],[81.26820279800006,6.383172811000065],[81.24808779900007,6.382944534000046],[81.22240066500007,6.484471015000054],[81.19474648700003,6.461409307000054],[81.17668394700007,6.460699251000051],[81.16009226600005,6.446955272000025],[81.15125074200006,6.453591279000022],[81.13415479800005,6.446468194000033],[81.12863416500005,6.461102768000046],[81.10605679600008,6.455722975000072],[81.08504722000004,6.469633506000037],[81.05253344000005,6.460469587000034],[81.04962232700007,6.472325660000024],[81.01717706100004,6.487480387000062],[81.03230723100006,6.504544433000035],[81.03136006200003,6.524790664000022],[80.99350495100003,6.57665008500004],[80.99741087700005,6.614056195000046],[80.98853367500004,6.620060215000024],[80.97604031200007,6.615958558000045],[80.97421605600005,6.642096996000021],[80.96579652800006,6.653093789000025],[80.95146594900007,6.655370998000024],[80.94962314600008,6.671165576000021],[80.93865662900004,6.676800587000059],[80.93689664000004,6.692754767000054],[80.92700329600007,6.691256547000023],[80.91083513700005,6.672558724000055],[80.90115548100005,6.637230024000075],[80.89193597800005,6.633980446000066],[80.87324395800005,6.610430467000072],[80.87431721600007,6.592763717000025],[80.86724580700007,6.592521049000027],[80.87038334300007,6.581891918000053],[80.86402714500008,6.579260977000047],[80.85830941400008,6.559822323000049],[80.86312959400004,6.551965671000062]]]}},{"type":"Feature","properties":{"district":"Hambantota","subdivision":"Thissamaharama","centroid_lon":81.44996,"centroid_lat":6.37984,"risk_modifier":0.55,"river_prox":0.0,"coast_prox":1.0,"highland":0.0,"zone":"moderate","evac_rank":0,"flood_rank":0},"geometry":{"type":"Polygon","coordinates":[[[81.29113156400007,6.194417884000075],[81.32226729000007,6.198440213000026],[81.33933291800008,6.223207678000051],[81.39951190000005,6.250011130000075],[81.43742986300003,6.293947123000066],[81.47937106500007,6.310320453000031],[81.48166938300005,6.322082230000035],[81.49315487400008,6.328429645000028],[81.49902744800005,6.337493061000032],[81.49596574500003,6.343685184000037],[81.50691266300004,6.353145987000062],[81.56456522800005,6.372212640000043],[81.56448725300004,6.380683942000076],[81.61659254700004,6.41626935000005],[81.61252405500005,6.422467311000048],[81.61643555000006,6.430675153000038],[81.64727679300006,6.445421585000076],[81.65912247100005,6.463358160000041],[81.69117093200003,6.48613154800006],[81.705131,6.510328428000037],[81.67263717700007,6.520596720000071],[81.66059385500006,6.540349929000058],[81.63667670300003,6.541788947000043],[81.61902327500007,6.571236721000048],[81.60658087400003,6.579757363000056],[81.59811926000003,6.560213125000075],[81.58768734300008,6.560201747000065],[81.58001498500005,6.550422651000076],[81.56390504600006,6.55396365200005],[81.54533838200007,6.536303517000022],[81.53154046100008,6.535958502000028],[81.52219090200003,6.519424272000037],[81.47921378200004,6.495114037000064],[81.47755455400005,6.471811427000034],[81.48473403200006,6.462925909000035],[81.47419557200004,6.448976969000057],[81.47855112000008,6.41871022600003],[81.47352438100006,6.40819525400002],[81.43600201800007,6.419998537000026],[81.42547953400003,6.418224701000042],[81.41803975700003,6.408313849000024],[81.40024827500008,6.406548567000073],[81.39919769500005,6.414754581000068],[81.39247028700004,6.416642832000036],[81.37996548400008,6.396734962000039],[81.27618535500005,6.366373877000058],[81.28208811600007,6.344837182000049],[81.29780230600005,6.339625085000023],[81.28861560100006,6.332403029000034],[81.28305870400004,6.31477245800005],[81.28868723900007,6.310119693000047],[81.28810357200007,6.296820188000027],[81.28026421000004,6.298314537000067],[81.25217145600004,6.338314487000048],[81.24178597500008,6.34157848600006],[81.21981724000005,6.311184393000076],[81.22055802900007,6.300205020000021],[81.23127795200008,6.28741892100004],[81.22395936700008,6.265270441000041],[81.22559248200008,6.233769584000072],[81.20817756800005,6.211474519000035],[81.21969629800003,6.208901855000022],[81.26015225900005,6.225670838000042],[81.27079388700008,6.213858504000029],[81.29520360500004,6.214385371000049],[81.29020504100004,6.205524257000036],[81.29880266200007,6.200344383000072],[81.29113156400007,6.194417884000075]]]}},{"type":"Feature","properties":{"district":"Jaffna","subdivision":"Thenmaradchi (Chavakachcheri)","centroid_lon":80.18844,"centroid_lat":9.67694,"risk_modifier":0.55,"river_prox":0.0,"coast_prox":1.0,"highland":0.0,"zone":"safe_zone","evac_rank":1,"flood_rank":0},"geometry":{"type":"MultiPolygon","coordinates":[[[[80.17642708000005,9.625659084000063],[80.17579818000007,9.62602616700002],[80.17607926200003,9.625406200000043],[80.17642708000005,9.625659084000063]]],[[[80.18439392700003,9.621943945000055],[80.18401856000008,9.623293784000055],[80.18356721800006,9.622728977000065],[80.18439392700003,9.621943945000055]]],[[[80.18902029900005,9.622718552000038],[80.18583288100007,9.623433402000046],[80.18908254900003,9.621729910000056],[80.18902029900005,9.622718552000038]]],[[[80.19216356900006,9.62279402300004],[80.18938158800006,9.624422837000054],[80.18954539500004,9.623585900000023],[80.19216356900006,9.62279402300004]]],[[[80.19861639600003,9.625314649000074],[80.19835909600005,9.62651691800005],[80.19671935600007,9.626899974000025],[80.19861639600003,9.625314649000074]]],[[[80.17311880300008,9.628203725000049],[80.17355607800005,9.628549087000067],[80.17356113200003,9.628669989000059],[80.17311880300008,9.628203725000049]]],[[[80.17804008600007,9.629461708000065],[80.17795357700004,9.629982411000071],[80.17785272200007,9.629983477000053],[80.17804008600007,9.629461708000065]]],[[[80.17230051100006,9.631528053000068],[80.17275352100006,9.631510195000033],[80.17259205300007,9.632410046000075],[80.17230051100006,9.631528053000068]]],[[[80.17468456500006,9.629152431000023],[80.17525652500007,9.629493909000075],[80.17462642400005,9.630115025000066],[80.17468456500006,9.629152431000023]]],[[[80.16392728400007,9.638050047000036],[80.15906958700003,9.639734173000022],[80.16087061000007,9.636464878000027],[80.16392728400007,9.638050047000036]]],[[[80.19941338800004,9.638773849000074],[80.19941310900003,9.63888503000004],[80.19694205900004,9.639172293000058],[80.19941338800004,9.638773849000074]]],[[[80.19413319500006,9.64158456000007],[80.19389202300005,9.641909982000072],[80.19356321100008,9.642326687000036],[80.19413319500006,9.64158456000007]]],[[[80.17941030800006,9.62785074900006],[80.17975215500007,9.627857621000032],[80.17942332300004,9.62804795300002],[80.17941030800006,9.62785074900006]]],[[[80.16294970900003,9.655007831000034],[80.16299720800004,9.656001537000066],[80.16207669600004,9.655026476000046],[80.16294970900003,9.655007831000034]]],[[[80.15984449200005,9.651848118000032],[80.15925476700005,9.652027911000062],[80.15922444300008,9.651586911000038],[80.15984449200005,9.651848118000032]]],[[[80.07714101800008,9.652390999000033],[80.07692581400005,9.652632011000037],[80.07683130700008,9.652507214000025],[80.07714101800008,9.652390999000033]]],[[[80.16307495500007,9.648337931000071],[80.16322878900007,9.648584418000041],[80.16256665100008,9.648216655000056],[80.16307495500007,9.648337931000071]]],[[[80.16228491200008,9.648061601000052],[80.16085822600007,9.649511222000058],[80.16038827300008,9.648503047000077],[80.16228491200008,9.648061601000052]]],[[[80.17120318100007,9.642832949000024],[80.16219481600007,9.642567803000077],[80.16284873100005,9.63941541500003],[80.17120318100007,9.642832949000024]]],[[[80.19288361500008,9.643140079000034],[80.19284370000008,9.643537114000026],[80.19266697800003,9.64419500300005],[80.19288361500008,9.643140079000034]]],[[[80.16113824500007,9.644744711000044],[80.16065526000006,9.644827078000048],[80.16046812200005,9.644605613000067],[80.16063634200003,9.644528303000072],[80.16113824500007,9.644744711000044]]],[[[80.16024165000005,9.64465608200004],[80.15815598500006,9.645481776000054],[80.15828271100008,9.644737858000042],[80.16024165000005,9.64465608200004]]],[[[80.16344477100006,9.645375486000034],[80.16165650900007,9.646002802000055],[80.16241593100006,9.64495755300004],[80.16344477100006,9.645375486000034]]],[[[80.15911067100006,9.646712600000058],[80.15768808700005,9.647609934000059],[80.15800601100005,9.646263315000056],[80.15911067100006,9.646712600000058]]],[[[80.19557879800004,9.589642947000073],[80.19486913400004,9.591697700000054],[80.19152056100006,9.592015202000027],[80.19484356700008,9.590846050000039],[80.19557879800004,9.589642947000073]]],[[[80.20128572800007,9.592514433000076],[80.19400122500008,9.594370895000054],[80.19779989100005,9.59259879800004],[80.20128572800007,9.592514433000076]]],[[[80.19240077900008,9.598305227000026],[80.19378301200004,9.598924906000036],[80.19302777300004,9.598880722000047],[80.19240077900008,9.598305227000026]]],[[[80.18945090000005,9.594379842000023],[80.18576171800004,9.594767467000054],[80.18802149000004,9.594179430000054],[80.18921954100006,9.594196284000077],[80.18945090000005,9.594379842000023]]],[[[80.19888613400008,9.594910965000054],[80.19442345000004,9.595080801000051],[80.19856277700006,9.594053968000026],[80.19888613400008,9.594910965000054]]],[[[80.17922630000004,9.604100825000046],[80.17964051100006,9.604019557000072],[80.17951134900005,9.604192395000041],[80.17922630000004,9.604100825000046]]],[[[80.17871630200005,9.604526072000056],[80.17883742400005,9.604488004000075],[80.17890936300006,9.604627013000027],[80.17871630200005,9.604526072000056]]],[[[80.19361992000006,9.598573872000031],[80.19530441000006,9.599117058000047],[80.19533391800007,9.599227104000022],[80.19361992000006,9.598573872000031]]],[[[80.19064601600007,9.599873187000071],[80.19110807800007,9.599884885000051],[80.19099743900006,9.600179302000072],[80.19064601600007,9.599873187000071]]],[[[80.18934429200004,9.600444679000077],[80.18777159700005,9.60189461300007],[80.18253360500006,9.595926267000038],[80.19049175900005,9.595869701000026],[80.18934429200004,9.600444679000077]]],[[[80.19324553300004,9.599445561000039],[80.19256229200005,9.602024406000055],[80.19218114500006,9.599289558000066],[80.19324553300004,9.599445561000039]]],[[[80.17535356800005,9.60572985400006],[80.17520445900004,9.606060360000072],[80.17488082300008,9.605427939000037],[80.17535356800005,9.60572985400006]]],[[[80.17551074300007,9.606539379000026],[80.17566807700007,9.606489682000074],[80.17554903800004,9.606654252000055],[80.17551074300007,9.606539379000026]]],[[[80.17561806400005,9.606276474000026],[80.17587940100003,9.606233919000033],[80.17565596100007,9.606363819000023],[80.17561806400005,9.606276474000026]]],[[[80.18584335300005,9.614346139000077],[80.18493330400008,9.617618496000034],[80.17641859200006,9.608513877000064],[80.18015175900007,9.611705759000074],[80.17980442500004,9.610209869000073],[80.18584335300005,9.614346139000077]]],[[[80.18134439900007,9.615349276000074],[80.17799985900007,9.61394490300006],[80.18080878300003,9.613847387000021],[80.18134439900007,9.615349276000074]]],[[[80.17932319500005,9.616833435000046],[80.17885212600004,9.61784134000004],[80.17906300400006,9.616045187000054],[80.17932319500005,9.616833435000046]]],[[[80.19954478200003,9.61772839400004],[80.19996675400006,9.617566256000032],[80.19982679700007,9.617903955000031],[80.19954478200003,9.61772839400004]]],[[[80.19078177500006,9.617807429000038],[80.19097165100004,9.617966049000074],[80.19078566500008,9.617915779000043],[80.19078177500006,9.617807429000038]]],[[[80.19045382500008,9.617987901000049],[80.19016979100007,9.61794923900004],[80.19063066200005,9.617904622000026],[80.19045382500008,9.617987901000049]]],[[[80.17890605600007,9.605345080000063],[80.17914282500004,9.605393408000054],[80.17877364800006,9.605742010000029],[80.17890605600007,9.605345080000063]]],[[[80.17643827200004,9.605536315000052],[80.17650087200008,9.60561302800005],[80.17639940000004,9.605579324000075],[80.17643827200004,9.605536315000052]]],[[[80.17673480700006,9.606412608000028],[80.17645889400006,9.606483811000032],[80.17695710600003,9.606451302000039],[80.17673480700006,9.606412608000028]]],[[[80.17830396400007,9.605875064000031],[80.17833369600004,9.60571242900005],[80.17838141000004,9.605860866000057],[80.17830396400007,9.605875064000031]]],[[[80.17624942900005,9.60443477800004],[80.17561886600004,9.604811969000025],[80.17567455900007,9.60411741300004],[80.17624942900005,9.60443477800004]]],[[[80.17841483200004,9.604865438000047],[80.17868065800008,9.604918629000053],[80.17869957100004,9.605014408000045],[80.17841483200004,9.604865438000047]]],[[[80.17679083800004,9.604651626000077],[80.17670224500006,9.605048676000024],[80.17654250200007,9.605096207000031],[80.17679083800004,9.604651626000077]]],[[[80.17857544100008,9.604650295000056],[80.17879734600007,9.604789590000053],[80.17844462700003,9.604693137000027],[80.17857544100008,9.604650295000056]]],[[[80.17865074700006,9.60514340900005],[80.17770183300007,9.605371263000052],[80.17767619600005,9.60572049800004],[80.17745095300006,9.605227206000052],[80.17809119300006,9.604802465000034],[80.17865074700006,9.60514340900005]]],[[[80.18872320800006,9.613636461000056],[80.17989612000008,9.606536149000021],[80.18202051100008,9.610478472000068],[80.17691923100006,9.606800261000046],[80.18320571800007,9.60464948400005],[80.18798661300008,9.606759175000036],[80.18872320800006,9.613636461000056]]],[[[80.19204551800004,9.617935300000056],[80.18842484800007,9.620380873000045],[80.19320073100005,9.618856577000031],[80.19204551800004,9.617935300000056]]],[[[80.25546328400003,9.613069780000046],[80.27522313400004,9.650460699000064],[80.28729142900005,9.65640075400006],[80.29737373500006,9.684750175000033],[80.25382991500004,9.722507773000075],[80.23317037600003,9.76248985500007],[80.21895885200007,9.758668811000064],[80.20562333800007,9.727238173000046],[80.18246846000005,9.723245057000042],[80.16169217800007,9.732667721000041],[80.14232398000007,9.71330126600003],[80.11818492500004,9.709864191000065],[80.11204465200007,9.702943079000022],[80.09781816700007,9.709106107000025],[80.06689498600008,9.674172110000029],[80.06716844300007,9.661551949000057],[80.07717176600005,9.652741696000021],[80.14058400400006,9.623633106000057],[80.16906384700007,9.597908485000062],[80.19821794000006,9.580415476000042],[80.20643278600005,9.58547390900003],[80.17829076600003,9.59269677900005],[80.18222756000006,9.594312014000025],[80.18262893600007,9.595372607000058],[80.18132424500004,9.594449834000045],[80.17976097500008,9.594694522000054],[80.17970380600008,9.595076018000043],[80.18196794200009,9.595631498000046],[80.18243922500005,9.599705571000072],[80.18355460500004,9.60028397700006],[80.18408114600004,9.602036314000031],[80.18402593200005,9.602347868000038],[80.17040807100005,9.603829001000065],[80.16790678000007,9.60837903600003],[80.17656748000007,9.609825357000034],[80.17984421700004,9.622861822000061],[80.17288236000007,9.617720471000041],[80.15718017200004,9.624068737000073],[80.16989097500004,9.622846141000025],[80.16320335500006,9.625736166000024],[80.17073929300005,9.636974874000032],[80.16103154800004,9.636462775000041],[80.16031468800008,9.635402046000024],[80.16201297900005,9.633101501000056],[80.16140815600005,9.632076226000038],[80.15798794300008,9.640572449000047],[80.15987986800008,9.64079208000004],[80.16027073400005,9.64254906900004],[80.15298354600003,9.645865886000024],[80.16229641200005,9.656290540000043],[80.20568210400006,9.64037479700005],[80.25546328400003,9.613069780000046]]]]}},{"type":"Feature","properties":{"district":"Jaffna","subdivision":"Agalawatta","centroid_lon":80.17181,"centroid_lat":6.51539,"risk_modifier":0.55,"river_prox":0.0,"coast_prox":1.0,"highland":0.0,"zone":"safe_zone","evac_rank":2,"flood_rank":0},"geometry":{"type":"Polygon","coordinates":[[[80.18598399100006,6.580116691000057],[80.17369445600008,6.572532995000074],[80.14893866600005,6.58070576700004],[80.13316525700003,6.565679317000047],[80.12110859900008,6.572705879000068],[80.11191846900005,6.564500598000052],[80.11502278500006,6.552031820000025],[80.10981364500003,6.547615411000038],[80.11228878400004,6.542546409000067],[80.12151857800006,6.546801343000027],[80.13517627300007,6.525764374000062],[80.13349203600006,6.516781150000043],[80.15218142600008,6.505347556000061],[80.15850182100007,6.489426482000056],[80.15144481400006,6.468110877000072],[80.18011258400009,6.471688121000057],[80.18528339500006,6.457069947000036],[80.20312239400005,6.446968580000032],[80.20502397200005,6.43577517600005],[80.21421552200007,6.435182174000033],[80.21917325400005,6.436544362000063],[80.21409808200008,6.444147645000044],[80.22138518100007,6.444368454000028],[80.22203441700003,6.461667250000062],[80.23224048800006,6.468522150000069],[80.22932752700007,6.480408830000044],[80.21196390400007,6.488005216000033],[80.20327080900006,6.500261967000029],[80.19646586200008,6.497715261000053],[80.18458206600008,6.518495158000064],[80.17155100400004,6.513657135000074],[80.16650745600003,6.520777269000064],[80.17794480000003,6.542000010000038],[80.19313522000004,6.542328769000051],[80.19935582100004,6.553730936000022],[80.18598399100006,6.580116691000057]]]}},{"type":"Feature","properties":{"district":"Jaffna","subdivision":"Delft","centroid_lon":79.6854,"centroid_lat":9.51018,"risk_modifier":0.55,"river_prox":0.0,"coast_prox":1.0,"highland":0.0,"zone":"moderate","evac_rank":0,"flood_rank":0},"geometry":{"type":"MultiPolygon","coordinates":[[[[79.52614630300008,9.383133593000025],[79.52776693700008,9.38855632000002],[79.52095017900007,9.392968060000044],[79.51970969400008,9.387447434000023],[79.52614630300008,9.383133593000025]]],[[[79.65847343300004,9.555875102000073],[79.64869998800003,9.546389117000047],[79.65268530900005,9.505017058000021],[79.70238956400004,9.475744701000053],[79.72126194900005,9.476343188000044],[79.72937367500003,9.492033760000027],[79.72157495300007,9.52681455100003],[79.69055178700006,9.530983724000066],[79.67000755500004,9.552660256000024],[79.65847343300004,9.555875102000073]]]]}},{"type":"Feature","properties":{"district":"Jaffna","subdivision":"Islands North (Kayts)","centroid_lon":79.84832,"centroid_lat":9.67506,"risk_modifier":0.55,"river_prox":0.0,"coast_prox":1.0,"highland":0.0,"zone":"moderate","evac_rank":0,"flood_rank":0},"geometry":{"type":"MultiPolygon","coordinates":[[[[79.85636936000003,9.639617268000052],[79.85558053400007,9.639502779000054],[79.85523925700005,9.63992302500003],[79.85572440000004,9.639235833000043],[79.85636936000003,9.639617268000052]]],[[[79.85818773800008,9.640729745000044],[79.85504091100006,9.641603884000062],[79.85807502900008,9.640223755000022],[79.85818773800008,9.640729745000044]]],[[[79.78127573000006,9.686653759000023],[79.76150215700005,9.658438277000073],[79.77267362600008,9.643942194000033],[79.77149872900003,9.65323877000003],[79.78483586800007,9.66562625000006],[79.78127573000006,9.686653759000023]]],[[[79.79138176600003,9.678136628000061],[79.79148275200004,9.68829041500004],[79.79061568400004,9.689040396000053],[79.78893631500006,9.684887253000056],[79.79138176600003,9.678136628000061]]],[[[79.88293078700008,9.66779973000007],[79.89785136000006,9.683687238000061],[79.88397905000005,9.699289391000036],[79.87040065800005,9.692896063000035],[79.85652663600007,9.70481439300005],[79.83866816000005,9.70272908100003],[79.84824677700004,9.69158602300007],[79.84094779400004,9.685931736000043],[79.84472867500006,9.676889818000063],[79.86228667800003,9.657982687000072],[79.87035210800008,9.634692193000035],[79.88497929000005,9.656240634000028],[79.88293078700008,9.66779973000007]]],[[[79.80780131100005,9.686647581000045],[79.80946372100004,9.701488889000075],[79.81220500200004,9.715948712000056],[79.80545076000004,9.695348219000039],[79.80780131100005,9.686647581000045]]]]}},{"type":"Feature","properties":{"district":"Jaffna","subdivision":"Islands South (Velanai)","centroid_lon":79.88857,"centroid_lat":9.62108,"risk_modifier":0.55,"river_prox":0.0,"coast_prox":1.0,"highland":0.0,"zone":"moderate","evac_rank":0,"flood_rank":0},"geometry":{"type":"MultiPolygon","coordinates":[[[[79.79806154500005,9.579299869000067],[79.79887772600006,9.579374726000026],[79.79867692200008,9.579995592000046],[79.79806154500005,9.579299869000067]]],[[[79.79908335600004,9.594739951000065],[79.80020590600003,9.59470538100004],[79.79932509300005,9.595468422000067],[79.79908335600004,9.594739951000065]]],[[[79.96823117100007,9.607863371000064],[79.96756194400007,9.607948491000059],[79.96734195400006,9.608144810000056],[79.96744618500009,9.607852218000062],[79.96806022600003,9.607715477000056],[79.96823117100007,9.607863371000064]]],[[[79.96565394700008,9.607823921000033],[79.96459830200007,9.608925843000065],[79.96444636000007,9.608251283000072],[79.96565394700008,9.607823921000033]]],[[[79.98016981500007,9.612800428000071],[79.97987851800008,9.613199434000023],[79.97988769700004,9.612939396000058],[79.98016981500007,9.612800428000071]]],[[[79.97982000700006,9.614138440000033],[79.98065729200005,9.61361137800003],[79.98033853000004,9.61457559400003],[79.97982000700006,9.614138440000033]]],[[[79.97989533000003,9.616112844000043],[79.98015008300007,9.616220184000042],[79.98023750700008,9.616513887000053],[79.97989533000003,9.616112844000043]]],[[[79.85841397900003,9.61651067400004],[79.85795343800004,9.616489828000056],[79.85793426200007,9.616858569000044],[79.85795913200008,9.616340756000056],[79.85813494800004,9.616283600000031],[79.85841397900003,9.61651067400004]]],[[[79.97989773800003,9.616687444000036],[79.98014988500006,9.61686117100004],[79.98013955300007,9.617037390000064],[79.97989773800003,9.616687444000036]]],[[[79.98033770800004,9.617088513000056],[79.98043035900008,9.617085986000063],[79.98044577100006,9.617177939000044],[79.98033770800004,9.617088513000056]]],[[[79.85645174600006,9.616723599000068],[79.85664945200006,9.616766428000062],[79.85615460700006,9.617541889000051],[79.85645174600006,9.616723599000068]]],[[[79.85085138700003,9.616670857000031],[79.85313611400005,9.616966209000054],[79.84989930400008,9.617654986000048],[79.85085138700003,9.616670857000031]]],[[[80.00323620900008,9.61792216200007],[80.00412338400008,9.618433192000055],[80.00275116700004,9.618304954000052],[80.00323620900008,9.61792216200007]]],[[[79.85877558700008,9.616464993000022],[79.85813417600008,9.61704652900005],[79.85695186700008,9.618025071000034],[79.85877558700008,9.616464993000022]]],[[[80.00539011400008,9.61964818100006],[80.00467475200008,9.619576447000043],[80.00461387700005,9.620134535000034],[80.00539011400008,9.61964818100006]]],[[[79.84073620200007,9.619874441000036],[79.84084110300006,9.619984001000034],[79.84046563100003,9.62017598600005],[79.84073620200007,9.619874441000036]]],[[[79.98021798700006,9.621560201000023],[79.98034409700006,9.621565345000022],[79.98036208300005,9.621659845000067],[79.98021798700006,9.621560201000023]]],[[[79.76940852900003,9.621613368000055],[79.75945925900004,9.60666158600003],[79.76127049200005,9.589613946000043],[79.77163953700006,9.584469433000038],[79.77516851500008,9.618448135000051],[79.76940852900003,9.621613368000055]]],[[[79.97928627000005,9.621914138000022],[79.97957045800007,9.621890775000054],[79.97923710500004,9.62204231800007],[79.97928627000005,9.621914138000022]]],[[[79.98054736400007,9.621739069000057],[79.98011230500003,9.622114344000067],[79.98009947300005,9.62200197900006],[79.98054736400007,9.621739069000057]]],[[[79.83633503600004,9.62340967800003],[79.83629995300004,9.624732768000058],[79.83529584300004,9.62441743200003],[79.83633503600004,9.62340967800003]]],[[[79.86180874400003,9.624726869000028],[79.85918286300006,9.62399944300006],[79.85990226300004,9.622747054000058],[79.86180874400003,9.624726869000028]]],[[[79.98291991100007,9.630449446000057],[79.98067782200008,9.63025738500005],[79.98168629700007,9.629443251000055],[79.98291991100007,9.630449446000057]]],[[[79.99767444800005,9.634663583000076],[80.00075035600008,9.629683300000067],[80.00404895900004,9.630010353000046],[80.00391547700008,9.632967672000063],[79.99767444800005,9.634663583000076]]],[[[79.85348382000006,9.634712769000032],[79.85158350800003,9.623912090000033],[79.85859018900004,9.617949957000064],[79.86100277300005,9.622517825000045],[79.85996682700005,9.621802728000034],[79.85894066100008,9.623329080000076],[79.85995172600008,9.626502753000068],[79.85348382000006,9.634712769000032]]],[[[80.00370626900008,9.640883299000052],[80.00240615200005,9.641577136000024],[80.00223834400003,9.641497235000031],[80.00370626900008,9.640883299000052]]],[[[79.98248338800005,9.64193971900005],[79.98620360700005,9.641371930000048],[79.98249032800004,9.643073768000022],[79.98248338800005,9.64193971900005]]],[[[79.98780582700005,9.643999396000027],[79.98776285800005,9.64347324800002],[79.98855043700007,9.643309647000024],[79.98780582700005,9.643999396000027]]],[[[79.99880405300007,9.644847661000028],[79.99670880000008,9.644088121000038],[79.99828900300008,9.644212534000076],[79.99933042800006,9.643924599000059],[80.00176084100008,9.641797920000045],[79.99880405300007,9.644847661000028]]],[[[80.01171750400005,9.641274649000025],[80.00099320200007,9.648831916000063],[80.00097321900006,9.646990594000044],[80.00339165500003,9.644832503000032],[80.01171750400005,9.641274649000025]]],[[[79.98823449300005,9.652591431000076],[79.99111422500005,9.65302811600003],[79.98757644300008,9.653566814000044],[79.98823449300005,9.652591431000076]]],[[[79.93197645300006,9.666661623000039],[79.93247847200007,9.666782026000021],[79.93219406100008,9.667203080000036],[79.93197645300006,9.666661623000039]]],[[[79.93245370000005,9.669000527000037],[79.93292445100008,9.66906816200003],[79.93288328700004,9.669462113000066],[79.93245370000005,9.669000527000037]]],[[[79.93205226500004,9.668003838000061],[79.93193739800006,9.670226282000044],[79.93056432600008,9.666239807000068],[79.93205226500004,9.668003838000061]]],[[[79.93128173800005,9.669499360000032],[79.93152602300006,9.670618741000055],[79.93102350100008,9.669605139000055],[79.93128173800005,9.669499360000032]]],[[[79.93686613400007,9.673954515000048],[79.93745835500005,9.67380255300003],[79.93748380000005,9.674259805000077],[79.93686613400007,9.673954515000048]]],[[[79.93535904600003,9.674348284000075],[79.93706206400003,9.67461098800004],[79.93616003100004,9.676086533000046],[79.93535904600003,9.674348284000075]]],[[[79.93692811100004,9.676609425000038],[79.93770061700008,9.676738616000023],[79.93669982300008,9.67753145100005],[79.93692811100004,9.676609425000038]]],[[[79.90334465800004,9.677249113000073],[79.90372317800006,9.677396995000038],[79.90309911500003,9.67763194400004],[79.90334465800004,9.677249113000073]]],[[[79.93396775700006,9.668685992000064],[79.93573921500007,9.676190983000026],[79.93419952300007,9.677019432000066],[79.93321572600007,9.678121945000044],[79.93396775700006,9.668685992000064]]],[[[79.93467149700007,9.67699957800005],[79.93454743500007,9.678846661000023],[79.93301258300005,9.679215107000061],[79.93467149700007,9.67699957800005]]],[[[79.91492894900006,9.679177585000048],[79.91387815000007,9.68065731200005],[79.91311058700006,9.679889953000043],[79.91492894900006,9.679177585000048]]],[[[79.87325145600005,9.635741429000063],[79.89039575600003,9.623522078000065],[79.86029149800004,9.607008407000023],[79.84218096700005,9.619281318000048],[79.83209632700004,9.610616552000067],[79.82005307600008,9.609927251000045],[79.81846384800008,9.625451669000029],[79.81628300300008,9.620304625000074],[79.81047588100006,9.626784118000046],[79.80309403900003,9.602487057000076],[79.80827992800005,9.59892770600004],[79.80667034400005,9.589969831000076],[79.79784525700006,9.588924641000062],[79.78765453900007,9.600959241000055],[79.79025950600004,9.589338769000051],[79.79442956400004,9.592070036000052],[79.78967907800006,9.583848487000068],[79.79752445400004,9.57906089900007],[79.80092625700007,9.588868268000056],[79.80159449400008,9.576610750000043],[79.85515315500004,9.568121379000047],[79.86013557600006,9.606829607000066],[79.88985915600006,9.623115480000024],[79.90548133700008,9.616895318000047],[79.91609493400006,9.632819039000026],[79.94668692200008,9.625751657000023],[79.96768807600006,9.612480491000042],[79.97049373200008,9.612200029000064],[79.97438068700006,9.613519263000057],[79.97296417700005,9.615673154000035],[79.97887875700007,9.621478810000042],[79.98092629700005,9.620899722000047],[79.98289044300003,9.612835517000065],[79.97551562000007,9.605070645000069],[79.96595259900005,9.605471451000028],[79.96237581700007,9.610210135000045],[79.96572940500005,9.604396423000026],[79.98061459400003,9.597416851000048],[79.99882291000006,9.60346932400006],[80.00413011300003,9.615017317000024],[80.00005705600006,9.616310196000029],[80.00545380600005,9.630412940000042],[80.00064191200005,9.62784584800005],[79.99548188600005,9.639595524000072],[80.00180041500005,9.637735795000026],[80.00382083800008,9.63880447400004],[80.00081752500006,9.641681100000028],[79.99784701600004,9.64102274000004],[79.99596312800008,9.641122405000033],[79.99536117000008,9.641448443000058],[80.00060496400005,9.64222323100006],[79.99527482800005,9.642875168000046],[79.99312185100007,9.64797985000007],[79.99738067300007,9.654214874000047],[79.98391130800007,9.63707327000003],[79.98182204300008,9.619641333000061],[79.98149777200007,9.620731958000022],[79.97874754300005,9.622029540000028],[79.98201704000007,9.624903528000061],[79.98012326100007,9.629607684000064],[79.98180937900008,9.631740284000045],[79.98240897600004,9.635061353000026],[79.96426606700004,9.633003839000025],[79.92198841900006,9.659663306000027],[79.93185673900007,9.663560721000067],[79.92964970000008,9.664834536000058],[79.92995971500005,9.672554399000035],[79.93313091300007,9.675603899000066],[79.92827962400008,9.681338277000066],[79.88410194400007,9.669251374000055],[79.88497929000005,9.656240634000028],[79.87325145600005,9.635741429000063]]]]}},{"type":"Feature","properties":{"district":"Jaffna","subdivision":"Jaffna","centroid_lon":80.01917,"centroid_lat":9.66335,"risk_modifier":0.55,"river_prox":0.0,"coast_prox":1.0,"highland":0.0,"zone":"moderate","evac_rank":0,"flood_rank":0},"geometry":{"type":"Polygon","coordinates":[[[79.99738067300007,9.654214874000047],[80.00308243700005,9.662531099000034],[80.01664430500006,9.648577798000076],[80.03447042400006,9.645928791000074],[80.05136877800004,9.647369696000055],[80.05537613700005,9.65443549400004],[80.03597868600008,9.65925395000005],[80.03274201600004,9.654897817000062],[80.02719646900005,9.660576923000065],[80.03188902200003,9.666448606000074],[80.01053700300008,9.673402187000022],[79.99799208200005,9.694508585000051],[79.99660803400008,9.671318402000054],[80.00322473900007,9.663092015000075],[79.99738067300007,9.654214874000047]]]}},{"type":"Feature","properties":{"district":"Jaffna","subdivision":"Karainagar","centroid_lon":79.8734,"centroid_lat":9.73547,"risk_modifier":0.55,"river_prox":0.0,"coast_prox":1.0,"highland":0.0,"zone":"moderate","evac_rank":0,"flood_rank":0},"geometry":{"type":"MultiPolygon","coordinates":[[[[79.86285570600006,9.707225571000038],[79.86252207800004,9.707791801000042],[79.86229323300006,9.70801285400006],[79.86285570600006,9.707225571000038]]],[[[79.84623764800006,9.71130443100003],[79.84557179800004,9.71137711800003],[79.84617708700006,9.710992408000038],[79.84623764800006,9.71130443100003]]],[[[79.89665851300003,9.741515869000068],[79.89197073400004,9.74112967000002],[79.89202284500004,9.762803035000047],[79.89966523400005,9.766724866000061],[79.86131381200005,9.761996287000045],[79.85266626200007,9.749422954000067],[79.85920751200007,9.726323752000042],[79.84790320100007,9.712561648000076],[79.87856179600004,9.704221422000046],[79.89023422300005,9.712789559000043],[79.88668594900008,9.728598637000061],[79.89665851300003,9.741515869000068]]]]}},{"type":"Feature","properties":{"district":"Jaffna","subdivision":"Nallur","centroid_lon":80.04674,"centroid_lat":9.66836,"risk_modifier":0.55,"river_prox":0.0,"coast_prox":1.0,"highland":0.0,"zone":"moderate","evac_rank":0,"flood_rank":0},"geometry":{"type":"MultiPolygon","coordinates":[[[[80.08053781900009,9.643514095000057],[80.08097773600008,9.644180093000045],[80.08006697500008,9.643736830000023],[80.08053781900009,9.643514095000057]]],[[[80.09034031300007,9.641928576000055],[80.08046178800004,9.645033431000058],[80.08377330100006,9.642567899000028],[80.08934774900007,9.640991068000062],[80.09034031300007,9.641928576000055]]],[[[80.07466674300008,9.651175141000067],[80.07484856800005,9.651298226000051],[80.07494274900006,9.652201478000052],[80.07466674300008,9.651175141000067]]],[[[80.07457237300008,9.65925691600006],[80.04071777800004,9.672766337000041],[80.04089629900005,9.684468120000076],[80.03544774900007,9.685061258000076],[80.04091042000005,9.693795441000077],[80.03411131900003,9.696433342000034],[80.04313333100004,9.706795601000067],[80.02960452500008,9.71281827000007],[80.03162374700008,9.718259445000058],[80.02092064500005,9.71861158400003],[80.01499567000008,9.702343014000064],[79.99994510800008,9.699527816000057],[80.00758855000004,9.67678956800006],[80.03109644900007,9.667139277000047],[80.02719646900005,9.660576923000065],[80.03291449900007,9.654780887000072],[80.03597868600008,9.65925395000005],[80.05537613700005,9.65443549400004],[80.05136877800004,9.647369696000055],[80.09446000800006,9.618947821000063],[80.12812943800003,9.606492674000037],[80.13324559000006,9.609527541000034],[80.11529157700005,9.614038167000047],[80.09569834700005,9.634752296000045],[80.07820934500006,9.64167360700003],[80.07473483800004,9.645132441000044],[80.07941363700007,9.64798819200007],[80.07301644600005,9.647961192000025],[80.07457237300008,9.65925691600006]]]]}},{"type":"Feature","properties":{"district":"Jaffna","subdivision":"Vadamaradchchi South-West (Karaveddy)","centroid_lon":80.18218,"centroid_lat":9.77594,"risk_modifier":0.55,"river_prox":0.0,"coast_prox":1.0,"highland":0.0,"zone":"moderate","evac_rank":0,"flood_rank":0},"geometry":{"type":"Polygon","coordinates":[[[80.23725162200003,9.760472432000029],[80.24371610000009,9.76843555000005],[80.21697986300006,9.790278952000051],[80.22394618900006,9.800097418000064],[80.21590579600007,9.803182788000072],[80.21453421600006,9.81806126600003],[80.20301649200007,9.821670202000064],[80.19935523600003,9.81495170100004],[80.18853304500004,9.818165265000061],[80.18250734800006,9.813433755000062],[80.15920149900006,9.821003790000077],[80.13633975000005,9.80286908200003],[80.12705517600006,9.809032399000046],[80.12687996700004,9.785411599000042],[80.14461163100003,9.752671034000059],[80.15975444100008,9.75001267600004],[80.15503408100005,9.74684417700007],[80.16952558500003,9.725923007000063],[80.20562333800007,9.727238173000046],[80.21895885200007,9.758668811000064],[80.23725162200003,9.760472432000029]]]}},{"type":"Feature","properties":{"district":"Jaffna","subdivision":"Vadamaradchi North (Point Pedro)","centroid_lon":80.21633,"centroid_lat":9.80806,"risk_modifier":0.55,"river_prox":0.0,"coast_prox":1.0,"highland":0.0,"zone":"moderate","evac_rank":0,"flood_rank":0},"geometry":{"type":"Polygon","coordinates":[[[80.26921096000007,9.785700360000021],[80.24959085900008,9.82562708100005],[80.21213822600004,9.83557292200004],[80.16729616500004,9.824758579000047],[80.13757478200006,9.825174506000053],[80.12707606700008,9.80965113800005],[80.13386272200006,9.80200773000007],[80.15900068400003,9.820972522000034],[80.18250734800006,9.813433755000062],[80.18853304500004,9.818165265000061],[80.19935523600003,9.81495170100004],[80.20301649200007,9.821670202000064],[80.21854056100005,9.815477613000041],[80.21590579600007,9.803182788000072],[80.22394618900006,9.800097418000064],[80.21697986300006,9.790278952000051],[80.24509497500003,9.767297493000058],[80.26921096000007,9.785700360000021]]]}},{"type":"Feature","properties":{"district":"Jaffna","subdivision":"Valikamam East (Kopay)","centroid_lon":80.0946,"centroid_lat":9.73689,"risk_modifier":0.55,"river_prox":0.0,"coast_prox":1.0,"highland":0.0,"zone":"moderate","evac_rank":0,"flood_rank":0},"geometry":{"type":"Polygon","coordinates":[[[80.16293958800003,9.732658031000028],[80.15503408100005,9.74684417700007],[80.15975444100008,9.75001267600004],[80.14461163100003,9.752671034000059],[80.12687996700004,9.785411599000042],[80.13183448300003,9.820004621000066],[80.09794500700008,9.808835780000038],[80.09271530600006,9.795677334000061],[80.09823067800005,9.787121177000074],[80.08137717000005,9.75271039300003],[80.04284261800007,9.743849190000049],[80.03633788800005,9.734635558000036],[80.02925461100006,9.713973743000054],[80.04313333100004,9.706795601000067],[80.03411131900003,9.696433342000034],[80.04091042000005,9.693795441000077],[80.03544774900007,9.685061258000076],[80.04089629900005,9.684468120000076],[80.04033746500005,9.673494075000065],[80.06642911200004,9.663321078000024],[80.06689498600008,9.674172110000029],[80.08100118200008,9.69538741200006],[80.09781816700007,9.709106107000025],[80.11204465200007,9.702943079000022],[80.11818492500004,9.709864191000065],[80.14232398000007,9.71330126600003],[80.16293958800003,9.732658031000028]]]}},{"type":"Feature","properties":{"district":"Jaffna","subdivision":"Valikamam North (Thllippalai)","centroid_lon":80.03952,"centroid_lat":9.78883,"risk_modifier":0.55,"river_prox":0.0,"coast_prox":1.0,"highland":0.0,"zone":"moderate","evac_rank":0,"flood_rank":0},"geometry":{"type":"Polygon","coordinates":[[[80.09794500700008,9.808835780000038],[80.04198685700004,9.816169204000062],[80.02810041000004,9.823258957000064],[80.03400266000006,9.817430623000064],[79.98230743100004,9.809872494000047],[79.98291803100005,9.800175083000056],[79.99396155100004,9.805661843000053],[79.99150543200005,9.797702642000047],[79.99893021100007,9.787339117000045],[79.98722209300007,9.76928238000005],[79.99982876400009,9.756694117000052],[80.01804566400006,9.75234761300004],[80.02861957000005,9.753920727000036],[80.03103876900008,9.766155379000054],[80.04506893400008,9.774480052000058],[80.08637656200005,9.764674925000065],[80.09823067800005,9.787121177000074],[80.09271530600006,9.795677334000061],[80.09794500700008,9.808835780000038]]]}},{"type":"Feature","properties":{"district":"Jaffna","subdivision":"Valikamam South (Uduvil)","centroid_lon":80.03212,"centroid_lat":9.74474,"risk_modifier":0.55,"river_prox":0.0,"coast_prox":1.0,"highland":0.0,"zone":"moderate","evac_rank":0,"flood_rank":0},"geometry":{"type":"Polygon","coordinates":[[[80.03162374700008,9.718259445000058],[80.04284261800007,9.743849190000049],[80.08137717000005,9.75271039300003],[80.08513207300007,9.764302996000026],[80.04506893400008,9.774480052000058],[80.03103876900008,9.766155379000054],[80.02861957000005,9.753920727000036],[80.00080018500006,9.754820695000035],[79.98829866500006,9.74156610700004],[80.00774830300008,9.718901078000044],[80.00420872100005,9.702703734000067],[80.01272701200008,9.700562200000036],[80.02092064500005,9.71861158400003],[80.03162374700008,9.718259445000058]]]}},{"type":"Feature","properties":{"district":"Jaffna","subdivision":"Valikamam South West (Sandilipay)","centroid_lon":79.97839,"centroid_lat":9.75084,"risk_modifier":0.55,"river_prox":0.0,"coast_prox":1.0,"highland":0.0,"zone":"flood_zone","evac_rank":0,"flood_rank":2},"geometry":{"type":"Polygon","coordinates":[[[79.99829106900006,9.693219229000022],[80.00774830300008,9.718901078000044],[79.98800203600007,9.74087750600006],[80.00482408300007,9.755275810000057],[79.98722209300007,9.76928238000005],[79.99893021100007,9.787339117000045],[79.99150543200005,9.797702642000047],[79.99396155100004,9.805661843000053],[79.98291803100005,9.800175083000056],[79.98230743100004,9.809872494000047],[79.94491407100008,9.79463617500005],[79.94050058200008,9.784777642000051],[79.94487366700008,9.774142640000036],[79.95634492400006,9.771334674000059],[79.95853283200006,9.759394239000073],[79.97521723100004,9.756535627000062],[79.98560526200004,9.764701972000069],[79.98381736300007,9.754111994000027],[79.97080825200004,9.74120179700003],[79.97252315400004,9.721596714000043],[79.96507407900003,9.714765429000067],[79.96358409800007,9.699998017000041],[79.97853014600008,9.68450656300007],[79.99829106900006,9.693219229000022]]]}},{"type":"Feature","properties":{"district":"Jaffna","subdivision":"Valikamam West (Chankanai)","centroid_lon":79.94337,"centroid_lat":9.74134,"risk_modifier":0.55,"river_prox":0.0,"coast_prox":1.0,"highland":0.0,"zone":"flood_zone","evac_rank":0,"flood_rank":1},"geometry":{"type":"MultiPolygon","coordinates":[[[[79.90765713700006,9.74809706800005],[79.90148569000007,9.749742214000037],[79.90579463600005,9.745270127000026],[79.90765713700006,9.74809706800005]]],[[[79.89665867500008,9.741382356000031],[79.91762860300008,9.74398324300006],[79.92268955900005,9.739629999000044],[79.93761378700003,9.692820149000056],[79.95173117500008,9.689007508000032],[79.96514068000005,9.705017743000042],[79.96507407900003,9.714765429000067],[79.97252315400004,9.721596714000043],[79.97080825200004,9.74120179700003],[79.98611859700003,9.763618149000024],[79.98180998500004,9.766573061000031],[79.97521723100004,9.756535627000062],[79.95853283200006,9.759394239000073],[79.95634492400006,9.771334674000059],[79.94487366700008,9.774142640000036],[79.94050522300006,9.785867124000049],[79.90824918900006,9.774602636000054],[79.90415988800004,9.757986544000062],[79.91793139500004,9.744171081000047],[79.89665867500008,9.741382356000031]]]]}},{"type":"Feature","properties":{"district":"Kalutara","subdivision":"Ayagama","centroid_lon":80.28975,"centroid_lat":6.65114,"risk_modifier":0.8399,"river_prox":0.706,"coast_prox":1.0,"highland":0.111,"zone":"moderate","evac_rank":0,"flood_rank":0},"geometry":{"type":"Polygon","coordinates":[[[80.29121801400004,6.72480457100005],[80.27008316800004,6.734727505000023],[80.26671591100006,6.73080430300007],[80.25435979700006,6.735342078000031],[80.25243551300008,6.729259434000028],[80.23723677700008,6.73450288600003],[80.22462510300005,6.728471805000027],[80.19660436800007,6.730089222000061],[80.21404417800005,6.691057386000068],[80.24743113200003,6.658159547000025],[80.25289189300008,6.626727584000037],[80.27986606900004,6.617903086000069],[80.30188103500006,6.595217189000039],[80.32528717400004,6.550051544000041],[80.32805722600006,6.575455777000059],[80.33637573100003,6.578477369000041],[80.34613910800005,6.577994078000074],[80.36257518500008,6.549255896000034],[80.38143086300005,6.556340254000077],[80.37420067900007,6.569771560000049],[80.38004335600004,6.586747333000062],[80.32356529400005,6.64940512000004],[80.29121801400004,6.72480457100005]]]}},{"type":"Feature","properties":{"district":"Kalutara","subdivision":"Balapitiya","centroid_lon":80.04871,"centroid_lat":6.31391,"risk_modifier":0.55,"river_prox":0.0,"coast_prox":1.0,"highland":0.0,"zone":"safe_zone","evac_rank":1,"flood_rank":0},"geometry":{"type":"Polygon","coordinates":[[[80.06124867400007,6.255527541000049],[80.06043957900005,6.296480884000061],[80.06830883900005,6.301797779000026],[80.06499736500007,6.312594632000071],[80.07825629300004,6.320417092000071],[80.07872926700009,6.328176017000033],[80.06243924900008,6.367105733000074],[80.04585085300005,6.370395573000053],[80.03532573800004,6.360938823000026],[80.03714819800007,6.354479192000042],[80.01360135600004,6.356424236000066],[80.03478534200008,6.297085479000032],[80.03059903200005,6.273122583000031],[80.03577892000004,6.255216172000075],[80.05071626000006,6.242630822000024],[80.06124867400007,6.255527541000049]]]}},{"type":"Feature","properties":{"district":"Kalutara","subdivision":"Bandaragama","centroid_lon":79.97363,"centroid_lat":6.7182,"risk_modifier":0.684,"river_prox":0.298,"coast_prox":1.0,"highland":0.0,"zone":"moderate","evac_rank":0,"flood_rank":0},"geometry":{"type":"Polygon","coordinates":[[[79.96998834600004,6.758707911000045],[79.94722753500008,6.762348749000068],[79.94383562400003,6.749602103000029],[79.93655648800006,6.747620053000048],[79.94774326100008,6.741378534000035],[79.94567708500006,6.716047442000047],[79.92448255900007,6.71907959300006],[79.91589987700007,6.710962518000031],[79.92758149300005,6.713194606000059],[79.92957666200004,6.69408484500002],[79.93757645500006,6.688877293000075],[79.96585743000009,6.690515507000043],[79.96986743500008,6.698295849000033],[79.98059917200004,6.682034222000027],[80.00205989900007,6.691046097000026],[80.00697124800007,6.686525312000072],[80.00993005400005,6.708149682000055],[80.02152544300003,6.72190185900007],[80.02005604100003,6.734584857000073],[80.01007857600007,6.733869840000068],[80.00301638300004,6.747216817000037],[79.99141330100008,6.738920111000027],[79.97668805200004,6.743383244000029],[79.96998834600004,6.758707911000045]]]}},{"type":"Feature","properties":{"district":"Kalutara","subdivision":"Bentota","centroid_lon":80.05395,"centroid_lat":6.38626,"risk_modifier":0.55,"river_prox":0.0,"coast_prox":1.0,"highland":0.0,"zone":"safe_zone","evac_rank":2,"flood_rank":0},"geometry":{"type":"Polygon","coordinates":[[[80.06625117100003,6.361805366000056],[80.07238936200008,6.376767414000028],[80.07911542500005,6.379015398000035],[80.09393453700005,6.362635019000038],[80.10349888200005,6.362280456000065],[80.12131188700005,6.333118587000058],[80.13838522400005,6.335991032000038],[80.13112161800007,6.348344327000063],[80.13125639700007,6.364619945000072],[80.10633655200007,6.388664941000059],[80.08315907500008,6.401624666000032],[80.06697083400007,6.397822228000052],[80.05950109500003,6.40758454500002],[80.02598616100005,6.420346583000025],[80.01073654600003,6.436232851000057],[79.99574260400004,6.426079412000036],[79.98449362100007,6.440936104000059],[80.01412429400006,6.357942205000029],[80.03714819800007,6.354479192000042],[80.03532573800004,6.360938823000026],[80.04585085300005,6.370395573000053],[80.05833403900004,6.370236021000039],[80.06625117100003,6.361805366000056]]]}},{"type":"Feature","properties":{"district":"Kalutara","subdivision":"Beruwala","centroid_lon":80.00259,"centroid_lat":6.48848,"risk_modifier":0.55,"river_prox":0.0,"coast_prox":1.0,"highland":0.0,"zone":"moderate","evac_rank":0,"flood_rank":0},"geometry":{"type":"MultiPolygon","coordinates":[[[[79.97701213700003,6.441074927000045],[79.97701331900004,6.441302905000043],[79.97690953300008,6.441126222000037],[79.97701213700003,6.441074927000045]]],[[[79.97723960300004,6.446654784000032],[79.97621323200008,6.446330616000068],[79.97728951900007,6.446590384000046],[79.97723960300004,6.446654784000032]]],[[[79.97690943100008,6.449669872000072],[79.97477825400006,6.452229991000024],[79.97747690500006,6.44754173900003],[79.97690943100008,6.449669872000072]]],[[[79.96837227700007,6.462120855000023],[79.96533864400004,6.462437440000031],[79.96722144500006,6.461051804000022],[79.96837227700007,6.462120855000023]]],[[[79.96924055500006,6.468798588000027],[79.96994364300008,6.469066551000026],[79.96939075700004,6.469417460000045],[79.96924055500006,6.468798588000027]]],[[[79.96876447200003,6.470505715000058],[79.96786175300008,6.471327398000028],[79.96825834900005,6.470207674000051],[79.96876447200003,6.470505715000058]]],[[[80.02268896900006,6.42725271200004],[80.03483196700006,6.43741766100004],[80.03308869500006,6.447291837000023],[80.03923903900005,6.454043081000066],[80.03613722000006,6.466802695000069],[80.02421923500003,6.47079433600004],[80.03695956500007,6.478298719000065],[80.02975954300007,6.486684392000029],[80.03192226200008,6.501664406000032],[80.02041512100004,6.517955304000054],[80.02049707000003,6.530281892000062],[80.01590815300005,6.529937411000049],[80.01294670400006,6.544113247000041],[80.01823117700008,6.549001364000048],[80.00464960900007,6.543341643000076],[80.00035290700004,6.553756492000048],[79.98760725100004,6.554358192000052],[79.96736849300004,6.543167999000048],[79.97942090300006,6.51013120500005],[79.97387028600008,6.505388061000076],[79.98057153700006,6.478625065000074],[79.97121454900008,6.470133894000071],[79.97221053700008,6.459550190000073],[79.99574260400004,6.426079412000036],[80.00690556900008,6.436815356000068],[80.02268896900006,6.42725271200004]]]]}},{"type":"Feature","properties":{"district":"Kalutara","subdivision":"Bulathsinhala","centroid_lon":80.17234,"centroid_lat":6.64802,"risk_modifier":0.756,"river_prox":0.458,"coast_prox":1.0,"highland":0.0,"zone":"moderate","evac_rank":0,"flood_rank":0},"geometry":{"type":"Polygon","coordinates":[[[80.18598399100006,6.580116691000057],[80.21075397800007,6.581081883000024],[80.21099456600007,6.592726008000056],[80.22645251900008,6.591280429000051],[80.25152243900004,6.607655185000056],[80.24752375900005,6.616573980000055],[80.25860794400006,6.622019905000059],[80.24778234600006,6.635367870000039],[80.24953259000006,6.653437221000047],[80.23953205600003,6.670075449000024],[80.21404417800005,6.691057386000068],[80.19915146900007,6.726186743000028],[80.14286119200005,6.72353586600002],[80.12298166500005,6.700289090000069],[80.10598257800007,6.703783474000033],[80.08879434800008,6.68208906600006],[80.09157890300008,6.675505628000053],[80.08574065300007,6.668760597000073],[80.09246621600005,6.652462291000063],[80.10069413500008,6.649776305000046],[80.10601870600004,6.655328223000026],[80.11851214300003,6.640956740000036],[80.13614175800006,6.604571419000024],[80.12793652400006,6.598201651000068],[80.13043485800006,6.593472949000045],[80.11054453300005,6.59565421700006],[80.11189993800008,6.564473973000077],[80.12110859900008,6.572705879000068],[80.13317881900008,6.565681595000058],[80.13789406500007,6.575588397000047],[80.14051269600003,6.572052770000028],[80.14938428300007,6.580822707000038],[80.17369445600008,6.572532995000074],[80.18598399100006,6.580116691000057]]]}},{"type":"Feature","properties":{"district":"Kalutara","subdivision":"Dodangoda","centroid_lon":80.04241,"centroid_lat":6.57078,"risk_modifier":0.55,"river_prox":0.0,"coast_prox":1.0,"highland":0.0,"zone":"moderate","evac_rank":0,"flood_rank":0},"geometry":{"type":"Polygon","coordinates":[[[80.03474736000004,6.48228627900005],[80.05010061000007,6.489343428000041],[80.05355489400006,6.505733553000027],[80.04829175200007,6.505074924000041],[80.04728889600005,6.516736503000061],[80.05381011400004,6.508238500000061],[80.05076747600003,6.51635299000003],[80.05431119400004,6.511498074000031],[80.05740116200008,6.515064378000034],[80.05360100900003,6.528267738000068],[80.05923298600004,6.53570043600007],[80.07724580500008,6.540879026000027],[80.07536830700008,6.551866480000058],[80.08981443200008,6.554236520000075],[80.09297537900005,6.56649958600002],[80.10696668900005,6.576519740000037],[80.09533680900006,6.599078597000073],[80.08898228400005,6.597723113000029],[80.08889943100007,6.617628997000054],[80.08052501700007,6.632453394000038],[80.05955816400007,6.616527694000069],[80.04790964200004,6.587960843000076],[80.02648554900009,6.601437346000068],[80.02478518800007,6.622616134000054],[80.00759577900004,6.634474438000041],[80.00263977500003,6.627873151000074],[79.98799028700006,6.627084186000047],[79.97475629900003,6.609840809000048],[79.99201407700008,6.598828731000026],[79.99846622700005,6.605275668000047],[80.00211788600006,6.595710843000063],[79.99312206000008,6.585672024000075],[79.99890824100004,6.576023922000047],[79.99222754900006,6.571290350000027],[80.00387683300005,6.563609496000026],[79.99926573500005,6.558681666000041],[80.00464960900007,6.543341643000076],[80.01823117700008,6.549001364000048],[80.01294670400006,6.544113247000041],[80.01486591300005,6.533644166000045],[80.03192226200008,6.501664406000032],[80.02975954300007,6.486684392000029],[80.03474736000004,6.48228627900005]]]}},{"type":"Feature","properties":{"district":"Kalutara","subdivision":"Horana","centroid_lon":80.05363,"centroid_lat":6.75594,"risk_modifier":0.8832,"river_prox":0.74,"coast_prox":1.0,"highland":0.0,"zone":"flood_zone","evac_rank":0,"flood_rank":2},"geometry":{"type":"Polygon","coordinates":[[[80.02005604100003,6.734584857000073],[80.02711778100007,6.711462778000055],[80.04555876700005,6.717976819000057],[80.05713194500004,6.691779936000046],[80.07467244600008,6.708120868000037],[80.08235984300006,6.708200185000067],[80.08865355900008,6.723291915000061],[80.10652814200006,6.720618199000057],[80.10450296100004,6.748213890000045],[80.11138654000007,6.760467548000065],[80.08761682400007,6.814979039000036],[80.07402557200004,6.815421502000049],[80.05963961500004,6.790068033000068],[80.03413354100007,6.806025060000024],[80.00082664700005,6.770606493000059],[79.96998834600004,6.758707911000045],[79.97668805200004,6.743383244000029],[79.99091575600005,6.738879358000077],[80.00301638300004,6.747216817000037],[80.00812252100008,6.744085079000058],[80.01007857600007,6.733869840000068],[80.02005604100003,6.734584857000073]]]}},{"type":"Feature","properties":{"district":"Kalutara","subdivision":"Ingiriya","centroid_lon":80.14982,"centroid_lat":6.76222,"risk_modifier":0.95,"river_prox":0.989,"coast_prox":1.0,"highland":0.007,"zone":"flood_zone","evac_rank":0,"flood_rank":1},"geometry":{"type":"Polygon","coordinates":[[[80.20323632800006,6.730138212000043],[80.19045312600008,6.760536641000044],[80.19085941100008,6.782332775000043],[80.17341645700003,6.820668010000077],[80.16471978800007,6.816242680000073],[80.14577104600005,6.825885225000036],[80.11395990200003,6.804703253000071],[80.12389889300005,6.77383171300005],[80.10782629900007,6.76997566600005],[80.10662227200004,6.704049998000073],[80.12298166500005,6.700289090000069],[80.14286119200005,6.72353586600002],[80.17918042900004,6.722892557000023],[80.20323632800006,6.730138212000043]]]}},{"type":"Feature","properties":{"district":"Kalutara","subdivision":"Kalutara","centroid_lon":79.9691,"centroid_lat":6.61976,"risk_modifier":0.55,"river_prox":0.0,"coast_prox":1.0,"highland":0.0,"zone":"moderate","evac_rank":0,"flood_rank":0},"geometry":{"type":"Polygon","coordinates":[[[79.95286778800005,6.688416825000047],[79.94929462700003,6.672714382000038],[79.93793022900007,6.668719521000071],[79.94066660200008,6.654669277000039],[79.94966606400004,6.65486988300006],[79.94618685300003,6.648039122000057],[79.92966220800008,6.64945575400003],[79.96736849300004,6.543167999000048],[79.98760725100004,6.554358192000052],[79.99986464600005,6.552042983000035],[80.00387683300005,6.563609496000026],[79.99212299200008,6.571824180000021],[79.99890824100004,6.576023922000047],[79.99312206000008,6.585672024000075],[80.00211788600006,6.595710843000063],[79.99846622700005,6.605275668000047],[79.99201407700008,6.598828731000026],[79.97472267100005,6.609681799000043],[79.98799028700006,6.627084186000047],[80.00263977500003,6.627873151000074],[80.00781380500007,6.635623876000068],[79.99175470400007,6.644633182000064],[79.96986743500008,6.698295849000033],[79.96657833300003,6.690878995000048],[79.95286778800005,6.688416825000047]]]}},{"type":"Feature","properties":{"district":"Kalutara","subdivision":"Madurawala","centroid_lon":80.09156,"centroid_lat":6.65125,"risk_modifier":0.6915,"river_prox":0.314,"coast_prox":1.0,"highland":0.0,"zone":"moderate","evac_rank":0,"flood_rank":0},"geometry":{"type":"Polygon","coordinates":[[[80.10662227200004,6.704049998000073],[80.10712290800006,6.719702380000058],[80.09600823400007,6.725843731000055],[80.08640872300003,6.721404809000035],[80.08235984300006,6.708200185000067],[80.07467244600008,6.708120868000037],[80.05982615800008,6.692265693000024],[80.05353881500008,6.693903668000075],[80.06205803100005,6.671284884000045],[80.05298007100004,6.665571020000073],[80.05380569000005,6.651969698000073],[80.04613739600006,6.645070470000064],[80.05137799700003,6.64910431900006],[80.06482111800005,6.645074671000032],[80.07137924300008,6.624286208000058],[80.07813157300006,6.632254997000075],[80.08618027300008,6.626484979000054],[80.08898228400005,6.597723113000029],[80.09533680900006,6.599078597000073],[80.10659890600004,6.579525043000046],[80.11214446900004,6.582105536000029],[80.11070244700005,6.595800371000053],[80.13043485800006,6.593472949000045],[80.12793652400006,6.598201651000068],[80.13614175800006,6.604571419000024],[80.11851214300003,6.640956740000036],[80.10601870600004,6.655328223000026],[80.10069413500008,6.649776305000046],[80.09246621600005,6.652462291000063],[80.08572708700007,6.66837569300003],[80.09163889500007,6.675772881000057],[80.08879434800008,6.68208906600006],[80.10662227200004,6.704049998000073]]]}},{"type":"Feature","properties":{"district":"Kalutara","subdivision":"Matugama","centroid_lon":80.08908,"centroid_lat":6.48784,"risk_modifier":0.55,"river_prox":0.0,"coast_prox":1.0,"highland":0.0,"zone":"moderate","evac_rank":0,"flood_rank":0},"geometry":{"type":"Polygon","coordinates":[[[80.11174686500004,6.543198903000075],[80.11214446900004,6.582105536000029],[80.10014509600006,6.56703722900005],[80.09297537900005,6.56649958600002],[80.08981443200008,6.554236520000075],[80.07536830700008,6.551866480000058],[80.07724580500008,6.540879026000027],[80.06613999400008,6.541109149000022],[80.05360100900003,6.528267738000068],[80.05381011400004,6.508238500000061],[80.05024350000008,6.515310851000038],[80.04728889600005,6.516736503000061],[80.04829175200007,6.505074924000041],[80.05355489400006,6.505733553000027],[80.05010061000007,6.489343428000041],[80.02423273400007,6.470851106000055],[80.03613722000006,6.466802695000069],[80.03923903900005,6.454043081000066],[80.03308869500006,6.447291837000023],[80.03483196700006,6.43741766100004],[80.02268896900006,6.42725271200004],[80.02745870100006,6.419343795000032],[80.05745446000003,6.408168931000034],[80.08454976700006,6.438986894000038],[80.08092730400006,6.444057025000063],[80.09402351400007,6.452050516000043],[80.10300021400008,6.445018198000071],[80.12900758500007,6.460509300000069],[80.14881382100003,6.456196504000047],[80.15850182100007,6.489426482000056],[80.15154898600008,6.506476733000056],[80.13349203600006,6.516781150000043],[80.12734552700005,6.540249039000059],[80.12324467800005,6.536902345000044],[80.12107636000007,6.547056117000068],[80.11174686500004,6.543198903000075]]]}},{"type":"Feature","properties":{"district":"Kalutara","subdivision":"Millaniya","centroid_lon":80.0294,"centroid_lat":6.65818,"risk_modifier":0.6375,"river_prox":0.194,"coast_prox":1.0,"highland":0.0,"zone":"moderate","evac_rank":0,"flood_rank":0},"geometry":{"type":"Polygon","coordinates":[[[79.98059917200004,6.682034222000027],[79.99433012200006,6.64064279300004],[80.00701063400004,6.638785578000068],[80.02317160200005,6.625118857000075],[80.02648554900009,6.601437346000068],[80.04867391200008,6.588267568000049],[80.05929321200006,6.616139136000072],[80.07137924300008,6.624286208000058],[80.06482111800005,6.645074671000032],[80.05137799700003,6.64910431900006],[80.04613739600006,6.645070470000064],[80.05380569000005,6.651969698000073],[80.05298007100004,6.665571020000073],[80.06205803100005,6.671284884000045],[80.04555876700005,6.717976819000057],[80.02711778100007,6.711462778000055],[80.02047456800005,6.721566163000034],[80.00992437700006,6.708135656000024],[80.00736135100004,6.686803527000052],[80.00205989900007,6.691046097000026],[79.98059917200004,6.682034222000027]]]}},{"type":"Feature","properties":{"district":"Kalutara","subdivision":"Panadura","centroid_lon":79.92086,"centroid_lat":6.71543,"risk_modifier":0.5714,"river_prox":0.047,"coast_prox":1.0,"highland":0.0,"zone":"moderate","evac_rank":0,"flood_rank":0},"geometry":{"type":"Polygon","coordinates":[[[79.94774326100008,6.741378534000035],[79.91810846300007,6.748835751000058],[79.91044556600008,6.764669397000034],[79.89257775100003,6.77672753500002],[79.88450215100005,6.773418311000057],[79.89953209500004,6.731272693000051],[79.90191016900008,6.705881806000036],[79.92966220800008,6.64945575400003],[79.94604410500006,6.647973274000037],[79.94966606400004,6.65486988300006],[79.94066660200008,6.654669277000039],[79.93793022900007,6.668719521000071],[79.94929462700003,6.672714382000038],[79.95286778800005,6.688416825000047],[79.93288908600005,6.690435615000069],[79.92758149300005,6.713194606000059],[79.92478418500008,6.710000278000052],[79.91524522400005,6.712494825000022],[79.92448255900007,6.71907959300006],[79.94567708500006,6.716047442000047],[79.94774326100008,6.741378534000035]]]}},{"type":"Feature","properties":{"district":"Kalutara","subdivision":"Walallawita","centroid_lon":80.18502,"centroid_lat":6.40646,"risk_modifier":0.55,"river_prox":0.0,"coast_prox":1.0,"highland":0.0,"zone":"moderate","evac_rank":0,"flood_rank":0},"geometry":{"type":"Polygon","coordinates":[[[80.15144481400006,6.468110877000072],[80.14848126100003,6.455965125000034],[80.12921891400003,6.460547052000038],[80.10527275400005,6.445486759000062],[80.09406296200007,6.452067318000047],[80.08441817000005,6.446362478000026],[80.07986364300007,6.442396101000043],[80.08454976700006,6.438986894000038],[80.05745446000003,6.408168931000034],[80.06697083400007,6.397822228000052],[80.08315907500008,6.401624666000032],[80.10633655200007,6.388664941000059],[80.12872956900003,6.365358312000069],[80.15238329700009,6.367383009000037],[80.18720098100005,6.354270556000074],[80.20554809400005,6.359500481000055],[80.20428862000006,6.372063299000047],[80.21006901500004,6.371097557000041],[80.21578805000007,6.379910174000031],[80.23689920900006,6.376618214000075],[80.29677755700004,6.32506070900007],[80.28725366300006,6.389273160000073],[80.29921733400005,6.399503995000032],[80.27094902800008,6.436614379000048],[80.24678187600006,6.429278785000065],[80.23480833200006,6.441777992000027],[80.21517499100008,6.44518127300006],[80.21917325400005,6.436544362000063],[80.20707220400004,6.434912568000072],[80.20306644400006,6.447035529000061],[80.18418925900005,6.458416346000035],[80.18011258400009,6.471688121000057],[80.15144481400006,6.468110877000072]]]}},{"type":"Feature","properties":{"district":"Kalutara","subdivision":"Welipitiya","centroid_lon":80.43722,"centroid_lat":6.01645,"risk_modifier":0.6597,"river_prox":0.244,"coast_prox":1.0,"highland":0.0,"zone":"moderate","evac_rank":0,"flood_rank":0},"geometry":{"type":"Polygon","coordinates":[[[80.41019175900004,6.070764886000063],[80.40047083900004,6.053152597000064],[80.38556509400007,6.054602013000022],[80.38685739700009,6.036253908000049],[80.41088533400006,6.032804748000046],[80.42190693900005,6.018467871000041],[80.39397106600006,6.013470245000065],[80.38636866800005,6.001449893000029],[80.40596888800007,5.990250368000034],[80.42135944600005,5.993145897000034],[80.43331125700007,5.981241018000048],[80.45397895100007,5.974469304000024],[80.45009046100006,5.970439935000059],[80.45703864500007,5.970551382000053],[80.45866367200006,5.963315],[80.46961511200004,5.965753645000063],[80.47314443700003,5.969964327000071],[80.46742599500004,5.979624138000077],[80.48423687000007,5.977340831000049],[80.48772096300007,5.982368147000045],[80.46983620300006,6.009561303000055],[80.48773070200008,6.020149523000043],[80.48156045700006,6.018976350000059],[80.47685728600004,6.030813230000035],[80.46777789600003,6.030232494000074],[80.46632065500006,6.047276366000062],[80.44101490900005,6.042781051000077],[80.43218701600006,6.059595836000028],[80.41019175900004,6.070764886000063]]]}},{"type":"Feature","properties":{"district":"Kandy","subdivision":"Deltota","centroid_lon":80.69877,"centroid_lat":7.18244,"risk_modifier":0.5349,"river_prox":0.36,"coast_prox":1.0,"highland":0.708,"zone":"moderate","evac_rank":0,"flood_rank":0},"geometry":{"type":"Polygon","coordinates":[[[80.75619860800003,7.185165630000029],[80.73596910600008,7.185689141000069],[80.73258238700004,7.199627050000061],[80.72518115200006,7.196892048000052],[80.71279427100006,7.204979069000046],[80.69477093800003,7.187016573000051],[80.69456576200008,7.208339071000069],[80.68881287900007,7.206553812000038],[80.66275751600006,7.223000454000044],[80.65011711000005,7.222311891000061],[80.63912670700006,7.232689261000075],[80.63384101500003,7.230032485000038],[80.65196364700006,7.199149222000074],[80.66553134200007,7.19637879000004],[80.67553296300008,7.184617742000057],[80.70743579600008,7.125334506000058],[80.72660239100009,7.15820446500004],[80.75619860800003,7.185165630000029]]]}},{"type":"Feature","properties":{"district":"Kandy","subdivision":"Doluwa","centroid_lon":80.6443,"centroid_lat":7.16838,"risk_modifier":0.6777,"river_prox":0.669,"coast_prox":1.0,"highland":0.694,"zone":"moderate","evac_rank":0,"flood_rank":0},"geometry":{"type":"Polygon","coordinates":[[[80.65193164700008,7.199186071000042],[80.62665562800004,7.238205576000041],[80.61458979100007,7.236766859000056],[80.61609220900004,7.223513570000023],[80.60202008100003,7.217469851000033],[80.60310727100006,7.189061292000076],[80.57381133700005,7.16830058000005],[80.57685260900007,7.161764302000051],[80.60879585400005,7.14964440600005],[80.60680844700005,7.143577685000025],[80.63301196600008,7.149863960000062],[80.68195972700005,7.109554840000044],[80.69027359200004,7.095806023000023],[80.70743579600008,7.125334506000058],[80.69684487100005,7.151722058000075],[80.66730709500007,7.194811830000049],[80.65193164700008,7.199186071000042]]]}},{"type":"Feature","properties":{"district":"Kandy","subdivision":"Ganga Ihala Korale","centroid_lon":80.51066,"centroid_lat":7.11176,"risk_modifier":0.6375,"river_prox":0.524,"coast_prox":1.0,"highland":0.594,"zone":"moderate","evac_rank":0,"flood_rank":0},"geometry":{"type":"Polygon","coordinates":[[[80.45360508000005,7.09508395000006],[80.46387179700008,7.064522388000057],[80.47500872500007,7.06130358200005],[80.51386750900008,7.07258885400006],[80.52954102400008,7.091104875000042],[80.55512536600008,7.092649053000059],[80.57296103500005,7.113069081000049],[80.57761312900004,7.135058254000057],[80.57002987300007,7.161215695000067],[80.55248259300004,7.154926813000031],[80.53020120500008,7.168520510000064],[80.52564080100007,7.161124685000061],[80.53190755300005,7.15323803900003],[80.52281813900004,7.147209842000052],[80.51827074200008,7.153770458000054],[80.50945348800008,7.149475754000036],[80.49934073300005,7.127897448000056],[80.45929071200004,7.123230544000023],[80.44250236700003,7.114609192000046],[80.44371944000005,7.10901731000007],[80.43315453600007,7.110785570000075],[80.43318567800003,7.091656557000022],[80.45360508000005,7.09508395000006]],[[80.56631490100006,7.137209485000028],[80.55959430200005,7.156657336000023],[80.56566544000003,7.157749739000053],[80.57040058300004,7.138333270000032],[80.56631490100006,7.137209485000028]]]}},{"type":"Feature","properties":{"district":"Kandy","subdivision":"Gangawata Korale","centroid_lon":80.63702,"centroid_lat":7.27263,"risk_modifier":0.7484,"river_prox":0.744,"coast_prox":1.0,"highland":0.546,"zone":"moderate","evac_rank":0,"flood_rank":0},"geometry":{"type":"Polygon","coordinates":[[[80.62661658900004,7.238192689000073],[80.62717409500004,7.25836673200007],[80.64605868200005,7.268256660000077],[80.67644903500008,7.252309541000045],[80.68853107100006,7.264308099000061],[80.72081968900005,7.251319056000057],[80.72847349200003,7.252410947000044],[80.72832767300008,7.259548692000067],[80.66664446200008,7.278475186000037],[80.63746835700005,7.329606866000063],[80.61764439300003,7.321554024000022],[80.62358730300008,7.321431308000058],[80.62044041300004,7.302979776000029],[80.60254552300006,7.281333971000038],[80.60446802300004,7.273076945000071],[80.59823347600008,7.267856820000077],[80.59048043000007,7.276950384000031],[80.59151505100004,7.263852710000037],[80.58222908300007,7.26465496000003],[80.58398324800004,7.254927333000069],[80.59359919100007,7.253825089000031],[80.60202008100003,7.217469851000033],[80.61609220900004,7.223513570000023],[80.61543710700005,7.237511496000025],[80.62661658900004,7.238192689000073]]]}},{"type":"Feature","properties":{"district":"Kandy","subdivision":"Harispattuwa","centroid_lon":80.58615,"centroid_lat":7.32807,"risk_modifier":0.8404,"river_prox":0.888,"coast_prox":1.0,"highland":0.436,"zone":"moderate","evac_rank":0,"flood_rank":0},"geometry":{"type":"Polygon","coordinates":[[[80.62355831200006,7.325406307000037],[80.60977080800006,7.350848989000042],[80.59629124700007,7.34935322900003],[80.58189692800005,7.368093671000054],[80.55381511800005,7.373644511000066],[80.55239163000005,7.352482422000037],[80.57025492900004,7.353423842000041],[80.57289126700005,7.348374370000045],[80.56818602500005,7.341826234000052],[80.54905600300003,7.341068766000035],[80.54062580100003,7.327131056000042],[80.54647895600004,7.316719269000032],[80.57157980700003,7.316011849000063],[80.57348516800005,7.306265475000032],[80.60354453600007,7.275505896000027],[80.60734480200006,7.289947184000027],[80.61962254200006,7.300617742000043],[80.62358730300008,7.321431308000058],[80.61764439300003,7.321554024000022],[80.62355831200006,7.325406307000037]]]}},{"type":"Feature","properties":{"district":"Kandy","subdivision":"Hatharaliyadda","centroid_lon":80.47788,"centroid_lat":7.33143,"risk_modifier":0.8915,"river_prox":0.948,"coast_prox":1.0,"highland":0.34,"zone":"flood_zone","evac_rank":0,"flood_rank":1},"geometry":{"type":"Polygon","coordinates":[[[80.54093710300003,7.329306858000052],[80.53392331900005,7.331040666000035],[80.52895312500004,7.323354725000058],[80.52135409400006,7.326592276000042],[80.52079139800009,7.338169339000046],[80.50437686300006,7.333649846000071],[80.49639661700007,7.341742512000053],[80.49983865800004,7.355988450000041],[80.49248506700008,7.360228066000047],[80.48335799500006,7.355841875000067],[80.46724686800007,7.377306310000051],[80.45563347000007,7.37402864400002],[80.44919975200008,7.361198850000051],[80.45792088300004,7.352629368000066],[80.45467284200004,7.349698347000071],[80.44376658300007,7.357117679000055],[80.41911377500008,7.355912100000069],[80.42489880700003,7.329649491000055],[80.45059010600005,7.314988975000063],[80.46897869700007,7.295029051000029],[80.48958915700007,7.309087099000067],[80.51454116300005,7.298998484000037],[80.52528072600006,7.305885799000066],[80.54085372200007,7.305045110000037],[80.54657444500003,7.314548844000058],[80.54093710300003,7.329306858000052]]]}},{"type":"Feature","properties":{"district":"Kandy","subdivision":"Kundasale","centroid_lon":80.70698,"centroid_lat":7.30503,"risk_modifier":0.6121,"river_prox":0.43,"coast_prox":1.0,"highland":0.526,"zone":"moderate","evac_rank":0,"flood_rank":0},"geometry":{"type":"Polygon","coordinates":[[[80.66664446200008,7.278475186000037],[80.74264637400006,7.250640270000076],[80.75323151400005,7.253994725000041],[80.74814966700006,7.271580614000072],[80.75430898100007,7.275921388000029],[80.73875888100008,7.298453281000036],[80.75026511800007,7.307105860000036],[80.73256724200007,7.340243601000054],[80.73443586600007,7.362017218000062],[80.71473374200008,7.361855699000046],[80.69852518000005,7.353216232000023],[80.69645307600007,7.341760773000033],[80.68299349900008,7.332546110000067],[80.69730075900003,7.321001586000023],[80.68243461400004,7.31667357200007],[80.68531824000007,7.314123864000067],[80.68597754800004,7.304803980000031],[80.68037357700007,7.31572486400006],[80.67625262400009,7.309159279000028],[80.67505136500006,7.315629787000034],[80.66170129500006,7.320933326000045],[80.65804393500008,7.333620152000037],[80.65133104000006,7.323438931000055],[80.64252087700004,7.322728803000075],[80.66664446200008,7.278475186000037]]]}},{"type":"Feature","properties":{"district":"Kandy","subdivision":"Medadumbara","centroid_lon":80.79809,"centroid_lat":7.30247,"risk_modifier":0.4178,"river_prox":0.0,"coast_prox":1.0,"highland":0.529,"zone":"safe_zone","evac_rank":1,"flood_rank":0},"geometry":{"type":"Polygon","coordinates":[[[80.80136250600003,7.203171560000044],[80.84836870800007,7.190573798000059],[80.84503620800007,7.21895657500005],[80.83854825700007,7.227503555000055],[80.84340126100005,7.238995220000049],[80.84008498900005,7.272390514000051],[80.85524176300004,7.312591056000031],[80.85302185200004,7.328476500000022],[80.83863987300003,7.343535935000034],[80.83104819800008,7.366434911000056],[80.80799338200006,7.387550748000024],[80.80836059500007,7.39572170200006],[80.79918929300004,7.394337029000042],[80.79599642200003,7.386744265000061],[80.77577429900003,7.388416591000066],[80.77378045700004,7.380797765000068],[80.76159474000008,7.384164585000065],[80.74573015100003,7.376430921000065],[80.74749434000006,7.366896792000034],[80.73392696000008,7.36002135800004],[80.73256724200007,7.340243601000054],[80.75026511800007,7.307105860000036],[80.73917885000003,7.297392944000023],[80.75262547500006,7.272965761000023],[80.79955664700003,7.22657360200003],[80.80136250600003,7.203171560000044]]]}},{"type":"Feature","properties":{"district":"Kandy","subdivision":"Minipe","centroid_lon":80.94782,"centroid_lat":7.347,"risk_modifier":0.4536,"river_prox":0.0,"coast_prox":1.0,"highland":0.385,"zone":"moderate","evac_rank":0,"flood_rank":0},"geometry":{"type":"Polygon","coordinates":[[[80.99816684100006,7.213204278000035],[81.01435336100008,7.234545929000035],[80.97394856900007,7.364861021000024],[80.97947865000003,7.395867981000038],[80.96687489900006,7.413270041000033],[80.97193940800008,7.427504789000068],[80.97187332800007,7.488106072000051],[80.92935829200007,7.489268877000029],[80.92986951200004,7.480757007000022],[80.91589754500006,7.46197552700005],[80.90741656900008,7.464526811000042],[80.90492229100005,7.457582535000029],[80.89694959900004,7.474406086000045],[80.88346098300008,7.472278195000058],[80.85931251700003,7.441668356000037],[80.87922142500008,7.434070403000021],[80.88622344500004,7.410551933000022],[80.92360719700008,7.393449393000026],[80.92607269600006,7.378867635000063],[80.91087676800004,7.362877633000039],[80.91316515900007,7.32441250100004],[80.92967861800008,7.325702190000072],[80.92849936000005,7.316381116000059],[80.94065218500003,7.308804682000073],[80.94900745000007,7.311014429000068],[80.93835197800007,7.263052832000028],[80.92537979700006,7.256452073000048],[80.92094425700003,7.201690261000067],[80.96935498100004,7.196572180000032],[80.97917073700006,7.212822424000024],[80.99816684100006,7.213204278000035]]]}},{"type":"Feature","properties":{"district":"Kandy","subdivision":"Panvila","centroid_lon":80.73966,"centroid_lat":7.40942,"risk_modifier":0.6626,"river_prox":0.456,"coast_prox":1.0,"highland":0.37,"zone":"moderate","evac_rank":0,"flood_rank":0},"geometry":{"type":"Polygon","coordinates":[[[80.73453547000008,7.360660222000035],[80.74749434000006,7.366896792000034],[80.74573015100003,7.376430921000065],[80.76651304500007,7.385688447000064],[80.77387392800006,7.380825164000044],[80.77273340900007,7.386518587000069],[80.78119671400003,7.389848107000034],[80.79599642200003,7.386744265000061],[80.80890716300007,7.400919414000043],[80.78553771800006,7.428245318000052],[80.77630649900004,7.429399146000037],[80.73052503600007,7.464285019000044],[80.72764338000007,7.474717185000031],[80.70005638100008,7.457176664000031],[80.71225170200006,7.424546012000064],[80.70513744000004,7.415091677000021],[80.70543870000006,7.395862564000026],[80.69836364100007,7.391899310000042],[80.68544211900007,7.361825010000075],[80.69678168300004,7.347469614000033],[80.71473374200008,7.361855699000046],[80.73453547000008,7.360660222000035]]]}},{"type":"Feature","properties":{"district":"Kandy","subdivision":"Pathadumbara","centroid_lon":80.65944,"centroid_lat":7.35031,"risk_modifier":0.7755,"river_prox":0.747,"coast_prox":1.0,"highland":0.443,"zone":"moderate","evac_rank":0,"flood_rank":0},"geometry":{"type":"Polygon","coordinates":[[[80.61548368000007,7.359045378000076],[80.61236532100008,7.348924446000069],[80.62355831200006,7.325406307000037],[80.63746835700005,7.329606866000063],[80.64252087700004,7.322728803000075],[80.65133104000006,7.323438931000055],[80.65804393500008,7.333620152000037],[80.66170129500006,7.320933326000045],[80.67505136500006,7.315629787000034],[80.67625262400009,7.309159279000028],[80.68037357700007,7.31572486400006],[80.68555579200006,7.304794876000074],[80.68243461400004,7.31667357200007],[80.69730075900003,7.321001586000023],[80.68299349900008,7.332546110000067],[80.69738263900007,7.343432087000053],[80.68544211900007,7.361825010000075],[80.69551711600008,7.379060762000051],[80.69706799500005,7.386535699000035],[80.65690834300005,7.385511561000044],[80.65968210800008,7.370977240000059],[80.63036341700007,7.374499210000067],[80.63398093600006,7.368434553000043],[80.61548368000007,7.359045378000076]]]}},{"type":"Feature","properties":{"district":"Kandy","subdivision":"Pathahewaheta","centroid_lon":80.704,"centroid_lat":7.22941,"risk_modifier":0.5258,"river_prox":0.302,"coast_prox":1.0,"highland":0.64,"zone":"moderate","evac_rank":0,"flood_rank":0},"geometry":{"type":"Polygon","coordinates":[[[80.75619860800003,7.185165630000029],[80.76939934700005,7.200736204000066],[80.76530996800005,7.237352581000039],[80.75231688300005,7.251702002000059],[80.74264637400006,7.250640270000076],[80.72832767300008,7.259548692000067],[80.72847349200003,7.252410947000044],[80.72081968900005,7.251319056000057],[80.68853107100006,7.264308099000061],[80.67644903500008,7.252309541000045],[80.64789450700005,7.268426846000068],[80.62717409500004,7.25836673200007],[80.62532471500003,7.24222407600007],[80.63384101500003,7.230032485000038],[80.63912670700006,7.232689261000075],[80.65011711000005,7.222311891000061],[80.66275751600006,7.223000454000044],[80.69554173700004,7.207390479000026],[80.69410524400007,7.187332608000077],[80.71279427100006,7.204979069000046],[80.72518115200006,7.196892048000052],[80.73258238700004,7.199627050000061],[80.73596910600008,7.185689141000069],[80.75619860800003,7.185165630000029]]]}},{"type":"Feature","properties":{"district":"Kandy","subdivision":"Tumpane","centroid_lon":80.51262,"centroid_lat":7.36518,"risk_modifier":0.7731,"river_prox":0.679,"coast_prox":1.0,"highland":0.33,"zone":"moderate","evac_rank":0,"flood_rank":0},"geometry":{"type":"Polygon","coordinates":[[[80.55381511800005,7.373644511000066],[80.53881307200004,7.370844513000065],[80.52778032100008,7.38856338100004],[80.50534959000004,7.385469661000059],[80.46791504600003,7.412969482000051],[80.45945095700006,7.410043372000075],[80.46984612100005,7.395049094000058],[80.46330394800003,7.377920657000061],[80.47178197800008,7.373829201000035],[80.47274679300006,7.364042356000027],[80.48335799500006,7.355841875000067],[80.49620164500004,7.358842879000065],[80.50146767700005,7.352659048000021],[80.49830740400006,7.337769197000057],[80.50605133900007,7.333434459000046],[80.52267276800006,7.337339403000044],[80.52460066100008,7.324789590000023],[80.54093710300003,7.329306858000052],[80.55149015700005,7.342425338000055],[80.57006515200004,7.34316814400006],[80.57128970000008,7.352898046000064],[80.55239163000005,7.352482422000037],[80.55381511800005,7.373644511000066]]]}},{"type":"Feature","properties":{"district":"Kandy","subdivision":"Udapalatha","centroid_lon":80.60339,"centroid_lat":7.12483,"risk_modifier":0.8116,"river_prox":0.972,"coast_prox":1.0,"highland":0.704,"zone":"moderate","evac_rank":0,"flood_rank":0},"geometry":{"type":"MultiPolygon","coordinates":[[[[80.56108504700006,7.152728116000048],[80.56631490100006,7.137209485000028],[80.57040058300004,7.138333270000032],[80.56566544000003,7.157749739000053],[80.56108504700006,7.152728116000048]]],[[[80.60255283600003,7.216534719000038],[80.59421597800008,7.187517685000046],[80.56967176400008,7.190216319000058],[80.56758059800006,7.183072220000042],[80.55152770100005,7.190408215000048],[80.54125392900005,7.180751728000075],[80.54662135700005,7.167502957000067],[80.53588763400006,7.161636373000022],[80.55248259300004,7.154926813000031],[80.57002987300007,7.161215695000067],[80.57761312900004,7.135058254000057],[80.57296103500005,7.113069081000049],[80.55256042900004,7.082312154000022],[80.55961679000006,7.07708086100007],[80.56814966900004,7.083155111000053],[80.57668666400008,7.071957085000065],[80.62399204900004,7.08048244500003],[80.63427531200006,7.086839179000037],[80.63814821300008,7.101416278000045],[80.64796271300008,7.104678223000064],[80.68853297000004,7.093122222000034],[80.68201148200006,7.109502207000048],[80.63301196600008,7.149863960000062],[80.60680844700005,7.143577685000025],[80.60879585400005,7.14964440600005],[80.57685260900007,7.161764302000051],[80.57415537300005,7.170554745000061],[80.60342332200008,7.189664394000033],[80.60255283600003,7.216534719000038]]]]}},{"type":"Feature","properties":{"district":"Kandy","subdivision":"Ududumbara","centroid_lon":80.87346,"centroid_lat":7.32847,"risk_modifier":0.435,"river_prox":0.0,"coast_prox":1.0,"highland":0.46,"zone":"safe_zone","evac_rank":2,"flood_rank":0},"geometry":{"type":"Polygon","coordinates":[[[80.78756524800008,7.426473094000073],[80.80367029800004,7.411251130000039],[80.80799338200006,7.387550748000024],[80.83104819800008,7.366434911000056],[80.83704142600004,7.34630809500004],[80.85350417100005,7.326867091000054],[80.85524176300004,7.312591056000031],[80.84008498900005,7.272390514000051],[80.84340126100005,7.238995220000049],[80.83854825700007,7.227503555000055],[80.84503620800007,7.21895657500005],[80.84836870800007,7.190573798000059],[80.92094425700003,7.201690261000067],[80.92537979700006,7.256452073000048],[80.93835197800007,7.263052832000028],[80.94900745000007,7.311014429000068],[80.94065218500003,7.308804682000073],[80.92849936000005,7.316381116000059],[80.92967861800008,7.325702190000072],[80.91316515900007,7.32441250100004],[80.91087676800004,7.362877633000039],[80.92607269600006,7.378867635000063],[80.92360719700008,7.393449393000026],[80.88622344500004,7.410551933000022],[80.87922142500008,7.434070403000021],[80.86031322700006,7.439627193000035],[80.87818745300007,7.464099188000034],[80.86291608200008,7.474506415000064],[80.83065612400003,7.459370595000053],[80.81906369700005,7.461041941000076],[80.80585264500007,7.447811032000061],[80.80741033000004,7.440130107000073],[80.78756524800008,7.426473094000073]]]}},{"type":"Feature","properties":{"district":"Kandy","subdivision":"Udunuwara","centroid_lon":80.55762,"centroid_lat":7.22244,"risk_modifier":0.8624,"river_prox":0.998,"coast_prox":1.0,"highland":0.548,"zone":"flood_zone","evac_rank":0,"flood_rank":2},"geometry":{"type":"Polygon","coordinates":[[[80.60202008100003,7.217469851000033],[80.59359919100007,7.253825089000031],[80.57574070300006,7.254657081000062],[80.57267060700008,7.263204202000054],[80.55202385800004,7.256018608000034],[80.51554128800007,7.254948802000058],[80.50727727900005,7.247205772000029],[80.51946654700004,7.234946425000032],[80.51873089100008,7.222048910000069],[80.50991205000008,7.212899705000041],[80.51258068000004,7.20636356600005],[80.54125392900005,7.180751728000075],[80.55152770100005,7.190408215000048],[80.56758059800006,7.183072220000042],[80.56967176400008,7.190216319000058],[80.59421597800008,7.187517685000046],[80.60202008100003,7.217469851000033]]]}},{"type":"Feature","properties":{"district":"Kandy","subdivision":"Yatinuwara","centroid_lon":80.53595,"centroid_lat":7.28261,"risk_modifier":0.8396,"river_prox":0.896,"coast_prox":1.0,"highland":0.455,"zone":"moderate","evac_rank":0,"flood_rank":0},"geometry":{"type":"Polygon","coordinates":[[[80.60392401800004,7.27545486300005],[80.56574497200006,7.319334069000035],[80.54528549300005,7.316581432000021],[80.54085372200007,7.305045110000037],[80.52528072600006,7.305885799000066],[80.51561164900005,7.299068445000046],[80.48886055900005,7.308944203000067],[80.46897869700007,7.295029051000029],[80.48059295300004,7.282802648000029],[80.47671626100004,7.267763433000027],[80.49975471700003,7.259652512000059],[80.50727727900005,7.247205772000029],[80.51554128800007,7.254948802000058],[80.55202385800004,7.256018608000034],[80.57203557100007,7.263188968000065],[80.57574070300006,7.254657081000062],[80.58398324800004,7.254927333000069],[80.58231612300006,7.26505873900004],[80.59151505100004,7.263852710000037],[80.59039897900004,7.276878568000029],[80.59886055400005,7.267784994000067],[80.60392401800004,7.27545486300005]]]}},{"type":"Feature","properties":{"district":"Kegalle","subdivision":"Alawwa","centroid_lon":80.21541,"centroid_lat":7.32837,"risk_modifier":0.5413,"river_prox":0.0,"coast_prox":1.0,"highland":0.035,"zone":"moderate","evac_rank":0,"flood_rank":0},"geometry":{"type":"Polygon","coordinates":[[[80.27683792500005,7.317752522000035],[80.27663118000004,7.342381885000066],[80.26152897100008,7.365235698000049],[80.27468180000005,7.375073784000051],[80.26266644500004,7.39593252100002],[80.23351461100003,7.385201994000056],[80.21106450400003,7.385677175000069],[80.20266865100007,7.377715751000039],[80.19571703800005,7.380598035000048],[80.18230192000004,7.353515652000056],[80.16866046500007,7.343865783000069],[80.16227564300004,7.321132224000053],[80.15329570200004,7.313278030000049],[80.14979923300007,7.317554888000075],[80.14082810100007,7.305209529000024],[80.16592680300005,7.285893768000051],[80.18241560600006,7.261054296000054],[80.19659545200005,7.257700646000046],[80.21266259600003,7.274962449000043],[80.27683792500005,7.317752522000035]]]}},{"type":"Feature","properties":{"district":"Kegalle","subdivision":"Aranayake","centroid_lon":80.44084,"centroid_lat":7.16709,"risk_modifier":0.5632,"river_prox":0.284,"coast_prox":1.0,"highland":0.459,"zone":"moderate","evac_rank":0,"flood_rank":0},"geometry":{"type":"MultiPolygon","coordinates":[[[[80.38189874000005,7.176600334000057],[80.37358058300003,7.17130964100005],[80.38707077500004,7.160662670000022],[80.38872972800004,7.173300385000061],[80.38189874000005,7.176600334000057]]],[[[80.50870105600006,7.138773284000024],[80.49552587700003,7.165062325000065],[80.48752028800004,7.163866799000061],[80.47808586100007,7.185983324000063],[80.46403592400003,7.192431696000028],[80.46559210600003,7.202311723000037],[80.48023267300005,7.208871480000028],[80.47792035700007,7.217888622000032],[80.46584613300007,7.221573399000022],[80.46234927500007,7.229475679000075],[80.44077427800005,7.22307771800007],[80.43853613000005,7.211025602000063],[80.42882893100006,7.210131111000067],[80.42419264400007,7.230680349000068],[80.40404253800006,7.230228237000063],[80.39037813400006,7.219510971000034],[80.38761133000008,7.193864982000036],[80.40512618000008,7.17639784000005],[80.39896146000007,7.172676280000076],[80.40432322300006,7.166521209000052],[80.39805533800006,7.158662452000044],[80.41012551000006,7.123022732000038],[80.40284223400005,7.104358227000034],[80.42785607600007,7.103293671000074],[80.43340267400004,7.085577302000047],[80.45773079000008,7.090585334000025],[80.45360508000005,7.09508395000006],[80.43318567800003,7.091656557000022],[80.43315453600007,7.110785570000075],[80.44371944000005,7.10901731000007],[80.44250236700003,7.114609192000046],[80.45929071200004,7.123230544000023],[80.49934073300005,7.127897448000056],[80.50870105600006,7.138773284000024]]]]}},{"type":"Feature","properties":{"district":"Kegalle","subdivision":"Bulathkohipitiya","centroid_lon":80.35414,"centroid_lat":7.09847,"risk_modifier":0.4569,"river_prox":0.0,"coast_prox":1.0,"highland":0.372,"zone":"safe_zone","evac_rank":2,"flood_rank":0},"geometry":{"type":"Polygon","coordinates":[[[80.40438541800006,7.113211977000049],[80.35941729100006,7.134157007000056],[80.35985900500003,7.158218780000027],[80.34025332000004,7.171130427000037],[80.34220858200007,7.155003685000054],[80.33222148000004,7.150730435000071],[80.32299496800005,7.155277628000022],[80.31610088000008,7.141227862000051],[80.30386875100004,7.138658022000072],[80.30670433000006,7.13148310400004],[80.29422034600003,7.126819619000059],[80.31421885400005,7.116366046000053],[80.30052324100006,7.108172027000023],[80.28392178900003,7.117787668000062],[80.29013303500005,7.092101437000053],[80.28133718900006,7.086879721000059],[80.28226991800005,7.074219538000023],[80.27096841800005,7.063979855000071],[80.27844367500006,7.066452063000042],[80.29233895100003,7.046050046000062],[80.31229911100007,7.065548285000034],[80.31631416100004,7.057435744000031],[80.33783816000005,7.06953268500007],[80.35616354500007,7.060855631000038],[80.36355529500008,7.068948853000052],[80.36089411300003,7.075890524000044],[80.37243487900008,7.079760348000036],[80.38661051800005,7.07186107800004],[80.41030847600007,7.081122849000053],[80.41706587000004,7.068818308000061],[80.40755803600007,7.062628978000021],[80.40781876800008,7.049745350000023],[80.40186088900003,7.049883514000044],[80.41421547600004,7.041410584000062],[80.42613293400007,7.048311941000065],[80.42465084900005,7.074497177000069],[80.43728930900005,7.076017103000027],[80.44119271000005,7.069496002000051],[80.46346487100004,7.064097892000063],[80.45738737200008,7.079064539000058],[80.46105252700005,7.088707706000037],[80.43340267400004,7.085577302000047],[80.42785607600007,7.103293671000074],[80.40284223400005,7.104358227000034],[80.40438541800006,7.113211977000049]]]}},{"type":"Feature","properties":{"district":"Kegalle","subdivision":"Galigamuwa","centroid_lon":80.30316,"centroid_lat":7.21575,"risk_modifier":0.4908,"river_prox":0.0,"coast_prox":1.0,"highland":0.237,"zone":"moderate","evac_rank":0,"flood_rank":0},"geometry":{"type":"Polygon","coordinates":[[[80.34220858200007,7.155003685000054],[80.33957660100003,7.191413226000066],[80.33281402000006,7.200284475000046],[80.33730466000003,7.222076223000045],[80.31506643700004,7.230308789000048],[80.31132139700009,7.251318516000026],[80.33197303500003,7.257069695000041],[80.32807917200006,7.273896502000071],[80.34514166400004,7.277846792000048],[80.35405088600004,7.288839225000061],[80.32236777700007,7.290925684000058],[80.31597360100005,7.29549946700007],[80.32462430400005,7.303882688000044],[80.30387766600006,7.318926641000076],[80.28475334000007,7.314983519000066],[80.28702494500004,7.299457886000027],[80.27652812500008,7.295049057000028],[80.28198999600005,7.258554885000024],[80.26085117500008,7.251409623000029],[80.26707639100005,7.237588018000054],[80.29024287900006,7.221495264000055],[80.27921029900006,7.201763656000026],[80.26275929400003,7.196994726000071],[80.28047031100004,7.120516727000052],[80.28696876500004,7.113172306000024],[80.30052324100006,7.108172027000023],[80.31421885400005,7.116366046000053],[80.29422034600003,7.126819619000059],[80.30670433000006,7.13148310400004],[80.30386875100004,7.138658022000072],[80.31610088000008,7.141227862000051],[80.32299496800005,7.155277628000022],[80.33222148000004,7.150730435000071],[80.34220858200007,7.155003685000054]]]}},{"type":"Feature","properties":{"district":"Kegalle","subdivision":"Kegalle","centroid_lon":80.3661,"centroid_lat":7.20866,"risk_modifier":0.5278,"river_prox":0.133,"coast_prox":1.0,"highland":0.328,"zone":"moderate","evac_rank":0,"flood_rank":0},"geometry":{"type":"Polygon","coordinates":[[[80.39569094500007,7.225351309000075],[80.38978880500008,7.22438082900004],[80.37738187700006,7.26450215400007],[80.38885599400004,7.274804516000074],[80.40558829600008,7.266186396000023],[80.39696447700004,7.276402345000065],[80.40089513900006,7.288472379000041],[80.36453739000007,7.279132054000058],[80.35318645100006,7.279755863000048],[80.35346815700007,7.287375371000053],[80.34341716200004,7.27686804700005],[80.32807917200006,7.273896502000071],[80.33197303500003,7.257069695000041],[80.31162318300005,7.252361769000061],[80.31506643700004,7.230308789000048],[80.33730466000003,7.222076223000045],[80.33281402000006,7.200284475000046],[80.33957660100003,7.191413226000066],[80.34000045000005,7.170953225000062],[80.35985900500003,7.158218780000027],[80.35941729100006,7.134157007000056],[80.40438541800006,7.113211977000049],[80.41012551000006,7.123022732000038],[80.39798661200007,7.15970053500007],[80.40432322300006,7.166521209000052],[80.39896146000007,7.172676280000076],[80.40512618000008,7.17639784000005],[80.38761133000008,7.193864982000036],[80.39107713900006,7.203538446000039],[80.38664966000005,7.210746463000021],[80.39569094500007,7.225351309000075]],[[80.38189874000005,7.176600334000057],[80.38872972800004,7.173300385000061],[80.38707077500004,7.160662670000022],[80.37358058300003,7.17130964100005],[80.38189874000005,7.176600334000057]]]}},{"type":"Feature","properties":{"district":"Kegalle","subdivision":"Mawanella","centroid_lon":80.46987,"centroid_lat":7.22974,"risk_modifier":0.7251,"river_prox":0.635,"coast_prox":1.0,"highland":0.443,"zone":"flood_zone","evac_rank":0,"flood_rank":2},"geometry":{"type":"Polygon","coordinates":[[[80.50849110400003,7.148004956000023],[80.53190755300005,7.15323803900003],[80.52564080100007,7.161124685000061],[80.53020120500008,7.168520510000064],[80.54662135700005,7.167502957000067],[80.54186299500003,7.180103569000039],[80.51060654300005,7.210677220000036],[80.51985488800005,7.226021554000056],[80.51639573700004,7.241381317000048],[80.49975471700003,7.259652512000059],[80.47671626100004,7.267763433000027],[80.48035293600003,7.283376759000021],[80.46166437300008,7.302608029000055],[80.44860925400008,7.295142576000046],[80.44778761700007,7.28543630300004],[80.42644015000008,7.294356270000037],[80.42621403600003,7.28534561500004],[80.41147002500009,7.287203032000036],[80.41667846200005,7.247381252000025],[80.38283319100003,7.252770152000039],[80.38978880500008,7.22438082900004],[80.42419264400007,7.230680349000068],[80.42975324500003,7.21014566100007],[80.44103487000007,7.212041443000032],[80.44077427800005,7.22307771800007],[80.46234927500007,7.229475679000075],[80.46584613300007,7.221573399000022],[80.47792035700007,7.217888622000032],[80.48023267300005,7.208871480000028],[80.46559210600003,7.202311723000037],[80.46403592400003,7.192431696000028],[80.47808586100007,7.185983324000063],[80.48752028800004,7.163866799000061],[80.49552587700003,7.165062325000065],[80.50849110400003,7.148004956000023]]]}},{"type":"Feature","properties":{"district":"Kegalle","subdivision":"Rambukkana","centroid_lon":80.38389,"centroid_lat":7.32434,"risk_modifier":0.7773,"river_prox":0.643,"coast_prox":1.0,"highland":0.248,"zone":"flood_zone","evac_rank":0,"flood_rank":1},"geometry":{"type":"Polygon","coordinates":[[[80.35346815700007,7.287375371000053],[80.35318645100006,7.279755863000048],[80.36453739000007,7.279132054000058],[80.40089513900006,7.288472379000041],[80.39696447700004,7.276402345000065],[80.40558829600008,7.266186396000023],[80.38950596900008,7.274674868000034],[80.38091150500009,7.271533679000072],[80.37987496000005,7.253458223000052],[80.41606239700008,7.246795266000049],[80.41147002500009,7.287203032000036],[80.42621403600003,7.28534561500004],[80.42644015000008,7.294356270000037],[80.44778761700007,7.28543630300004],[80.44860925400008,7.295142576000046],[80.46166437300008,7.302608029000055],[80.42489880700003,7.329649491000055],[80.41962368900005,7.355169875000058],[80.41175027000008,7.356741061000037],[80.40922215300003,7.383482941000068],[80.39009512700005,7.396292087000063],[80.34452456900004,7.386464510000053],[80.35376816000007,7.357521225000028],[80.34044795200003,7.351072167000041],[80.34650396500007,7.334161341000026],[80.33635129700008,7.320879564000052],[80.31868318700003,7.328354716000035],[80.31485654100004,7.320934839000074],[80.30387766600006,7.318926641000076],[80.32462430400005,7.303882688000044],[80.31597360100005,7.29549946700007],[80.32236777700007,7.290925684000058],[80.35346815700007,7.287375371000053]]]}},{"type":"Feature","properties":{"district":"Kegalle","subdivision":"Ruwanwella","centroid_lon":80.2166,"centroid_lat":7.06377,"risk_modifier":0.5066,"river_prox":0.0,"coast_prox":1.0,"highland":0.174,"zone":"moderate","evac_rank":0,"flood_rank":0},"geometry":{"type":"Polygon","coordinates":[[[80.16273924500007,7.059773872000051],[80.18026921400008,6.99345825000006],[80.17720635400008,6.977245654000058],[80.19865084000008,6.975837489000071],[80.24815777800006,7.044425745000069],[80.25558621900007,7.018792208000036],[80.26178424100004,7.019854706000046],[80.26933089700003,7.040329949000068],[80.26795453600005,7.063078037000025],[80.28297455900008,7.077656188000049],[80.25273728900004,7.117416922000075],[80.24235325200004,7.117480482000076],[80.23316849900004,7.141283642000076],[80.21117924300006,7.158873081000024],[80.19823049400003,7.142982345000064],[80.21034929300004,7.130063058000076],[80.19677435400007,7.116303744000049],[80.19286978900004,7.10003935800006],[80.18382167800007,7.102922715000034],[80.18434208300005,7.094585928000072],[80.16273924500007,7.059773872000051]]]}},{"type":"Feature","properties":{"district":"Kegalle","subdivision":"Warakapola","centroid_lon":80.22967,"centroid_lat":7.20333,"risk_modifier":0.5149,"river_prox":0.0,"coast_prox":1.0,"highland":0.141,"zone":"moderate","evac_rank":0,"flood_rank":0},"geometry":{"type":"MultiPolygon","coordinates":[[[[80.16212076400006,7.202924616000075],[80.15877138600007,7.198005543000022],[80.16506856800004,7.200304995000067],[80.16212076400006,7.202924616000075]]],[[[80.19393119300008,7.257910866000032],[80.19863757900004,7.245373908000033],[80.18459196000003,7.234922514000061],[80.18231788600008,7.19578124700007],[80.16093827200007,7.193853128000057],[80.15666289500007,7.184091077000062],[80.15087027400006,7.192404562000036],[80.14406533100004,7.188648501000046],[80.15179642700008,7.182876006000072],[80.15189690100004,7.150016624000045],[80.16093367200006,7.125228999000058],[80.17261061400006,7.135927425000034],[80.19871686800008,7.135057113000073],[80.19870749800003,7.144935830000065],[80.21613859100006,7.15888062700003],[80.23316849900004,7.141283642000076],[80.24235325200004,7.117480482000076],[80.25273728900004,7.117416922000075],[80.25909883600008,7.102542287000063],[80.27152810900003,7.093908124000052],[80.28154071300008,7.124501384000041],[80.26275929400003,7.196994726000071],[80.27921029900006,7.201763656000026],[80.29024287900006,7.221495264000055],[80.26707639100005,7.237588018000054],[80.26087485200003,7.251837483000031],[80.28198999600005,7.258554885000024],[80.27652812500008,7.295049057000028],[80.28702494500004,7.299457886000027],[80.28475334000007,7.314983519000066],[80.27695651800008,7.317803213000047],[80.25240716900004,7.30411755800003],[80.21200188900008,7.274408921000031],[80.20176262400008,7.25893460900005],[80.19393119300008,7.257910866000032]]]]}},{"type":"Feature","properties":{"district":"Kegalle","subdivision":"Yatiyantota","centroid_lon":80.36838,"centroid_lat":7.02891,"risk_modifier":0.4472,"river_prox":0.0,"coast_prox":1.0,"highland":0.411,"zone":"safe_zone","evac_rank":1,"flood_rank":0},"geometry":{"type":"MultiPolygon","coordinates":[[[[80.46506030200004,7.021927912000024],[80.45517341600004,7.032993886000042],[80.46851950300004,7.06579690600006],[80.46146964800005,7.06274430700006],[80.42823678500008,7.076115980000054],[80.42375124000006,7.070333098000049],[80.42613293400007,7.048311941000065],[80.41383587900003,7.041431824000028],[80.40237136300004,7.046811594000076],[80.40806208600003,7.050270567000041],[80.40763426300003,7.062766295000074],[80.41706587000004,7.068818308000061],[80.40701862800006,7.081434048000062],[80.38661051800005,7.07186107800004],[80.37243487900008,7.079760348000036],[80.36089411300003,7.075890524000044],[80.36355529500008,7.068948853000052],[80.35616354500007,7.060855631000038],[80.33783816000005,7.06953268500007],[80.31631416100004,7.057435744000031],[80.31229911100007,7.065548285000034],[80.29233895100003,7.046050046000062],[80.27844367500006,7.066452063000042],[80.26795453600005,7.063078037000025],[80.26933089700003,7.040329949000068],[80.25993235100003,7.02302224500005],[80.26971964900008,7.023356111000055],[80.27443701500005,7.00955428900005],[80.29123154000007,7.003767501000027],[80.29660761500008,6.989056191000032],[80.31283736700004,6.980837201000043],[80.32532914800004,6.981938354000022],[80.32221743900004,6.993495345000042],[80.34259505200004,6.99866455800003],[80.39624687500003,6.997772686000076],[80.40409148000003,6.994356475000075],[80.39802248000007,6.987196806000043],[80.40550111200008,6.964878942000041],[80.43465653800007,6.95466850300005],[80.44298255800004,6.964245044000052],[80.43002729100004,6.992834950000031],[80.44880967000006,7.000374399000066],[80.46506030200004,7.021927912000024]]],[[[80.28395891100007,7.117824825000071],[80.27606878200004,7.111662115000058],[80.27217395700006,7.102325266000037],[80.27090912800008,7.087938598000051],[80.28082834200006,7.084501542000055],[80.29013303500005,7.092101437000053],[80.28395891100007,7.117824825000071]]]]}},{"type":"Feature","properties":{"district":"Kilinochchi","subdivision":"Kandavalai","centroid_lon":80.48397,"centroid_lat":9.44633,"risk_modifier":0.55,"river_prox":0.0,"coast_prox":1.0,"highland":0.0,"zone":"safe_zone","evac_rank":1,"flood_rank":0},"geometry":{"type":"MultiPolygon","coordinates":[[[[80.35830042700007,9.46859827000003],[80.35710604700006,9.468907313000045],[80.35784281000008,9.468065195000065],[80.35830042700007,9.46859827000003]]],[[[80.35915797900003,9.469114715000046],[80.35837554500006,9.469739007000044],[80.35778135700008,9.469419136000056],[80.35915797900003,9.469114715000046]]],[[[80.36258049300005,9.47044500900006],[80.36493470200008,9.472386265000068],[80.36258218200004,9.471032140000034],[80.35956667400006,9.470264696000072],[80.35925462600005,9.469867263000026],[80.36258049300005,9.47044500900006]]],[[[80.36680845600006,9.473184589000027],[80.36640194900008,9.473290955000039],[80.36618005700007,9.47303117000007],[80.36680845600006,9.473184589000027]]],[[[80.36570897800004,9.473063930000023],[80.36586673900007,9.473081248000028],[80.36707094300004,9.474073284000042],[80.36570897800004,9.473063930000023]]],[[[80.36728859100003,9.473944850000066],[80.36700975200006,9.473950424000066],[80.36704143900005,9.473430431000054],[80.36728859100003,9.473944850000066]]],[[[80.37207408600005,9.476491047000025],[80.36940354100005,9.475867519000076],[80.36815291500005,9.474454276000074],[80.37207408600005,9.476491047000025]]],[[[80.37388056300006,9.476963598000054],[80.37473165600005,9.477313429000048],[80.37466062700008,9.477472080000041],[80.37388056300006,9.476963598000054]]],[[[80.37461486500007,9.477624013000025],[80.37553239800008,9.47828994200006],[80.37506676900006,9.47842477200004],[80.37461486500007,9.477624013000025]]],[[[80.37545531800004,9.478555938000056],[80.37456341800004,9.478538010000022],[80.37351454900005,9.477591063000034],[80.37324477100003,9.476791882000043],[80.37384764900008,9.477782598000033],[80.37450627400005,9.477729217000046],[80.37452059900005,9.478221603000065],[80.37510894700006,9.478522233000035],[80.37557085100008,9.478371712000069],[80.37545531800004,9.478555938000056]]],[[[80.37758771300008,9.479088365000052],[80.37754059600007,9.480021836000049],[80.37680810200004,9.479737838000062],[80.37758771300008,9.479088365000052]]],[[[80.37622640300003,9.478862560000039],[80.37624608000004,9.480689365000046],[80.37562475600004,9.478425638000033],[80.37622640300003,9.478862560000039]]],[[[80.37006569600004,9.476680958000031],[80.37297075200007,9.481252098000027],[80.37114608500008,9.48045621700004],[80.37006569600004,9.476680958000031]]],[[[80.37273362000008,9.478045732000055],[80.37527533700006,9.481292582000037],[80.37450247700008,9.480950264000057],[80.37324358600006,9.479958064000073],[80.37273362000008,9.478045732000055]]],[[[80.38092118900005,9.480805100000055],[80.38066173900006,9.481893187000026],[80.38038624300003,9.481115590000059],[80.38092118900005,9.480805100000055]]],[[[80.38489917100003,9.481878295000058],[80.38190079900005,9.481930068000054],[80.38308090200007,9.481315498000072],[80.38489917100003,9.481878295000058]]],[[[80.37705124000007,9.48268783800006],[80.37604330700003,9.482740765000074],[80.37584673700007,9.482659252000076],[80.37679949500006,9.482119472000022],[80.37705124000007,9.48268783800006]]],[[[80.38414442000004,9.482740265000075],[80.38467219700004,9.483316328000058],[80.38121323300004,9.48296410100005],[80.38414442000004,9.482740265000075]]],[[[80.38696185200007,9.48334937800007],[80.38534413600007,9.483435318000033],[80.38525139100005,9.483356121000043],[80.38696185200007,9.48334937800007]]],[[[80.37669927700006,9.483500763000052],[80.37679658900004,9.483654939000076],[80.37610459200005,9.483094268000059],[80.37669927700006,9.483500763000052]]],[[[80.38156865100007,9.48235500900006],[80.37911529200005,9.483615480000026],[80.37913398400008,9.481453381000051],[80.38156865100007,9.48235500900006]]],[[[80.61517713600006,9.451860271000044],[80.54858257900008,9.47193558400005],[80.49927588400004,9.506044579000047],[80.47057311800006,9.518309428000066],[80.46049190000008,9.508248121000065],[80.41831560400004,9.517886057000055],[80.38609076700004,9.517078278000042],[80.39463909500006,9.50397676700004],[80.39036510400007,9.482875919000037],[80.35892936900007,9.467752567000048],[80.35062560400007,9.468004892000067],[80.34424899000004,9.452866885000049],[80.35337862500006,9.419433411000057],[80.36564278700007,9.43210463400004],[80.40573771200008,9.420062190000067],[80.42083409800006,9.42261230500003],[80.420811,9.436227667000026],[80.45170244000008,9.437195791000022],[80.45265939900008,9.408207361000052],[80.46394266100003,9.411084155000026],[80.46174086300005,9.405557274000046],[80.47658552200005,9.400158106000049],[80.48745442300003,9.409166475000063],[80.49097601900007,9.371571974000062],[80.50279281700006,9.368344960000059],[80.50889279700004,9.34455868300006],[80.51505241000007,9.347496963000026],[80.52638442000006,9.376713507000034],[80.52997905700005,9.404964488000076],[80.55647847700004,9.376276243000063],[80.58331286600009,9.36250975300004],[80.58347858300004,9.408487857000068],[80.60309562300006,9.419970258000035],[80.61517713600006,9.451860271000044]]]]}},{"type":"Feature","properties":{"district":"Kilinochchi","subdivision":"Karachchi","centroid_lon":80.33081,"centroid_lat":9.35844,"risk_modifier":0.55,"river_prox":0.0,"coast_prox":1.0,"highland":0.0,"zone":"moderate","evac_rank":0,"flood_rank":0},"geometry":{"type":"MultiPolygon","coordinates":[[[[80.32838388200008,9.455151637000029],[80.32868797500004,9.455091528000025],[80.32849558600003,9.455332536000071],[80.32838388200008,9.455151637000029]]],[[[80.33388894100005,9.45847556700005],[80.33402327600004,9.458552324000038],[80.33401615500003,9.458637315000033],[80.33388894100005,9.45847556700005]]],[[[80.33374371600007,9.45872821100005],[80.33397053100003,9.458848487000068],[80.33385812000006,9.458937776000027],[80.33374371600007,9.45872821100005]]],[[[80.30053049400004,9.461592882000048],[80.30089438400006,9.461837604000038],[80.30030127900005,9.46163652000007],[80.30053049400004,9.461592882000048]]],[[[80.29902930000003,9.46181981500007],[80.29897392900006,9.46168121200003],[80.30021508400006,9.46212984500005],[80.29902930000003,9.46181981500007]]],[[[80.29582925700004,9.462146805000032],[80.29527864500005,9.462310177000063],[80.29526115500005,9.462510441000063],[80.29524802200007,9.462193037000077],[80.29557924400007,9.462083351000047],[80.29582925700004,9.462146805000032]]],[[[80.33305863200007,9.462603112000068],[80.33317595200003,9.462668182000073],[80.33318442900008,9.462734204000071],[80.33305863200007,9.462603112000068]]],[[[80.33351949400003,9.462673858000073],[80.33367974700008,9.462639695000064],[80.33360196500007,9.462783012000045],[80.33351949400003,9.462673858000073]]],[[[80.33250834200004,9.46295471600007],[80.33261022300007,9.46298305700003],[80.33259680300006,9.463008177000063],[80.33250834200004,9.46295471600007]]],[[[80.33286003600006,9.462997294000047],[80.33303117100007,9.46300049100006],[80.33293605900008,9.46309106900003],[80.33286003600006,9.462997294000047]]],[[[80.29788358700006,9.462710210000068],[80.29661579100008,9.46309207400003],[80.29660794900008,9.462435406000054],[80.29736148800004,9.462469791000046],[80.29788358700006,9.462710210000068]]],[[[80.33361389200007,9.463002938000045],[80.33385992800004,9.46319458000005],[80.33372258500003,9.463263132000066],[80.33361389200007,9.463002938000045]]],[[[80.33408007600008,9.463044299000046],[80.33447709100005,9.462899575000051],[80.33422524400004,9.463341975000048],[80.33408007600008,9.463044299000046]]],[[[80.33325028700006,9.463231799000027],[80.33340431000005,9.46322566200007],[80.33333645700003,9.463367993000077],[80.33325028700006,9.463231799000027]]],[[[80.30218716400003,9.463103912000065],[80.30286401800004,9.463069910000058],[80.30326883800006,9.463426541000047],[80.30218716400003,9.463103912000065]]],[[[80.33362692300005,9.46350164300003],[80.33376015100004,9.463519079000037],[80.33371108000006,9.463645884000073],[80.33362692300005,9.46350164300003]]],[[[80.29862551600007,9.463242448000074],[80.29809416100005,9.463641948000031],[80.29825159100005,9.464072938000072],[80.29791107200003,9.46318976200007],[80.29862551600007,9.463242448000074]]],[[[80.29484771700004,9.464317899000037],[80.29448504400006,9.463126076000037],[80.29522841400006,9.464393921000067],[80.29484771700004,9.464317899000037]]],[[[80.30852612300004,9.463958246000061],[80.30689237100006,9.464073186000064],[80.30410495400008,9.463689161000048],[80.30852612300004,9.463958246000061]]],[[[80.29852897200004,9.464572813000075],[80.29807035200008,9.464864805000047],[80.29764216300003,9.464418799000043],[80.29785478400004,9.464255691000062],[80.29834551500005,9.464390722000076],[80.29852897200004,9.464572813000075]]],[[[80.33160449800005,9.464006753000035],[80.32577685100006,9.464864481000063],[80.32530375800008,9.463754469000037],[80.33001351100006,9.462944260000029],[80.33160449800005,9.464006753000035]]],[[[80.32567565900007,9.464795631000072],[80.32466745100004,9.465113906000056],[80.32519440300007,9.463800718000073],[80.32567565900007,9.464795631000072]]],[[[80.34722774000005,9.465024938000056],[80.34745434200005,9.464865695000071],[80.34780353500008,9.46522864700006],[80.34722774000005,9.465024938000056]]],[[[80.32457849700006,9.465090555000074],[80.32304782900007,9.465144843000076],[80.32456036700006,9.464529994000031],[80.32457849700006,9.465090555000074]]],[[[80.29761767400004,9.465208527000073],[80.29819640700003,9.465131543000041],[80.29798128800007,9.465853738000021],[80.29761767400004,9.465208527000073]]],[[[80.31628932700005,9.464677961000064],[80.31190090400008,9.465520955000045],[80.30971454000007,9.464562759000046],[80.30934458900003,9.46312064600005],[80.31527841000008,9.46393671100003],[80.31722896300005,9.460749360000023],[80.31628932700005,9.464677961000064]]],[[[80.30217970200005,9.465381493000052],[80.30264329400006,9.466190769000036],[80.30216741200007,9.465914613000052],[80.30217970200005,9.465381493000052]]],[[[80.30367964700008,9.464674393000053],[80.30703719600007,9.466304944000058],[80.30414101500008,9.46544559800003],[80.30367964700008,9.464674393000053]]],[[[80.35003511400004,9.465820149000024],[80.34935221300003,9.466302935000044],[80.34980647500004,9.465423772000065],[80.35003511400004,9.465820149000024]]],[[[80.34881661400004,9.466670127000043],[80.34899214700005,9.466510523000068],[80.34904206900006,9.466636915000038],[80.34881661400004,9.466670127000043]]],[[[80.34835133200005,9.46651926100003],[80.34857340200006,9.466482620000022],[80.34854827000004,9.466693947000067],[80.34835133200005,9.46651926100003]]],[[[80.29726007800008,9.464756105000049],[80.29497167100004,9.466369687000054],[80.29490464900005,9.464775339000028],[80.29726007800008,9.464756105000049]]],[[[80.34771977500003,9.46690138300005],[80.34815677700004,9.466792345000044],[80.34773800500005,9.467001350000032],[80.34771977500003,9.46690138300005]]],[[[80.34851291500007,9.467004872000075],[80.34862609600003,9.467083425000055],[80.34855533300004,9.467121535000047],[80.34851291500007,9.467004872000075]]],[[[80.34966449600006,9.467098537000027],[80.34982410800006,9.467179876000046],[80.34971193200005,9.467202004000058],[80.34966449600006,9.467098537000027]]],[[[80.29426610900003,9.466874467000025],[80.29498783300005,9.46726417900004],[80.29414095500005,9.467012735000026],[80.29426610900003,9.466874467000025]]],[[[80.34903392700005,9.466950415000042],[80.34924335900007,9.467320005000033],[80.34881285300008,9.467212044000064],[80.34903392700005,9.466950415000042]]],[[[80.30910387300008,9.467202056000076],[80.30863301700003,9.467589082000075],[80.30931593600008,9.46793051700007],[80.30863694300007,9.467649670000071],[80.30847672600004,9.467450254000028],[80.30846156700005,9.467277527000022],[80.30861968200009,9.467141285000025],[80.30910387300008,9.467202056000076]]],[[[80.29460070000005,9.467561057000069],[80.29490810100003,9.467820538000069],[80.29458268800005,9.467940811000062],[80.29460070000005,9.467561057000069]]],[[[80.31103127700004,9.467912339000065],[80.31032955700005,9.467665915000055],[80.31095023000006,9.467832658000077],[80.31250869200005,9.466951351000034],[80.31564199800005,9.466494005000072],[80.31635662200006,9.467038925000054],[80.31103127700004,9.467912339000065]]],[[[80.29397740800005,9.46778002800005],[80.29446483100008,9.46747849600007],[80.29421366600008,9.46804791300002],[80.29397740800005,9.46778002800005]]],[[[80.30191545300005,9.466944019000039],[80.29520727300007,9.467839481000055],[80.30143887000008,9.465106697000067],[80.30191545300005,9.466944019000039]]],[[[80.33554075900008,9.468996083000036],[80.33568336100006,9.469201359000067],[80.33557050400003,9.469163322000043],[80.33554075900008,9.468996083000036]]],[[[80.31617190100008,9.469397750000041],[80.31555841500005,9.46985567300004],[80.31529275300005,9.469700069000055],[80.31617190100008,9.469397750000041]]],[[[80.35085376300003,9.465696945000047],[80.34408475700008,9.462698207000074],[80.34837652700008,9.466315214000076],[80.34166281600005,9.47223692700004],[80.33795138600004,9.47371733600005],[80.33609170400007,9.471666809000055],[80.33524099000005,9.468876477000038],[80.33812677000003,9.473487712000065],[80.34425131000006,9.467844484000068],[80.33556888000004,9.468854866000072],[80.33453199400003,9.455197863000024],[80.33346568300004,9.458634096000026],[80.33065094600005,9.455747763000034],[80.32995355900005,9.456038955000054],[80.32853274800004,9.45490198300007],[80.32717553100008,9.455032198000026],[80.31015341800008,9.462470931000041],[80.29774623200007,9.45826009800004],[80.30395242200007,9.453286265000031],[80.29334785000003,9.437525868000023],[80.29854578000004,9.429498844000022],[80.29173926700008,9.42332033100007],[80.28979607500008,9.395577196000033],[80.29396275200008,9.394528857000068],[80.27067804300003,9.37829778300005],[80.23443644000008,9.372498605000033],[80.21159046800005,9.381603726000037],[80.20523680300005,9.376261752000062],[80.20871646700004,9.368280123000034],[80.19976359600008,9.334179480000046],[80.17238901800005,9.291129495000064],[80.16924561700006,9.263792162000072],[80.17915124500007,9.229780203000075],[80.19011565800008,9.237134681000043],[80.21588944500007,9.232404913000039],[80.21197045600007,9.271171201000072],[80.22708836800007,9.294198588000029],[80.23961869300007,9.30007622100004],[80.31116293200006,9.309659027000066],[80.32152249300003,9.307543287000044],[80.32099091700007,9.300023715000066],[80.34482890300006,9.305579262000037],[80.40481180200004,9.304977502000042],[80.40612403100005,9.339643253000077],[80.50636180000004,9.345249929000033],[80.50279281700006,9.368344960000059],[80.49097601900007,9.371571974000062],[80.48745442300003,9.409166475000063],[80.47658552200005,9.400158106000049],[80.46174086300005,9.405557274000046],[80.46394266100003,9.411084155000026],[80.45265939900008,9.408207361000052],[80.45170244000008,9.437195791000022],[80.420811,9.436227667000026],[80.42083409800006,9.42261230500003],[80.40573771200008,9.420062190000067],[80.36564278700007,9.43210463400004],[80.35337862500006,9.419433411000057],[80.34424899000004,9.452866885000049],[80.35085376300003,9.465696945000047]]],[[[80.30869373500008,9.47339327700007],[80.30914952100005,9.473451389000047],[80.30872274300003,9.473905205000051],[80.30869373500008,9.47339327700007]]],[[[80.30109418900008,9.481118336000065],[80.30178966400007,9.482040575000042],[80.30100812300003,9.482311739000068],[80.30109418900008,9.481118336000065]]],[[[80.32297225500008,9.46519900100003],[80.30194039800006,9.48443622600007],[80.30145558000004,9.483214043000032],[80.30194138900004,9.481966759000045],[80.30989121900006,9.468052442000044],[80.30613372500005,9.476957371000026],[80.31377793500008,9.471252751000065],[80.31064175000006,9.468918061000068],[80.31537767900005,9.470293090000041],[80.32297225500008,9.46519900100003]]]]}},{"type":"Feature","properties":{"district":"Kilinochchi","subdivision":"Manthai East","centroid_lon":80.30755,"centroid_lat":9.05364,"risk_modifier":0.6622,"river_prox":0.249,"coast_prox":1.0,"highland":0.0,"zone":"flood_zone","evac_rank":0,"flood_rank":1},"geometry":{"type":"Polygon","coordinates":[[[80.33790502000005,8.958822647000034],[80.39440444300004,8.995211349000044],[80.43251337200007,9.031201381000074],[80.42524349600006,9.04479537700007],[80.42387428400008,9.090688184000044],[80.40297660000004,9.090496392000034],[80.39962567400005,9.17121080100003],[80.33367362200005,9.211306215000036],[80.31685615100008,9.127959025000052],[80.32057662100004,9.115222780000067],[80.30244644500004,9.09514238600002],[80.26053707500006,9.130831087000047],[80.22784490700008,9.129903285000069],[80.21520647400007,9.141956446000052],[80.22365946700006,9.112966537000034],[80.21399310400005,9.097061488000065],[80.21781006800006,9.055198045000054],[80.19278003800008,9.045653128000026],[80.17407189700003,8.99643129900005],[80.18796609600008,8.979210195000064],[80.17565405700003,8.972466354000062],[80.17247504000005,8.95007021300006],[80.33790502000005,8.958822647000034]]]}},{"type":"Feature","properties":{"district":"Kilinochchi","subdivision":"Pachchilaipalli","centroid_lon":80.35805,"centroid_lat":9.58838,"risk_modifier":0.55,"river_prox":0.0,"coast_prox":1.0,"highland":0.0,"zone":"moderate","evac_rank":0,"flood_rank":0},"geometry":{"type":"MultiPolygon","coordinates":[[[[80.35780956300005,9.542294470000058],[80.35607328800006,9.543211986000074],[80.35584098200007,9.542780538000045],[80.35619354100004,9.542289725000046],[80.35780956300005,9.542294470000058]]],[[[80.35645510200004,9.544786181000063],[80.34838116600008,9.549513517000037],[80.35671809900003,9.544121928000038],[80.35645510200004,9.544786181000063]]],[[[80.34778869400003,9.549703286000067],[80.34760204200006,9.549818705000064],[80.34761365300005,9.549951044000068],[80.34754120900004,9.549727001000065],[80.34778869400003,9.549703286000067]]],[[[80.34695076200006,9.550349780000033],[80.34571716800008,9.551414263000026],[80.34572165000003,9.551282833000073],[80.34695076200006,9.550349780000033]]],[[[80.30390503700005,9.584583457000065],[80.30230845500006,9.584448730000076],[80.30408847000007,9.583793921000051],[80.30390503700005,9.584583457000065]]],[[[80.30144646300005,9.584718542000076],[80.30151697500008,9.585174722000033],[80.30131523900008,9.584828750000042],[80.30144646300005,9.584718542000076]]],[[[80.29845786000004,9.585560501000032],[80.29729911300007,9.58543002600004],[80.29903479600006,9.584744659000023],[80.29845786000004,9.585560501000032]]],[[[80.29901323300004,9.585697118000041],[80.29969178200008,9.585699498000054],[80.29894654800006,9.585914493000075],[80.29901323300004,9.585697118000041]]],[[[80.29777605200007,9.585654839000028],[80.29869142600006,9.586960258000033],[80.29527463700003,9.586846972000046],[80.29777605200007,9.585654839000028]]],[[[80.25546328400003,9.613069780000046],[80.30653228700004,9.584716151000066],[80.33928553500004,9.562735358000054],[80.35512005700008,9.548767676000068],[80.38240778700003,9.513715997000077],[80.41831560400004,9.517886057000055],[80.46049190000008,9.508248121000065],[80.47057311800006,9.518309428000066],[80.44722706700009,9.525694883000028],[80.43691217600008,9.557500121000032],[80.43908406600008,9.578180357000065],[80.35429442400005,9.635563428000069],[80.29737373500006,9.684750175000033],[80.28729142900005,9.65640075400006],[80.27522313400004,9.650460699000064],[80.25546328400003,9.613069780000046]]]]}},{"type":"Feature","properties":{"district":"Kilinochchi","subdivision":"Poonakary","centroid_lon":80.16934,"centroid_lat":9.39636,"risk_modifier":0.55,"river_prox":0.0,"coast_prox":1.0,"highland":0.0,"zone":"moderate","evac_rank":0,"flood_rank":0},"geometry":{"type":"MultiPolygon","coordinates":[[[[80.00194352800008,9.277676206000024],[80.00209075900005,9.277865591000023],[80.00195215900004,9.278017740000053],[80.00194352800008,9.277676206000024]]],[[[80.00218017300006,9.27777002800002],[80.00230344600004,9.277884222000068],[80.00203274400008,9.278172351000023],[80.00218017300006,9.27777002800002]]],[[[80.00118990100003,9.278521546000036],[80.00135189700006,9.278702372000055],[80.00124983900008,9.278711104000024],[80.00118990100003,9.278521546000036]]],[[[80.00181896900006,9.278694425000026],[80.00206667400005,9.278767295000023],[80.00195423700006,9.278859732000058],[80.00181896900006,9.278694425000026]]],[[[79.99648778900007,9.28033939900007],[79.99645613400008,9.280412118000072],[79.99641153700009,9.280409489000021],[79.99648778900007,9.28033939900007]]],[[[80.00199963700004,9.279036963000067],[80.00254668200006,9.278880357000048],[80.00275113000004,9.281008734000068],[80.00199963700004,9.279036963000067]]],[[[79.99596394000008,9.282447299000069],[79.99618293700007,9.28261911900006],[79.99612903200006,9.282792517000075],[79.99596394000008,9.282447299000069]]],[[[79.99607273300006,9.282150417000025],[79.99628066600008,9.28213766600004],[79.99637134300008,9.282379915000035],[79.99625220500008,9.283076250000022],[79.99621726700008,9.282530492000035],[79.99607273300006,9.282150417000025]]],[[[79.99599202800005,9.28341738100005],[79.99618843400003,9.283348365000052],[79.99598970900007,9.283520183000064],[79.99599202800005,9.28341738100005]]],[[[80.00030645500004,9.286325207000061],[80.00114158700006,9.286847464000061],[80.00102161000007,9.287139894000063],[80.00030645500004,9.286325207000061]]],[[[79.98591647900008,9.306660804000046],[79.97141045000006,9.29562926500006],[79.97075925800004,9.286680756000067],[79.97680445900005,9.279824928000039],[79.99189932300004,9.283187222000038],[79.99919427800006,9.270352978000062],[80.00616820800008,9.276337475000048],[80.00573176500006,9.281946273000074],[80.00299097900006,9.28092814300004],[80.00278784100004,9.278907459000038],[80.00209208300004,9.278301959000032],[80.00285355300008,9.277658270000074],[80.00276511900006,9.276593208000065],[80.00226356000007,9.276137680000033],[80.00020000500007,9.280099042000074],[80.00492073300006,9.286502865000045],[79.99988679800003,9.28620838300003],[79.99564457600007,9.289664164000044],[79.99571525700003,9.28459838300006],[79.99420244500004,9.284858669000073],[79.99581165600006,9.284349486000053],[79.99622890300003,9.283407315000034],[79.99700584000004,9.28033021400006],[79.99705170700008,9.278053638000074],[79.99696926700005,9.277708690000054],[79.99677098100005,9.277391339000076],[79.99720066800006,9.277245699000048],[79.99759991900004,9.276534871000024],[79.99780443200007,9.275754991000042],[79.99769556800004,9.274383542000066],[79.99809531600005,9.27340136500004],[79.98942653900008,9.292682365000076],[79.99100929600007,9.294147911000039],[79.99213379400004,9.291223129000059],[79.99278390700005,9.291518591000056],[79.99343812600006,9.292305400000032],[79.98714833600008,9.30188259700003],[79.99166554300007,9.302978616000075],[79.98591647900008,9.306660804000046]]],[[[80.08631097100005,9.313610018000077],[80.08663820600003,9.313725483000042],[80.08633963200003,9.313992013000075],[80.08631097100005,9.313610018000077]]],[[[80.08224125700008,9.318165810000039],[80.08297445900007,9.318731184000058],[80.08262866100006,9.319307221000031],[80.08224125700008,9.318165810000039]]],[[[80.08184493700008,9.319063285000027],[80.08248367900006,9.319378373000063],[80.08191698200005,9.319880651000062],[80.08184493700008,9.319063285000027]]],[[[80.07207426900004,9.322184726000046],[80.07708026200004,9.312901331000035],[80.08588507200005,9.31133845200003],[80.08879735800008,9.311784848000059],[80.07207426900004,9.322184726000046]]],[[[80.05443796800006,9.345814932000053],[80.04989489200005,9.33774900700007],[80.05679587600008,9.32953866500003],[80.05733212300004,9.34039300400002],[80.05443796800006,9.345814932000053]]],[[[80.12312319100005,9.429055014000028],[80.12372634900004,9.429582104000076],[80.12368443600008,9.429837918000032],[80.12312319100005,9.429055014000028]]],[[[80.15476646600007,9.44836299700006],[80.15403546700009,9.44833847700005],[80.15434772200007,9.447846497000057],[80.15476646600007,9.44836299700006]]],[[[80.15414596700003,9.449242344000027],[80.15502409000004,9.44960313100006],[80.15437967000008,9.450157641000033],[80.15414596700003,9.449242344000027]]],[[[80.15470378800006,9.453487807000045],[80.15497036500005,9.453588550000063],[80.15496091300008,9.45362877100007],[80.15470378800006,9.453487807000045]]],[[[80.15483977800005,9.454756660000044],[80.15513373100003,9.45472588900003],[80.15530396100007,9.454822216000025],[80.15483977800005,9.454756660000044]]],[[[80.28684087300007,9.458259768000062],[80.28681238800004,9.459024892000059],[80.28676633100008,9.458289324000077],[80.28684087300007,9.458259768000062]]],[[[80.28075851300008,9.45936940300004],[80.27889056500004,9.459457390000068],[80.27879291100004,9.459406255000033],[80.27930175400007,9.459028003000071],[80.28022445500005,9.458968712000058],[80.28075851300008,9.45936940300004]]],[[[80.29123222400005,9.46012870800007],[80.29098394500005,9.460195915000043],[80.29073606000009,9.460108588000026],[80.29123222400005,9.46012870800007]]],[[[80.27852738100006,9.460455788000047],[80.27806711600005,9.460617813000056],[80.27815065200008,9.460221515000057],[80.27852738100006,9.460455788000047]]],[[[80.28945554300003,9.460733015000073],[80.28991048900008,9.460005731000024],[80.29056776500005,9.46016071400004],[80.28945554300003,9.460733015000073]]],[[[80.29283881400005,9.460347016000071],[80.29266759600006,9.460142878000056],[80.29548978100007,9.459386707000021],[80.29283881400005,9.460347016000071]]],[[[80.28321288700005,9.461619848000055],[80.28338118300007,9.46169603800007],[80.28318212200008,9.462314891000062],[80.28321288700005,9.461619848000055]]],[[[80.28567733300008,9.461067255000046],[80.28662352900005,9.462507833000075],[80.28616877900004,9.462697909000042],[80.28567733300008,9.461067255000046]]],[[[80.28525085700005,9.463044858000046],[80.28562733800004,9.46281263000003],[80.28541519100008,9.463414103000048],[80.28525085700005,9.463044858000046]]],[[[80.28514576200007,9.46381421600006],[80.28540924300006,9.464016678000064],[80.28521801700003,9.464052311000046],[80.28514576200007,9.46381421600006]]],[[[80.28431249400006,9.46406317100002],[80.28467163400006,9.464311249000048],[80.28434097900004,9.464467673000058],[80.28431249400006,9.46406317100002]]],[[[80.28992230400007,9.464929579000056],[80.29025159100007,9.465100748000054],[80.29017405100006,9.465254001000062],[80.28992230400007,9.464929579000056]]],[[[80.27832272100005,9.46308040100007],[80.27728007200005,9.465870301000052],[80.27612811400007,9.461791307000055],[80.27832272100005,9.46308040100007]]],[[[80.28280265200004,9.462406233000024],[80.28180687400004,9.464861467000048],[80.28190013800008,9.46299571000003],[80.28280265200004,9.462406233000024]]],[[[80.27378967400006,9.465401132000068],[80.27282673500008,9.466067090000024],[80.27236337900007,9.466154682000024],[80.27378967400006,9.465401132000068]]],[[[80.26946189700004,9.46613128100006],[80.26643574900004,9.466654647000041],[80.26729426600008,9.466091280000057],[80.26946189700004,9.46613128100006]]],[[[80.27342609500005,9.466784907000033],[80.27430505200005,9.466125249000072],[80.27356995300005,9.467198798000027],[80.27342609500005,9.466784907000033]]],[[[80.28783568600005,9.467332334000048],[80.28812199200007,9.467497569000045],[80.28781917100008,9.467549236000025],[80.28783568600005,9.467332334000048]]],[[[80.28865547300006,9.466632319000041],[80.28487088600008,9.466725109000038],[80.28838074200007,9.459484778000046],[80.28814524700005,9.464805515000023],[80.29126538300005,9.466355591000024],[80.28919435900008,9.467765434000057],[80.28865547300006,9.466632319000041]]],[[[80.28486150900005,9.467757909000056],[80.28437079900004,9.467802079000023],[80.28417546800006,9.466678659000024],[80.28486150900005,9.467757909000056]]],[[[80.27075831200005,9.468211694000047],[80.27089347600008,9.468085294000048],[80.27092136100003,9.468326311000055],[80.27075831200005,9.468211694000047]]],[[[80.27303020200003,9.467270368000072],[80.27226788800004,9.468010846000027],[80.27210324200007,9.467298890000052],[80.27303020200003,9.467270368000072]]],[[[80.29298194400008,9.467092446000038],[80.29296333300005,9.468760193000037],[80.29171811600008,9.467618703000028],[80.29298194400008,9.467092446000038]]],[[[80.27073954700006,9.467773567000052],[80.27181214000007,9.468881787000043],[80.27115668800008,9.469413264000025],[80.27111150700006,9.468158757000026],[80.27073954700006,9.467773567000052]]],[[[80.27253353500004,9.468854149000038],[80.27345970200008,9.469946694000043],[80.27178002500006,9.468542383000056],[80.27253353500004,9.468854149000038]]],[[[80.26171982500006,9.463019506000023],[80.25972463500005,9.470234353000023],[80.25707322000005,9.466608940000071],[80.26171982500006,9.463019506000023]]],[[[80.26710003700003,9.466748196000026],[80.26849767600004,9.470737143000065],[80.26372702700007,9.469209078000063],[80.26710003700003,9.466748196000026]]],[[[80.25137172000007,9.470379035000065],[80.25157559000007,9.470599608000043],[80.25121060300006,9.470859215000075],[80.25137172000007,9.470379035000065]]],[[[80.25732807800006,9.470513962000041],[80.25710488900006,9.47060351400006],[80.25620946000004,9.470554728000025],[80.25732807800006,9.470513962000041]]],[[[80.27270870700005,9.470540612000036],[80.27055774100006,9.47111109900004],[80.27010009500003,9.470710502000031],[80.27140043200006,9.469654498000068],[80.27270870700005,9.470540612000036]]],[[[80.25571628500006,9.471269428000028],[80.25616442900008,9.471313311000074],[80.25628450600004,9.471595426000022],[80.25571628500006,9.471269428000028]]],[[[80.25684989400008,9.471562618000064],[80.25709215000006,9.471208064000052],[80.25700072800004,9.471619898000029],[80.25684989400008,9.471562618000064]]],[[[80.25729024900005,9.472065565000037],[80.25788939400007,9.471870226000021],[80.25787106800004,9.472128628000064],[80.25729024900005,9.472065565000037]]],[[[80.25512764400008,9.471323088000076],[80.25344533000003,9.471967944000028],[80.25175780600006,9.472924201000069],[80.25334098700006,9.471944370000074],[80.25487309600004,9.471246577000045],[80.25512764400008,9.471323088000076]]],[[[80.27435018700004,9.472738058000061],[80.27401999200004,9.473768414000062],[80.27385102600005,9.473712654000053],[80.27435018700004,9.472738058000061]]],[[[80.29211298900003,9.469889053000031],[80.28733241900005,9.469968658000028],[80.29156063100004,9.468084349000037],[80.29211298900003,9.469889053000031]]],[[[80.28471063100005,9.47522748800003],[80.28322852200006,9.474986889000036],[80.27799977000006,9.47442490800006],[80.28079147300008,9.474068401000068],[80.28471063100005,9.47522748800003]]],[[[80.26740458400008,9.475692300000048],[80.26803759200004,9.476135921000036],[80.26769436100005,9.476472074000071],[80.26740458400008,9.475692300000048]]],[[[80.28028107600005,9.477509921000035],[80.27888795500007,9.47764748700007],[80.28097423800006,9.476403568000023],[80.28028107600005,9.477509921000035]]],[[[80.27585151500006,9.477598898000053],[80.27617775900006,9.477799014000027],[80.27579663600005,9.477822799000023],[80.27585151500006,9.477598898000053]]],[[[80.26346072700005,9.484056163000048],[80.26412150600004,9.483832058000075],[80.26392663300004,9.484295737000025],[80.26346072700005,9.484056163000048]]],[[[80.26574595900007,9.48403921800002],[80.26469758700006,9.484779263000064],[80.26410301400006,9.483152595000035],[80.26574595900007,9.48403921800002]]],[[[80.26471357700007,9.486481861000073],[80.26585525900003,9.485904171000072],[80.26489381800008,9.486678701000073],[80.26471357700007,9.486481861000073]]],[[[80.26113884700004,9.487358381000035],[80.26155591400004,9.486995308000076],[80.26144493700008,9.48745142100006],[80.26113884700004,9.487358381000035]]],[[[80.25897593700006,9.487671611000053],[80.25965582700007,9.487648825000065],[80.25968378300007,9.487837306000074],[80.25897593700006,9.487671611000053]]],[[[80.25504126500005,9.489851801000043],[80.25509453500007,9.490470643000037],[80.25444562200005,9.489996864000034],[80.25504126500005,9.489851801000043]]],[[[80.25484387600005,9.490586285000063],[80.25309559200008,9.490759119000074],[80.25309486800006,9.490331600000047],[80.25484387600005,9.490586285000063]]],[[[80.25234279400007,9.490984875000038],[80.25297002500008,9.490914281000073],[80.25293620900004,9.491111353000065],[80.25234279400007,9.490984875000038]]],[[[80.25533866800004,9.490819946000045],[80.25534157300007,9.491617298000051],[80.25462160300003,9.49114938300005],[80.25533866800004,9.490819946000045]]],[[[80.25555937900003,9.490751550000027],[80.25673821100008,9.490994533000048],[80.25669805300004,9.492025116000036],[80.25555937900003,9.490751550000027]]],[[[80.27514202900005,9.492825160000052],[80.27527127000008,9.492831764000073],[80.27524814700007,9.493076687000041],[80.27514202900005,9.492825160000052]]],[[[80.25843716700007,9.494406518000062],[80.25891121800004,9.494443653000076],[80.25891804600008,9.494568897000022],[80.25843716700007,9.494406518000062]]],[[[80.25921916600004,9.494821347000027],[80.25962068100006,9.494696159000057],[80.25976383500006,9.49502596000002],[80.25921916600004,9.494821347000027]]],[[[80.25513012000005,9.49340980200003],[80.25346874400003,9.491079498000033],[80.25760546900005,9.493419777000042],[80.25513012000005,9.49340980200003]]],[[[80.25990116700007,9.49565812700007],[80.26003672600007,9.495582279000075],[80.26009303100005,9.495696383000052],[80.25990116700007,9.49565812700007]]],[[[80.26291383200004,9.494758382000043],[80.26117582700005,9.495973755000023],[80.26000957900004,9.494602778000058],[80.26291383200004,9.494758382000043]]],[[[80.27680333700005,9.48940933700004],[80.28542473100003,9.496547859000032],[80.28093472000006,9.493946081000047],[80.27903499800004,9.491661129000022],[80.28152583300005,9.495384186000024],[80.27753967300004,9.491635330000065],[80.27735785500005,9.492595820000076],[80.27294610900003,9.492388911000035],[80.27226669200007,9.49346117500005],[80.26328333200007,9.495279032000042],[80.27680333700005,9.48940933700004]]],[[[80.25861132900008,9.496545728000058],[80.25874457300006,9.49716866600005],[80.25825885500007,9.496644222000043],[80.25861132900008,9.496545728000058]]],[[[80.25004100500007,9.496781273000067],[80.25073852500003,9.497588162000056],[80.25026818600008,9.49777634000003],[80.25004100500007,9.496781273000067]]],[[[80.26043736200006,9.497891905000074],[80.26055854000003,9.497993807000057],[80.26038957800006,9.497928003000027],[80.26043736200006,9.497891905000074]]],[[[80.26203952800006,9.497874351000064],[80.26247702300003,9.49799714900007],[80.26243473400007,9.498136790000046],[80.26203952800006,9.497874351000064]]],[[[80.25883428500003,9.497298012000044],[80.25836634700005,9.498106882000059],[80.25767207700005,9.497313396000038],[80.25883428500003,9.497298012000044]]],[[[80.25968703800004,9.498160719000055],[80.26012588900005,9.498535352000033],[80.25950726200006,9.498385881000047],[80.25968703800004,9.498160719000055]]],[[[80.25466861600006,9.498308051000038],[80.25523422200007,9.498340806000044],[80.25525321100008,9.498797922000051],[80.25466861600006,9.498308051000038]]],[[[80.25555866100007,9.499079407000067],[80.25578868200006,9.498698614000034],[80.25577106200006,9.499152690000074],[80.25555866100007,9.499079407000067]]],[[[80.22504205200005,9.533793742000057],[80.22273927200007,9.534387994000042],[80.22442108700005,9.533255208000071],[80.22504205200005,9.533793742000057]]],[[[80.20756477900005,9.53614877900003],[80.20138994600006,9.536537398000064],[80.21001282300006,9.531195799000045],[80.20756477900005,9.53614877900003]]],[[[80.22182767600003,9.536203321000073],[80.22207392000007,9.537049970000055],[80.22167222000007,9.537026279000031],[80.22182767600003,9.536203321000073]]],[[[80.20107925100007,9.537335676000055],[80.20004015600006,9.537469516000044],[80.20075218000005,9.53680779900003],[80.20107925100007,9.537335676000055]]],[[[80.22115642900008,9.537536078000073],[80.21686306400005,9.538060586000029],[80.22109268100007,9.536501186000066],[80.22115642900008,9.537536078000073]]],[[[80.21602948100008,9.538927943000033],[80.21675027400005,9.538968970000042],[80.21672307500006,9.53928232900006],[80.21602948100008,9.538927943000033]]],[[[80.19978478000007,9.541478402000052],[80.19676895500004,9.541922831000022],[80.19891583600008,9.53888792400005],[80.19978478000007,9.541478402000052]]],[[[80.19249001200006,9.544760046000022],[80.19255099200006,9.545008808000034],[80.19234357100004,9.544948242000032],[80.19249001200006,9.544760046000022]]],[[[80.10239500500006,9.594111489000056],[80.08666811300003,9.598607253000068],[80.09695677400003,9.594645047000029],[80.10239500500006,9.594111489000056]]],[[[80.06574956700007,9.609713172000056],[80.07071467400004,9.604334403000053],[80.07697437000007,9.601160996000033],[80.08492440900005,9.598440147000076],[80.06574956700007,9.609713172000056]]],[[[80.30105105200005,9.456654442000058],[80.27754723400005,9.455263926000043],[80.24773098800006,9.46868478600004],[80.24892853200004,9.474207074000049],[80.25552073100005,9.471577484000022],[80.26350143400003,9.47700539400006],[80.27587848200005,9.475564503000044],[80.25638013100007,9.486557496000046],[80.24678498800006,9.495972894000033],[80.24622592700007,9.50616559100007],[80.24953103800004,9.502610963000052],[80.25379454800003,9.501211501000057],[80.25700064400007,9.498672007000039],[80.25691352900003,9.497843784000054],[80.25846721600004,9.499123112000063],[80.26638878600005,9.498244613000054],[80.27639338500006,9.492882274000067],[80.28013813800004,9.496713088000035],[80.28240041800007,9.495665632000055],[80.26235790800007,9.51343786700005],[80.25299362000004,9.513235461000022],[80.25779643800007,9.511641806000057],[80.25800321400004,9.509018582000067],[80.24350055400004,9.517306526000027],[80.22863433100008,9.528453953000053],[80.23012606400005,9.533565226000064],[80.22735505800006,9.529214760000059],[80.21818811700007,9.536341509000067],[80.21769725800004,9.527945030000069],[80.19423931100005,9.537335256000063],[80.19444939400006,9.552481792000037],[80.19337438000008,9.545582727000067],[80.19156116100004,9.542392433000032],[80.16788819600004,9.543424221000066],[80.13713507700004,9.56047127000005],[80.12510233200004,9.577197934000026],[80.11210830700009,9.574320197000077],[80.10571124600006,9.579758492000053],[80.10852806300005,9.584902555000042],[80.10088001300005,9.589686760000063],[80.09798776700006,9.584988034000048],[80.07348125500005,9.60091791900004],[80.06260221800005,9.600207774000069],[80.05813932600006,9.610793325000031],[80.04975876600008,9.598636826000075],[80.13144749200006,9.546759207000036],[80.16342261800008,9.516434805000074],[80.18367445400008,9.48640406800007],[80.18025260500008,9.472857628000042],[80.16747639700003,9.465663232000054],[80.16432936100006,9.457688119000068],[80.14512638500008,9.437384692000023],[80.05158690700006,9.390452881000044],[80.06118146600005,9.330843447000063],[80.06853065500007,9.325427740000066],[80.08401510800007,9.328544874000045],[80.11995036800005,9.29967031600006],[80.10790898200008,9.275064015000055],[80.11858078100005,9.26006574400003],[80.11663265100003,9.211552237000035],[80.14689961900007,9.21089936200002],[80.17915124500007,9.229780203000075],[80.16924561700006,9.263792162000072],[80.17238901800005,9.291129495000064],[80.19976359600008,9.334179480000046],[80.20871646700004,9.368280123000034],[80.20523680300005,9.376261752000062],[80.21582193900008,9.381710173000045],[80.24298988700008,9.372558517000073],[80.27067804300003,9.37829778300005],[80.29396275200008,9.394528857000068],[80.28979607500008,9.395577196000033],[80.29173926700008,9.42332033100007],[80.29854578000004,9.429498844000022],[80.29334785000003,9.437525868000023],[80.29936908800005,9.441366732000063],[80.30105105200005,9.456654442000058]]],[[[80.08022343500005,9.609846858000026],[80.07395589800007,9.611566778000054],[80.08224675900004,9.608821154000054],[80.08022343500005,9.609846858000026]]]]}},{"type":"Feature","properties":{"district":"Kilinochchi","subdivision":"Thunukkai","centroid_lon":80.28559,"centroid_lat":9.2219,"risk_modifier":0.55,"river_prox":0.0,"coast_prox":1.0,"highland":0.0,"zone":"moderate","evac_rank":0,"flood_rank":0},"geometry":{"type":"Polygon","coordinates":[[[80.18966165000006,9.23705287000007],[80.19336796700009,9.175836511000057],[80.21520647400007,9.141956446000052],[80.22784490700008,9.129903285000069],[80.26053707500006,9.130831087000047],[80.30244644500004,9.09514238600002],[80.32057662100004,9.115222780000067],[80.31685615100008,9.127959025000052],[80.33332327200003,9.211115824000046],[80.34881340300007,9.232586086000026],[80.36535591300003,9.235718062000046],[80.385851,9.250689346000058],[80.40467378200003,9.278491597000027],[80.40481180200004,9.304977502000042],[80.34482890300006,9.305579262000037],[80.32099091700007,9.300023715000066],[80.32152249300003,9.307543287000044],[80.31116293200006,9.309659027000066],[80.23961869300007,9.30007622100004],[80.22708836800007,9.294198588000029],[80.21197045600007,9.271171201000072],[80.21588944500007,9.232404913000039],[80.18966165000006,9.23705287000007]]]}},{"type":"Feature","properties":{"district":"Kilinochchi","subdivision":"Vadamaradchchi East","centroid_lon":80.40909,"centroid_lat":9.6111,"risk_modifier":0.55,"river_prox":0.0,"coast_prox":1.0,"highland":0.0,"zone":"moderate","evac_rank":0,"flood_rank":0},"geometry":{"type":"Polygon","coordinates":[[[80.26274710200005,9.711769553000067],[80.35429442400005,9.635563428000069],[80.44000083700007,9.57722538400003],[80.43691217600008,9.557500121000032],[80.44906134900003,9.52263785100007],[80.49269546200009,9.509810003000041],[80.55974834200003,9.46740092400006],[80.61517713600006,9.451860271000044],[80.62077444300007,9.45866025500004],[80.35691908700005,9.66729559600003],[80.31731789100007,9.713949574000026],[80.26921096000007,9.785700360000021],[80.24015953900005,9.764504061000025],[80.23904536400005,9.751688054000056],[80.26274710200005,9.711769553000067]]]}},{"type":"Feature","properties":{"district":"Kurunegala","subdivision":"Ambanpola","centroid_lon":80.22207,"centroid_lat":7.90771,"risk_modifier":0.55,"river_prox":0.0,"coast_prox":1.0,"highland":0.0,"zone":"safe_zone","evac_rank":1,"flood_rank":0},"geometry":{"type":"Polygon","coordinates":[[[80.25616651300004,7.946504790000063],[80.25954545000008,7.967790470000068],[80.24546047700005,7.979668772000025],[80.21887787100007,7.972373502000039],[80.21152572800008,7.956321699000057],[80.19093672400004,7.948481073000039],[80.16754108700007,7.949078428000064],[80.16240769200004,7.931651866000038],[80.15780973000005,7.932324140000048],[80.16272197600006,7.89862180800003],[80.17855878500006,7.861773525000046],[80.19872344100008,7.84270351300006],[80.24207876200006,7.851224749000039],[80.24360051300005,7.87207380600006],[80.25395431300007,7.865689824000071],[80.27520120300005,7.87669201500006],[80.28546954400008,7.865991519000033],[80.28995681400005,7.874006188000067],[80.30664510300005,7.87273024700005],[80.29156369500004,7.879840449000028],[80.29456094000005,7.894724491000034],[80.28038001700008,7.901279254000031],[80.26738080800004,7.935154537000074],[80.25616651300004,7.946504790000063]]]}},{"type":"Feature","properties":{"district":"Kurunegala","subdivision":"Bamunakotuwa","centroid_lon":80.25082,"centroid_lat":7.54775,"risk_modifier":0.949,"river_prox":0.887,"coast_prox":1.0,"highland":0.0,"zone":"moderate","evac_rank":0,"flood_rank":0},"geometry":{"type":"Polygon","coordinates":[[[80.29409500400004,7.588389735000021],[80.28035745600005,7.591313528000057],[80.27140153800008,7.585429886000043],[80.25579855700005,7.588855084000045],[80.24941528500005,7.598526672000048],[80.23209180100008,7.595118649000028],[80.21375270800007,7.586368939000067],[80.20769805500004,7.574607719000028],[80.19589957900007,7.578662929000075],[80.17275370200008,7.555471953000051],[80.17306631900004,7.546221589000027],[80.21168385600004,7.519270925000058],[80.22155835600006,7.528140032000067],[80.23522228000007,7.519914941000025],[80.24741181900004,7.520775713000035],[80.25896976000007,7.500567966000062],[80.26404487800005,7.501920356000028],[80.26320087900007,7.493735275000063],[80.28375131100006,7.493408204000048],[80.29099321600006,7.487614959000041],[80.30926475700005,7.518307208000067],[80.30285819700003,7.566839041000037],[80.29409500400004,7.588389735000021]]]}},{"type":"Feature","properties":{"district":"Kurunegala","subdivision":"Bingiriya","centroid_lon":79.96653,"centroid_lat":7.60719,"risk_modifier":0.5802,"river_prox":0.067,"coast_prox":1.0,"highland":0.0,"zone":"moderate","evac_rank":0,"flood_rank":0},"geometry":{"type":"Polygon","coordinates":[[[79.90376241400008,7.616422045000036],[79.90573309200005,7.593377537000038],[79.89802181200008,7.556787800000052],[79.90857496000007,7.556731891000027],[79.91795361500004,7.542399723000074],[79.93684572600006,7.541810823000048],[79.94547266000006,7.524969909000049],[79.96080956900005,7.527431818000025],[79.96942733400004,7.540610698000023],[79.97703676600008,7.539408880000053],[79.97282685200008,7.517701043000045],[79.97930142700005,7.517218070000069],[79.99371935400006,7.539204010000049],[80.00603597100007,7.545079677000047],[80.02179725700006,7.541274244000022],[80.03265843600008,7.550087044000065],[80.02830496300004,7.572784422000041],[80.01046753500003,7.582334283000023],[80.01592665600003,7.615877761000036],[79.99111415200008,7.607780387000048],[80.01119317300004,7.649616523000077],[80.03635253700008,7.659200506000047],[80.03570696400004,7.668075310000063],[80.04598996200008,7.679126623000059],[80.04214298200003,7.683144803000062],[80.02691647800003,7.674341935000029],[80.02012782600008,7.685123729000054],[80.00771053800008,7.688767349000045],[79.98943921800003,7.682994877000056],[79.98539655300004,7.689584493000041],[79.99632021300005,7.697246340000049],[79.98676871200007,7.704837864000069],[79.97708785200007,7.687902860000065],[79.96899488400004,7.684659115000045],[79.96445994300007,7.690361114000041],[79.95694867400005,7.673342628000057],[79.94664447500008,7.675760478000029],[79.94456910400004,7.682347875000062],[79.92623095400006,7.674639789000025],[79.92828623100007,7.665439721000041],[79.92112396100003,7.655907831000036],[79.93138875100004,7.649719394000044],[79.92165274700005,7.646237167000038],[79.91889022000004,7.633425827000053],[79.90376241400008,7.616422045000036]]]}},{"type":"Feature","properties":{"district":"Kurunegala","subdivision":"Ganewatta","centroid_lon":80.3679,"centroid_lat":7.6566,"risk_modifier":0.7249,"river_prox":0.389,"coast_prox":1.0,"highland":0.0,"zone":"moderate","evac_rank":0,"flood_rank":0},"geometry":{"type":"Polygon","coordinates":[[[80.34191699700006,7.740504430000044],[80.32817822700008,7.746364565000022],[80.31913462200004,7.721746923000069],[80.29883972300007,7.718991709000022],[80.29659546200008,7.703302808000046],[80.27576431700004,7.710142847000043],[80.27458604500004,7.702225328000054],[80.27982822300004,7.690715743000055],[80.28970334500008,7.692241509000041],[80.29119884300007,7.684837853000033],[80.30592989300004,7.675521623000066],[80.32896884300004,7.631680275000065],[80.34070440700003,7.631178178000027],[80.34259912600004,7.616716709000059],[80.35970756600005,7.592722726000034],[80.38746344500004,7.572397138000042],[80.40549732500006,7.579977106000058],[80.41201484700008,7.595006370000021],[80.40748971700003,7.638276206000057],[80.44967775000003,7.647381450000069],[80.45054017800004,7.670094801000062],[80.44159586600006,7.673001796000051],[80.43017448900008,7.69239914800005],[80.41341488700004,7.689357183000027],[80.39341601900009,7.698829385000067],[80.37278858500008,7.675223573000039],[80.36377145000006,7.677936934000058],[80.34737431300005,7.698471448000021],[80.32745504100006,7.703461531000073],[80.34191699700006,7.740504430000044]]]}},{"type":"Feature","properties":{"district":"Kurunegala","subdivision":"Ibbagamuwa","centroid_lon":80.46897,"centroid_lat":7.61775,"risk_modifier":0.5638,"river_prox":0.031,"coast_prox":1.0,"highland":0.0,"zone":"moderate","evac_rank":0,"flood_rank":0},"geometry":{"type":"Polygon","coordinates":[[[80.53875799100007,7.708619116000023],[80.52244063400008,7.704599538000025],[80.51197325500004,7.693205318000025],[80.49620789700003,7.693105814000035],[80.48925136000008,7.717710473000068],[80.48305047200006,7.718267992000051],[80.46426022600008,7.71172129100006],[80.47067839700009,7.70306828400004],[80.43544990300006,7.700756098000056],[80.43098213100006,7.689545280000061],[80.44159586600006,7.673001796000051],[80.45054017800004,7.670094801000062],[80.45016344000004,7.64795788400005],[80.41698334400007,7.636322194000059],[80.40813920100004,7.639144266000073],[80.41201484700008,7.595006370000021],[80.40549732500006,7.579977106000058],[80.38746344500004,7.572397138000042],[80.39717768500003,7.566885967000076],[80.40926,7.539777054000069],[80.42385466500008,7.528843545000029],[80.42920072800007,7.506878108000024],[80.45065383000008,7.505670527000063],[80.48144588200006,7.523162265000053],[80.47357616000005,7.532074230000035],[80.48690640500007,7.553282472000035],[80.49757971600008,7.59031341900004],[80.48382841300008,7.594281674000058],[80.50344185900008,7.599199917000021],[80.50494675900006,7.623052566000069],[80.52255611200007,7.621884068000043],[80.53678002100008,7.636337438000055],[80.55413683600005,7.632809988000076],[80.54339620500008,7.659552064000025],[80.55177035500003,7.666091705000042],[80.54741688700005,7.704616061000024],[80.53875799100007,7.708619116000023]]]}},{"type":"Feature","properties":{"district":"Kurunegala","subdivision":"Kobeigane","centroid_lon":80.09807,"centroid_lat":7.68395,"risk_modifier":0.9329,"river_prox":0.851,"coast_prox":1.0,"highland":0.0,"zone":"moderate","evac_rank":0,"flood_rank":0},"geometry":{"type":"Polygon","coordinates":[[[80.04214298200003,7.683144803000062],[80.05609507000008,7.679015224000068],[80.06378767200005,7.659677526000053],[80.10103297000006,7.657286468000052],[80.10134171100003,7.643108648000066],[80.11716911000008,7.637556434000032],[80.11349755100008,7.62717225800003],[80.12008391500007,7.620152677000021],[80.13205765100008,7.635256001000073],[80.14667916900004,7.632362493000073],[80.15237010000004,7.624867727000037],[80.16669898500004,7.624707611000076],[80.16783508500004,7.63352739000004],[80.17326968100008,7.633398701000033],[80.16559816000006,7.646525508000025],[80.17075353100006,7.656224334000058],[80.16403633500005,7.666535181000029],[80.16825777600008,7.67976494100003],[80.15985657400006,7.699482373000023],[80.15087570600008,7.695816212000068],[80.15866636200008,7.715450563000047],[80.14538044300008,7.725963325000066],[80.12042657300003,7.716989863000038],[80.08489228900004,7.734043952000036],[80.07404123400005,7.729704927000057],[80.06722528400007,7.717991334000033],[80.04013020000008,7.725072180000041],[80.02638708000006,7.721032810000054],[80.01677712900005,7.706934849000049],[79.99964290700007,7.704873650000025],[79.98539655300004,7.689584493000041],[79.98943921800003,7.682994877000056],[80.00567057100005,7.68884504600004],[80.02012782600008,7.685123729000054],[80.02691647800003,7.674341935000029],[80.04214298200003,7.683144803000062]]]}},{"type":"Feature","properties":{"district":"Kurunegala","subdivision":"Kuliyapitiya East","centroid_lon":80.16702,"centroid_lat":7.46873,"risk_modifier":0.6631,"river_prox":0.251,"coast_prox":1.0,"highland":0.0,"zone":"moderate","evac_rank":0,"flood_rank":0},"geometry":{"type":"Polygon","coordinates":[[[80.17306631900004,7.546221589000027],[80.15969998600008,7.524456998000062],[80.14511901300006,7.514472431000058],[80.14674465700006,7.507796911000071],[80.14540221800007,7.501899811000044],[80.14479907400005,7.500729763000038],[80.14435373600008,7.500085444000035],[80.14423838100004,7.499789705000069],[80.14352074900006,7.498481450000043],[80.14336693900003,7.498286194000059],[80.13372289200004,7.499118079000027],[80.14084863000005,7.492150065000033],[80.13427604100008,7.490417271000069],[80.13778647700008,7.485345857000027],[80.11564557000008,7.467530854000074],[80.12173341700003,7.454466757000034],[80.11331208500008,7.441961409000044],[80.12507852600004,7.436441325000033],[80.11894525700006,7.415099883000039],[80.11045735900007,7.411401892000072],[80.11641827300008,7.407549001000064],[80.12863558700008,7.413549185000022],[80.13368762600004,7.405387334000068],[80.13232811800003,7.410086223000064],[80.14722773600005,7.418857382000056],[80.15556042500003,7.411182423000071],[80.15561777100004,7.393085704000043],[80.16942264600004,7.382864935000043],[80.17178016100007,7.400470217000077],[80.18704297600004,7.405161674000055],[80.18641565000007,7.477223381000044],[80.19913104000005,7.481236296000077],[80.20543741100005,7.462998326000047],[80.21468227300005,7.464086917000031],[80.21672760600006,7.479189733000055],[80.22605427300005,7.490081760000066],[80.22451205100003,7.503671905000033],[80.21099091500008,7.521949031000077],[80.18767642600005,7.531516084000032],[80.17306631900004,7.546221589000027]]]}},{"type":"Feature","properties":{"district":"Kurunegala","subdivision":"Kuliyapitiya West","centroid_lon":80.05312,"centroid_lat":7.47251,"risk_modifier":0.55,"river_prox":0.0,"coast_prox":1.0,"highland":0.0,"zone":"safe_zone","evac_rank":2,"flood_rank":0},"geometry":{"type":"Polygon","coordinates":[[[79.98524682200008,7.524992234000024],[79.99539419800004,7.508780284000068],[79.98775838100005,7.497758163000071],[79.99175844900003,7.487297725000076],[79.98464246300006,7.486846477000029],[79.98490002600005,7.440185292000024],[79.99499631200007,7.434995513000047],[79.99599626800006,7.427132973000028],[80.00784152400007,7.423217086000022],[80.06497523700006,7.429939624000042],[80.07114555700008,7.406630580000069],[80.08377854200006,7.398409136000055],[80.09893537900007,7.411004874000071],[80.10936718200008,7.403916383000023],[80.12507852600004,7.436441325000033],[80.11331208500008,7.441961409000044],[80.12173341700003,7.454466757000034],[80.11564557000008,7.467530854000074],[80.14085345900008,7.492005565000056],[80.12470650300008,7.50360945500006],[80.12610232100008,7.508219707000023],[80.11643245100004,7.509182267000028],[80.10322490900006,7.500169403000029],[80.08892323600008,7.515742922000072],[80.07256548500004,7.507758528000068],[80.07668318000003,7.503671193000059],[80.06969720000006,7.492083239000067],[80.04529946100007,7.491233881000028],[80.04284251600006,7.521687986000074],[80.05003139200005,7.546638356000074],[80.04267992400008,7.555529231000037],[80.03254889400006,7.555188118000046],[80.02179725700006,7.541274244000022],[80.00218931000006,7.544133842000065],[79.98524682200008,7.524992234000024]]]}},{"type":"Feature","properties":{"district":"Kurunegala","subdivision":"Kurunegala","centroid_lon":80.35155,"centroid_lat":7.51162,"risk_modifier":0.95,"river_prox":0.909,"coast_prox":1.0,"highland":0.002,"zone":"flood_zone","evac_rank":0,"flood_rank":2},"geometry":{"type":"MultiPolygon","coordinates":[[[[80.30218658000007,7.502537195000059],[80.31536987500004,7.492716011000027],[80.31745868500008,7.47191513100006],[80.32627662300007,7.459630563000076],[80.32207761800004,7.451882620000049],[80.34063834800008,7.417166933000033],[80.34610834500006,7.386782177000043],[80.37638951100007,7.392195146000063],[80.37184176300008,7.400661737000064],[80.35230075500004,7.401691008000057],[80.36477626600004,7.421563519000074],[80.34873433200005,7.425431263000064],[80.35885367100008,7.448657286000071],[80.37273505300004,7.454952930000047],[80.37621168600003,7.468965861000072],[80.36721815100003,7.474591344000032],[80.38253918800007,7.475520128000028],[80.36954199100006,7.514640930000041],[80.35551753700008,7.510001076000037],[80.35728200200003,7.501560531000052],[80.34668568700005,7.499979882000048],[80.33920219000004,7.489443896000068],[80.32522539500007,7.49272389500004],[80.30696147200007,7.510473578000074],[80.30218658000007,7.502537195000059]],[[80.34384388600006,7.426076291000072],[80.34451725200006,7.421511824000049],[80.34079585900008,7.417509368000026],[80.34017300100004,7.422904533000064],[80.34384388600006,7.426076291000072]],[[80.35905060000005,7.39925588400007],[80.35413654200005,7.397404988000062],[80.35314892800005,7.399961322000024],[80.35905060000005,7.39925588400007]]],[[[80.37594388700006,7.576773690000039],[80.33054469600006,7.623934639000026],[80.32496270200005,7.605604981000056],[80.31890451600003,7.601613321000059],[80.30964973900006,7.606269136000037],[80.30768847200005,7.600738148000062],[80.34989671700004,7.555178504000025],[80.36230039400004,7.530295978000026],[80.37290999900006,7.54005316100006],[80.38398326600003,7.537277674000052],[80.38512069700005,7.544757504000074],[80.40294853800003,7.541795639000043],[80.39717768500003,7.566885967000076],[80.37594388700006,7.576773690000039]]]]}},{"type":"Feature","properties":{"district":"Kurunegala","subdivision":"Maho","centroid_lon":80.28842,"centroid_lat":7.80531,"risk_modifier":0.7102,"river_prox":0.356,"coast_prox":1.0,"highland":0.0,"zone":"moderate","evac_rank":0,"flood_rank":0},"geometry":{"type":"Polygon","coordinates":[[[80.19999244800005,7.842884458000071],[80.19378672200008,7.83642681300006],[80.20082048200004,7.815356883000049],[80.19554697600006,7.80463340700004],[80.20102872600006,7.797082467000052],[80.20687743800005,7.799827014000073],[80.20268055800005,7.786671127000034],[80.21891434900004,7.772846221000066],[80.22601467400006,7.791034429000035],[80.22183286600006,7.772185015000048],[80.23364907700005,7.764345322000054],[80.23033996100008,7.75378162800007],[80.24329730100004,7.746987185000023],[80.23433931200003,7.742340892000072],[80.23408570300006,7.735347916000023],[80.24735545800007,7.72522884600005],[80.26379201000003,7.726890012000069],[80.27576431700004,7.710142847000043],[80.29659546200008,7.703302808000046],[80.29883972300007,7.718991709000022],[80.31624139200005,7.719681781000077],[80.32527878200005,7.728462950000051],[80.32193561600008,7.738325450000048],[80.32817822700008,7.746364565000022],[80.34191699700006,7.740504430000044],[80.36066995000004,7.760624983000071],[80.35332692900005,7.788027063000072],[80.35686420600007,7.817764855000064],[80.35015855400007,7.818465554000056],[80.34984218000005,7.826020846000063],[80.36048604500007,7.82903871700006],[80.36839666500003,7.866024362000076],[80.36539173300008,7.881128008000076],[80.34664990400006,7.887387870000055],[80.33698046800004,7.884261477000052],[80.32845826000005,7.893698877000077],[80.29071359400007,7.896645997000064],[80.29156369500004,7.879840449000028],[80.30664510300005,7.87273024700005],[80.28995681400005,7.874006188000067],[80.28546954400008,7.865991519000033],[80.27520120300005,7.87669201500006],[80.25395431300007,7.865689824000071],[80.24360051300005,7.87207380600006],[80.24207876200006,7.851224749000039],[80.19999244800005,7.842884458000071]]]}},{"type":"Feature","properties":{"district":"Kurunegala","subdivision":"Mallawapitiya","centroid_lon":80.38834,"centroid_lat":7.4676,"risk_modifier":0.9492,"river_prox":0.937,"coast_prox":1.0,"highland":0.091,"zone":"moderate","evac_rank":0,"flood_rank":0},"geometry":{"type":"MultiPolygon","coordinates":[[[[80.35413654200005,7.397404988000062],[80.35905060000005,7.39925588400007],[80.35314892800005,7.399961322000024],[80.35413654200005,7.397404988000062]]],[[[80.34384388600006,7.426076291000072],[80.34017300100004,7.422904533000064],[80.34079585900008,7.417509368000026],[80.34451725200006,7.421511824000049],[80.34384388600006,7.426076291000072]]],[[[80.40324505600006,7.550941105000049],[80.40271642300007,7.541666460000044],[80.38512069700005,7.544757504000074],[80.38398326600003,7.537277674000052],[80.37290999900006,7.54005316100006],[80.36265422400004,7.531170269000029],[80.38253918800007,7.475520128000028],[80.36721815100003,7.474591344000032],[80.37621168600003,7.468965861000072],[80.37273505300004,7.454952930000047],[80.35885367100008,7.448657286000071],[80.34873433200005,7.425431263000064],[80.36477626600004,7.421563519000074],[80.35240954600005,7.401613535000024],[80.37184176300008,7.400661737000064],[80.37646518400004,7.392265773000076],[80.39009512700005,7.396292087000063],[80.40518581900005,7.386175283000057],[80.40557473600006,7.404994570000042],[80.40018399300004,7.415086768000037],[80.39426845300005,7.414637142000061],[80.41336325000003,7.423133085000075],[80.40890343800004,7.446003306000023],[80.40071339700006,7.455265080000061],[80.40837994100008,7.463365597000063],[80.39968942400003,7.464946260000033],[80.40754313500008,7.467648673000042],[80.40357162900006,7.474786824000034],[80.41060108500005,7.484329514000024],[80.41164710800007,7.50751682300006],[80.42710950400004,7.51864385600004],[80.40324505600006,7.550941105000049]]]]}},{"type":"Feature","properties":{"district":"Kurunegala","subdivision":"Maspotha","centroid_lon":80.32257,"centroid_lat":7.55756,"risk_modifier":0.9173,"river_prox":0.816,"coast_prox":1.0,"highland":0.0,"zone":"moderate","evac_rank":0,"flood_rank":0},"geometry":{"type":"Polygon","coordinates":[[[80.30564266000005,7.509165408000058],[80.31478298400003,7.506903856000065],[80.32522539500007,7.49272389500004],[80.33920219000004,7.489443896000068],[80.34668568700005,7.499979882000048],[80.35728200200003,7.501560531000052],[80.35551753700008,7.510001076000037],[80.36869003900006,7.514606718000039],[80.35450387500003,7.548994457000049],[80.30768847200005,7.600738148000062],[80.31116875800006,7.631548982000027],[80.29055470800006,7.669565696000063],[80.28623412000007,7.666138903000046],[80.29235192500005,7.639353339000024],[80.28737409900003,7.633695],[80.30823320600007,7.53467990300004],[80.30564266000005,7.509165408000058]]]}},{"type":"Feature","properties":{"district":"Kurunegala","subdivision":"Mawathagama","centroid_lon":80.44322,"centroid_lat":7.42419,"risk_modifier":0.9029,"river_prox":0.892,"coast_prox":1.0,"highland":0.195,"zone":"moderate","evac_rank":0,"flood_rank":0},"geometry":{"type":"Polygon","coordinates":[[[80.44919975200008,7.361198850000051],[80.47010212400005,7.39390282200003],[80.45969154300008,7.410613005000073],[80.46791504600003,7.412969482000051],[80.50911228100006,7.385347874000047],[80.51717001200007,7.389088354000023],[80.51244458600007,7.393861961000027],[80.51762374500004,7.398782013000073],[80.51522271700009,7.416125663000059],[80.50097660900008,7.429859106000038],[80.49339532200008,7.421714743000052],[80.48323456200006,7.428019516000063],[80.48057641500003,7.423874208000029],[80.46365297700004,7.438008425000021],[80.46192750700004,7.45845287800006],[80.45288894600003,7.471251233000032],[80.43485356600007,7.480027287000041],[80.44467192600007,7.491678335000074],[80.43905224700006,7.507067163000045],[80.42872097700007,7.507152899000062],[80.42502115800005,7.518707354000071],[80.41164710800007,7.50751682300006],[80.41060108500005,7.484329514000024],[80.40357162900006,7.474786824000034],[80.40754313500008,7.467648673000042],[80.39968942400003,7.464946260000033],[80.40837994100008,7.463365597000063],[80.40071339700006,7.455265080000061],[80.40890343800004,7.446003306000023],[80.41336325000003,7.423133085000075],[80.39426845300005,7.414637142000061],[80.40018399300004,7.415086768000037],[80.40557473600006,7.404994570000042],[80.40511077500008,7.385969371000044],[80.41410732500003,7.373988366000049],[80.41175027000008,7.356741061000037],[80.44376658300007,7.357117679000055],[80.45467284200004,7.349698347000071],[80.45792088300004,7.352629368000066],[80.44919975200008,7.361198850000051]]]}},{"type":"Feature","properties":{"district":"Kurunegala","subdivision":"Narammala","centroid_lon":80.19098,"centroid_lat":7.39702,"risk_modifier":0.6251,"river_prox":0.167,"coast_prox":1.0,"highland":0.0,"zone":"moderate","evac_rank":0,"flood_rank":0},"geometry":{"type":"Polygon","coordinates":[[[80.26266644500004,7.39593252100002],[80.24432908100005,7.421129660000076],[80.25131542200006,7.437216385000056],[80.23676155100003,7.46091423200005],[80.20543741100005,7.462998326000047],[80.19913104000005,7.481236296000077],[80.18641565000007,7.477223381000044],[80.18704297600004,7.405161674000055],[80.17178016100007,7.400470217000077],[80.17009498400006,7.383087145000047],[80.14984947900007,7.393747501000064],[80.12180293300008,7.371697832000052],[80.12065883800005,7.364210841000045],[80.13283945200004,7.350944048000031],[80.12310750300009,7.329811465000034],[80.15329570200004,7.313278030000049],[80.19571703800005,7.380598035000048],[80.20266865100007,7.377715751000039],[80.21106450400003,7.385677175000069],[80.23351461100003,7.385201994000056],[80.26266644500004,7.39593252100002]]]}},{"type":"Feature","properties":{"district":"Kurunegala","subdivision":"Nikaweratiya","centroid_lon":80.14368,"centroid_lat":7.76273,"risk_modifier":0.8473,"river_prox":0.661,"coast_prox":1.0,"highland":0.0,"zone":"moderate","evac_rank":0,"flood_rank":0},"geometry":{"type":"Polygon","coordinates":[[[80.15667751000007,7.718998739000028],[80.17991379900008,7.729967146000035],[80.21949584800007,7.726573291000022],[80.23408570300006,7.735347916000023],[80.23433931200003,7.742340892000072],[80.24329730100004,7.746987185000023],[80.23033996100008,7.75378162800007],[80.23364907700005,7.764345322000054],[80.22183286600006,7.772185015000048],[80.22601467400006,7.791034429000035],[80.21891434900004,7.772846221000066],[80.20268055800005,7.786671127000034],[80.20687743800005,7.799827014000073],[80.20102872600006,7.797082467000052],[80.19395273100008,7.805330228000059],[80.18038181600008,7.794401736000054],[80.17337714600006,7.805976343000054],[80.15950456100006,7.798702965000075],[80.15313828400008,7.806845903000067],[80.14472800400006,7.802959672000043],[80.14535739900003,7.796283822000021],[80.14164912800004,7.800427568000032],[80.12583165400008,7.796475033000036],[80.11869876200007,7.801751607000028],[80.12561336800007,7.805104421000067],[80.12290998500004,7.812800025000058],[80.11562698500006,7.812507630000027],[80.10477698900007,7.823952127000041],[80.09013295400007,7.821338921000063],[80.07734243500005,7.806726195000067],[80.08984895600008,7.783740727000065],[80.08563430900006,7.777344911000057],[80.07153716500005,7.777390065000077],[80.07311584600006,7.765597786000058],[80.06529143000006,7.754503207000027],[80.06912879800007,7.745995065000045],[80.04866303600005,7.724828416000037],[80.05525749400005,7.717374162000056],[80.06722528400007,7.717991334000033],[80.07404123400005,7.729704927000057],[80.08489228900004,7.734043952000036],[80.11923931600006,7.717124844000068],[80.14538044300008,7.725963325000066],[80.15667751000007,7.718998739000028]]]}},{"type":"Feature","properties":{"district":"Kurunegala","subdivision":"Panduwasnuwara East","centroid_lon":80.14132,"centroid_lat":7.55663,"risk_modifier":0.7843,"river_prox":0.521,"coast_prox":1.0,"highland":0.0,"zone":"moderate","evac_rank":0,"flood_rank":0},"geometry":{"type":"Polygon","coordinates":[[[80.20769805500004,7.574607719000028],[80.21560331000006,7.613155939000023],[80.20155286900007,7.618502060000026],[80.19219013500003,7.619594759000051],[80.17186286300006,7.595368072000042],[80.14728829800003,7.594524411000066],[80.14551088900004,7.586644265000075],[80.12836456700006,7.599000575000048],[80.12183369100006,7.581222370000035],[80.09892257000007,7.572785960000033],[80.08879381300005,7.575263169000038],[80.08896615300006,7.553324537000037],[80.08051827100007,7.54246039800006],[80.08462717200007,7.530613084000038],[80.07350465000007,7.526889348000054],[80.07131750200006,7.516775290000055],[80.07882616200004,7.508450099000072],[80.08947387700005,7.515711585000076],[80.10322490900006,7.500169403000029],[80.11824663200008,7.509517336000044],[80.12610232100008,7.508219707000023],[80.12932554700006,7.499336066000069],[80.14320780600008,7.49819296000004],[80.14511901300006,7.514472431000058],[80.16063996900004,7.525744879000058],[80.17798334000008,7.562524373000031],[80.18563770700007,7.563840937000066],[80.19589957900007,7.578662929000075],[80.20769805500004,7.574607719000028]]]}},{"type":"Feature","properties":{"district":"Kurunegala","subdivision":"Panduwasnuwara West","centroid_lon":80.07581,"centroid_lat":7.5996,"risk_modifier":0.7444,"river_prox":0.432,"coast_prox":1.0,"highland":0.0,"zone":"moderate","evac_rank":0,"flood_rank":0},"geometry":{"type":"Polygon","coordinates":[[[80.03145587100005,7.554148568000073],[80.04406222300008,7.555147697000052],[80.04995588100007,7.547048570000072],[80.04284251600006,7.521687986000074],[80.04521203900003,7.49131714300006],[80.06969720000006,7.492083239000067],[80.07668318000003,7.503671193000059],[80.07256548500004,7.507758528000068],[80.08019402200006,7.511555508000072],[80.07131750200006,7.516775290000055],[80.07277177100008,7.525466822000055],[80.08462717200007,7.530613084000038],[80.08051827100007,7.54246039800006],[80.08896615300006,7.553324537000037],[80.08879381300005,7.575263169000038],[80.09892257000007,7.572785960000033],[80.12183369100006,7.581222370000035],[80.12836456700006,7.599000575000048],[80.14390205300003,7.586434338000061],[80.14728829800003,7.594524411000066],[80.17186286300006,7.595368072000042],[80.19233215700007,7.620892387000026],[80.18396482500003,7.633691447000047],[80.16913767600005,7.634421168000074],[80.16669898500004,7.624707611000076],[80.15237010000004,7.624867727000037],[80.13251168000005,7.635292882000044],[80.12007182900004,7.620157345000052],[80.11349755100008,7.62717225800003],[80.11716911000008,7.637556434000032],[80.10134171100003,7.643108648000066],[80.10103297000006,7.657286468000052],[80.06378767200005,7.659677526000053],[80.05609507000008,7.679015224000068],[80.04581474500003,7.678902401000073],[80.03570696400004,7.668075310000063],[80.03635253700008,7.659200506000047],[80.01119317300004,7.649616523000077],[79.99111415200008,7.607780387000048],[80.01592665600003,7.615877761000036],[80.01046753500003,7.582334283000023],[80.02830496300004,7.572784422000041],[80.03145587100005,7.554148568000073]]]}},{"type":"Feature","properties":{"district":"Kurunegala","subdivision":"Polgahawela","centroid_lon":80.30758,"centroid_lat":7.37452,"risk_modifier":0.7645,"river_prox":0.537,"coast_prox":1.0,"highland":0.108,"zone":"moderate","evac_rank":0,"flood_rank":0},"geometry":{"type":"Polygon","coordinates":[[[80.27683792500005,7.317752522000035],[80.31420972100005,7.320668590000025],[80.31868318700003,7.328354716000035],[80.33635129700008,7.320879564000052],[80.34650396500007,7.334161341000026],[80.34044795200003,7.351072167000041],[80.35342948800007,7.360846805000051],[80.34317506100007,7.38148634700002],[80.34796591200006,7.391083545000072],[80.33859390300006,7.408513839000022],[80.34063834800008,7.417166933000033],[80.32800974600008,7.439087907000044],[80.31953855300003,7.436310958000035],[80.30843832100004,7.442897991000052],[80.29979593000007,7.417662644000075],[80.28758910300007,7.419740208000064],[80.28320478300003,7.41389225100005],[80.27605374200004,7.419446881000056],[80.27307068200008,7.411048442000038],[80.25509057700003,7.411254787000075],[80.27468180000005,7.375073784000051],[80.26152897100008,7.365235698000049],[80.27663118000004,7.342381885000066],[80.27683792500005,7.317752522000035]]]}},{"type":"Feature","properties":{"district":"Kurunegala","subdivision":"Polpitigama","centroid_lon":80.42617,"centroid_lat":7.80298,"risk_modifier":0.55,"river_prox":0.0,"coast_prox":1.0,"highland":0.0,"zone":"moderate","evac_rank":0,"flood_rank":0},"geometry":{"type":"Polygon","coordinates":[[[80.36574274900005,7.879620196000076],[80.36839666500003,7.866024362000076],[80.36048604500007,7.82903871700006],[80.34984218000005,7.826020846000063],[80.35015855400007,7.818465554000056],[80.35686420600007,7.817764855000064],[80.35332692900005,7.788027063000072],[80.36070515300008,7.760695916000032],[80.34269920700007,7.742520106000029],[80.32745504100006,7.703461531000073],[80.34737431300005,7.698471448000021],[80.35611405500003,7.684689616000071],[80.37278858500008,7.675223573000039],[80.39236685600008,7.698733034000043],[80.42517825000004,7.689255966000076],[80.43829651800007,7.702184460000069],[80.47067839700009,7.70306828400004],[80.46417399500007,7.711546560000045],[80.47698048700005,7.717677993000052],[80.48925136000008,7.717710473000068],[80.49620789700003,7.693105814000035],[80.51197325500004,7.693205318000025],[80.52244063400008,7.704599538000025],[80.53936418500007,7.705269078000072],[80.53444205500006,7.709284063000041],[80.53506501000004,7.739160881000032],[80.52734134300005,7.744255037000073],[80.51747147900005,7.772357072000034],[80.50237171400005,7.774646051000047],[80.49585007000007,7.783068902000025],[80.49373342100006,7.809319879000043],[80.49924147800004,7.816645746000063],[80.48177785900003,7.823178212000073],[80.47654541400004,7.841853645000072],[80.46676072700006,7.84976683800005],[80.47780997900009,7.880693145000066],[80.46305588600006,7.907591109000066],[80.45886067800006,7.943567711000071],[80.45081741000007,7.952866689000075],[80.44213813400006,7.953828933000068],[80.43281472600006,7.945819820000054],[80.41630473300006,7.948476763000031],[80.40623704500007,7.952697425000053],[80.39916595300008,7.965214126000035],[80.38809248700005,7.966971891000071],[80.37859276000006,7.931601484000055],[80.36629012900005,7.91114963800004],[80.37676321900005,7.910180149000041],[80.37691121200004,7.88628963900004],[80.36574274900005,7.879620196000076]]]}},{"type":"Feature","properties":{"district":"Kurunegala","subdivision":"Wariyapola","centroid_lon":80.23711,"centroid_lat":7.66197,"risk_modifier":0.95,"river_prox":0.924,"coast_prox":1.0,"highland":0.0,"zone":"flood_zone","evac_rank":0,"flood_rank":1},"geometry":{"type":"Polygon","coordinates":[[[80.29409500400004,7.588389735000021],[80.28742460700005,7.668246661000069],[80.30229800100005,7.654274648000069],[80.31386594900005,7.602688604000036],[80.32496270200005,7.605604981000056],[80.33054469600006,7.623934639000026],[80.34321878400004,7.613296910000031],[80.34168454300004,7.629281714000058],[80.32896884300004,7.631680275000065],[80.31544065900005,7.649742158000038],[80.31676654800003,7.66009192100006],[80.28970334500008,7.692241509000041],[80.27982822300004,7.690715743000055],[80.27505416900004,7.715567686000043],[80.26487707100006,7.726188291000028],[80.24735545800007,7.72522884600005],[80.23408570300006,7.735347916000023],[80.22234155600006,7.726921941000057],[80.17991379900008,7.729967146000035],[80.15656953400008,7.719196566000051],[80.15087570600008,7.695816212000068],[80.15985657400006,7.699482373000023],[80.16825777600008,7.67976494100003],[80.16743300900004,7.641513451000037],[80.17326968100008,7.633398701000033],[80.18396482500003,7.633691447000047],[80.19404670300008,7.617155761000049],[80.21529393000003,7.613731403000031],[80.21404353200006,7.586508797000022],[80.24447974700007,7.598952895000025],[80.27140153800008,7.585429886000043],[80.28035745600005,7.591313528000057],[80.29409500400004,7.588389735000021]]]}},{"type":"Feature","properties":{"district":"Kurunegala","subdivision":"Weerabugedara","centroid_lon":80.26947,"centroid_lat":7.4655,"risk_modifier":0.885,"river_prox":0.745,"coast_prox":1.0,"highland":0.0,"zone":"moderate","evac_rank":0,"flood_rank":0},"geometry":{"type":"Polygon","coordinates":[[[80.21168385600004,7.519270925000058],[80.22519006000005,7.502173079000045],[80.21668521800007,7.464927846000023],[80.22378264900004,7.458443023000029],[80.23772150400004,7.459757301000025],[80.25086289100005,7.439121318000048],[80.24316569600006,7.426252590000047],[80.25316999200004,7.411099256000057],[80.27307068200008,7.411048442000038],[80.27605374200004,7.419446881000056],[80.28320478300003,7.41389225100005],[80.28758910300007,7.419740208000064],[80.29979593000007,7.417662644000075],[80.30843832100004,7.442897991000052],[80.31953855300003,7.436310958000035],[80.32800974600008,7.439087907000044],[80.31536987500004,7.492716011000027],[80.30521048300005,7.502423640000075],[80.29744895400006,7.501115507000065],[80.29665107400007,7.492762047000042],[80.29097860400003,7.487615260000041],[80.28375131100006,7.493408204000048],[80.26320087900007,7.493735275000063],[80.26404487800005,7.501920356000028],[80.25896976000007,7.500567966000062],[80.24741181900004,7.520775713000035],[80.23522228000007,7.519914941000025],[80.22155835600006,7.528140032000067],[80.21168385600004,7.519270925000058]]]}},{"type":"Feature","properties":{"district":"Kurunegala","subdivision":"Weligama","centroid_lon":80.44265,"centroid_lat":5.96684,"risk_modifier":0.6044,"river_prox":0.121,"coast_prox":1.0,"highland":0.0,"zone":"moderate","evac_rank":0,"flood_rank":0},"geometry":{"type":"MultiPolygon","coordinates":[[[[80.42352736200007,5.967334440000059],[80.42407460300007,5.967630883000027],[80.42355439100004,5.967819572000053],[80.42352736200007,5.967334440000059]]],[[[80.37983341900008,5.964582470000039],[80.41651250700005,5.954407833000062],[80.42438852100008,5.970352397000056],[80.43584765000008,5.972283155000071],[80.45138851400003,5.963320666000072],[80.44990643400007,5.947616874000062],[80.44218696900003,5.946069335000061],[80.45169096900008,5.940842724000049],[80.45611479300004,5.944549399000039],[80.47219358300003,5.936909683000067],[80.50351719300005,5.936835743000074],[80.50560767100006,5.943598975000043],[80.50055196000005,5.952615458000025],[80.50469354900008,5.963166424000065],[80.49420159800007,5.974694147000037],[80.46742599500004,5.979624138000077],[80.47314443700003,5.969964327000071],[80.45944900100005,5.963065758000027],[80.45703864500007,5.970551382000053],[80.45009046100006,5.970439935000059],[80.45397895100007,5.974469304000024],[80.43331125700007,5.981241018000048],[80.42135944600005,5.993145897000034],[80.40596888800007,5.990250368000034],[80.38636866800005,6.001449893000029],[80.37983341900008,5.964582470000039]]]]}},{"type":"Feature","properties":{"district":"Mannar","subdivision":"Mannar Town","centroid_lon":79.88412,"centroid_lat":8.99196,"risk_modifier":0.55,"river_prox":0.0,"coast_prox":1.0,"highland":0.0,"zone":"safe_zone","evac_rank":1,"flood_rank":0},"geometry":{"type":"MultiPolygon","coordinates":[[[[79.94393822900008,8.945795367000073],[79.94377304900007,8.94609491600005],[79.94369689300004,8.946024107000028],[79.94393822900008,8.945795367000073]]],[[[79.94576646600007,8.946260907000067],[79.94510371600006,8.946898744000066],[79.94428359200003,8.946432308000055],[79.94576646600007,8.946260907000067]]],[[[79.91524365100008,8.94740224800006],[79.91525864000005,8.947727666000048],[79.91503253800005,8.94749713400006],[79.91524365100008,8.94740224800006]]],[[[79.91934579600007,8.948117116000049],[79.91947391400004,8.94805013000007],[79.91946270300008,8.948147260000042],[79.91934579600007,8.948117116000049]]],[[[79.91432758300004,8.947300957000039],[79.91429510900008,8.948248486000068],[79.91391902900006,8.948002127000052],[79.91432758300004,8.947300957000039]]],[[[79.91965189700005,8.948009660000025],[79.91996227300007,8.94806211200006],[79.91979636700006,8.948313902000052],[79.91965189700005,8.948009660000025]]],[[[79.91888099400006,8.948310711000033],[79.91901463600004,8.948163734000047],[79.91904601400006,8.948432117000038],[79.91888099400006,8.948310711000033]]],[[[79.94824669500008,8.947921966000024],[79.94597092000004,8.947664240000051],[79.94570270500003,8.946951674000047],[79.94824669500008,8.947921966000024]]],[[[79.91959665300004,8.948801880000076],[79.91968558500008,8.949106292000067],[79.91951888300008,8.94907057200004],[79.91959665300004,8.948801880000076]]],[[[79.95065077000004,8.949931981000077],[79.95019375600003,8.949956195000027],[79.95046491200003,8.949686387000042],[79.95065077000004,8.949931981000077]]],[[[79.91686490100005,8.950524930000029],[79.91708915900006,8.95060047800007],[79.91695795300006,8.950930233000065],[79.91686490100005,8.950524930000029]]],[[[79.95091099500007,8.951380610000058],[79.94876877100006,8.949430963000054],[79.94883162700006,8.948015792000035],[79.94923504000008,8.949768028000051],[79.95103171900007,8.950407125000027],[79.95091099500007,8.951380610000058]]],[[[79.92093981800008,8.952505360000032],[79.92044655600006,8.952799943000059],[79.92047574400004,8.952278154000055],[79.92093981800008,8.952505360000032]]],[[[79.95198969300003,8.951949609000053],[79.95180339400008,8.954213066000023],[79.95157693300007,8.951730827000063],[79.95198969300003,8.951949609000053]]],[[[79.91743587100007,8.95306372500005],[79.91794137100004,8.953882174000057],[79.91744516800003,8.95427019500005],[79.91743587100007,8.95306372500005]]],[[[79.89009992600006,8.957311485000048],[79.88873327200008,8.95770412500002],[79.88911578900007,8.956397871000036],[79.89009992600006,8.957311485000048]]],[[[79.91423213200005,8.957049546000064],[79.91457337400004,8.957279405000065],[79.91390905300005,8.958273293000047],[79.91423213200005,8.957049546000064]]],[[[79.91416782200008,8.958191819000035],[79.91438975600005,8.958165885000028],[79.91415962400004,8.958271062000051],[79.91416782200008,8.958191819000035]]],[[[79.91462459800005,8.957902215000047],[79.91430185600007,8.95860624100004],[79.91400130500006,8.958409452000069],[79.91430520900008,8.95833559700003],[79.91462459800005,8.957902215000047]]],[[[79.91785672500004,8.958686390000025],[79.91462067000003,8.957536785000059],[79.91531272000003,8.957275430000038],[79.91823908600009,8.953500875000032],[79.91785672500004,8.958686390000025]]],[[[79.91549064100008,8.961035768000045],[79.91398539500005,8.95847703100003],[79.91425873200006,8.958667898000044],[79.91485964500004,8.958723152000061],[79.91612727800003,8.958149580000054],[79.91788137900005,8.95899449600006],[79.91549064100008,8.961035768000045]]],[[[79.90128438300007,8.961395387000039],[79.88950399200007,8.955021872000032],[79.89935483200009,8.946437477000075],[79.90573695100005,8.958090953000067],[79.90128438300007,8.961395387000039]]],[[[79.97915937300007,8.97300324400004],[79.95269310000003,8.957502307000027],[79.95204272900008,8.943148890000032],[79.92094259800007,8.947154362000049],[79.92306374700007,8.931996433000052],[79.95059350000008,8.909658990000025],[79.93823439000005,8.902038382000057],[79.94481208900004,8.889940265000064],[79.93926832100004,8.882563723000032],[79.96060344300008,8.86794919700003],[79.97099772800004,8.875399394000056],[80.01307564800004,8.864960455000073],[80.02306772100007,8.844713887000069],[80.02698455200004,8.848103954000067],[80.05216906700008,8.837250072000074],[80.04567751600007,8.849634998000056],[80.05944982600005,8.86704548800003],[80.07794549200008,8.869801609000035],[80.07757523100008,8.888671656000042],[80.02473987500008,8.883248090000052],[80.00696800400004,8.903756538000039],[79.99973499500004,8.897569050000072],[79.99016987100003,8.902803413000072],[79.99039339300003,8.910975325000038],[79.98102901600004,8.915966368000056],[79.98100353900008,8.931165341000053],[79.97163603000007,8.938919546000022],[79.97915937300007,8.97300324400004]]],[[[79.91325183500004,8.971996967000052],[79.91374286300004,8.973542026000075],[79.91357832700004,8.974085633000072],[79.91325183500004,8.971996967000052]]],[[[79.69249983000003,9.079583390000039],[79.69318139500007,9.079556552000042],[79.69301223000008,9.079818658000022],[79.69249983000003,9.079583390000039]]],[[[79.69393897800006,9.086231207000026],[79.69355437000007,9.086410192000073],[79.69354659200008,9.086699501000055],[79.69393897800006,9.086231207000026]]],[[[79.69373387200005,9.08744118800007],[79.69313950800006,9.087670917000025],[79.69303100800005,9.08787454000003],[79.69330999800007,9.087350318000063],[79.69373387200005,9.08744118800007]]],[[[79.69309855200004,9.088130681000052],[79.69377773400004,9.088768925000068],[79.69345159300008,9.089530596000031],[79.69309855200004,9.088130681000052]]],[[[79.69495963000008,9.09006465400006],[79.69385020300007,9.090203435000035],[79.69459712500003,9.089278364000052],[79.69495963000008,9.09006465400006]]],[[[79.69534310400007,9.093914700000028],[79.69548227300004,9.09404203300005],[79.69543120300006,9.094072080000046],[79.69534310400007,9.093914700000028]]],[[[79.69594527000004,9.092656543000032],[79.69581125000008,9.093948738000051],[79.69550466300007,9.092512842000076],[79.69594527000004,9.092656543000032]]],[[[79.69551903800004,9.094397293000043],[79.69547920400004,9.094755691000046],[79.69534067600006,9.094175978000067],[79.69551903800004,9.094397293000043]]],[[[79.69554619500008,9.09754142600002],[79.69494634200004,9.097730345000059],[79.69497434400006,9.096771318000037],[79.69405462300006,9.095294785000021],[79.69416525300005,9.094677681000064],[79.69554619500008,9.09754142600002]]],[[[79.69557851600007,9.097956003000036],[79.69589216000008,9.098035606000053],[79.69574534800006,9.098175856000069],[79.69557851600007,9.097956003000036]]],[[[79.69622434700005,9.098248397000077],[79.69671144300008,9.098028476000025],[79.69699943900008,9.098849779000034],[79.69622434700005,9.098248397000077]]],[[[79.78971633000003,9.097983985000042],[79.72804429700005,9.10969056500005],[79.69389336400008,9.098557326000048],[79.69717472800005,9.09894338600003],[79.69654661500005,9.092047268000044],[79.69488057400008,9.09166109000006],[79.69519102100008,9.093849741000042],[79.68970567500008,9.090662346000045],[79.68834161100006,9.089119107000045],[79.69447123500004,9.092700463000028],[79.69956500700005,9.07967738700006],[79.68440473100003,9.078369485000053],[79.68575333300004,9.079625210000074],[79.68561722000004,9.079860503000077],[79.68291839700004,9.076718451000033],[79.68298160800003,9.076390485000047],[79.72730666100006,9.073630807000029],[79.79508200100008,9.044331817000057],[79.85005926300005,9.003315784000051],[79.88675313300007,8.960332],[79.88570992300004,8.964439945000038],[79.88300383800004,8.965807779000045],[79.88374756900004,8.96634324300004],[79.88153187700004,8.96849716500003],[79.88115807100007,8.970771330000048],[79.89277507600008,8.961631514000032],[79.91057340800006,8.975361526000029],[79.92444471400006,8.975494603000072],[79.92373879100006,8.982864015000075],[79.88335087000007,9.009781899000075],[79.86905493000006,9.031439587000023],[79.87168015200007,9.035152519000064],[79.91607484000008,9.010266949000027],[79.92454114900005,9.011144780000052],[79.85930674700006,9.072859822000055],[79.78971633000003,9.097983985000042]]]]}},{"type":"Feature","properties":{"district":"Mannar","subdivision":"Manthai West","centroid_lon":80.10961,"centroid_lat":9.02697,"risk_modifier":0.95,"river_prox":0.987,"coast_prox":1.0,"highland":0.0,"zone":"flood_zone","evac_rank":0,"flood_rank":1},"geometry":{"type":"MultiPolygon","coordinates":[[[[80.10580625000006,9.197612609000032],[80.10608740900005,9.197349096000039],[80.10623759200007,9.198262997000029],[80.10580625000006,9.197612609000032]]],[[[80.18966165000006,9.23705287000007],[80.14689961900007,9.21089936200002],[80.11663265100003,9.211552237000035],[80.10858240000005,9.197674869000025],[80.10551384100006,9.196800043000053],[80.10598034500003,9.199609449000036],[80.10414789500004,9.197576269000024],[80.10537867200003,9.202003618000049],[80.10341877200005,9.19668914500005],[80.10328116300008,9.189949736000074],[80.10273254700007,9.193992755000068],[80.10274028400005,9.19185953300007],[80.10435523300004,9.182739206000065],[80.09887446700003,9.162066156000037],[80.07759301600004,9.139061026000036],[80.07202628400006,9.106299686000057],[80.07626264600003,9.097821894000049],[80.06922647700003,9.091477362000035],[80.06462626200005,9.061582357000077],[80.03623590300003,9.01927056300002],[80.03904418000008,9.015670885000077],[80.01276998200007,9.012148280000076],[79.98879778000008,8.99524790700002],[79.986465,8.979254362000063],[79.97816485000004,8.97034744900003],[79.97163603000007,8.938919546000022],[79.98100353900008,8.931165341000053],[79.98102901600004,8.915966368000056],[79.99039339300003,8.910975325000038],[79.99016987100003,8.902803413000072],[79.99973499500004,8.897569050000072],[80.00696800400004,8.903756538000039],[80.02473987500008,8.883248090000052],[80.07757523100008,8.888671656000042],[80.07794549200008,8.869801609000035],[80.05944982600005,8.86704548800003],[80.04567751600007,8.849634998000056],[80.05415071800007,8.83916897000006],[80.08214447500006,8.852905672000077],[80.08960275700008,8.848432853000077],[80.13935937000008,8.851991245000022],[80.13412348900005,8.90358399400003],[80.14074071400006,8.93776553300006],[80.17210904000007,8.944656595000026],[80.17565405700003,8.972466354000062],[80.18796609600008,8.979210195000064],[80.17407189700003,8.99643129900005],[80.19278003800008,9.045653128000026],[80.21781006800006,9.055198045000054],[80.21399310400005,9.097061488000065],[80.22334888000006,9.114798575000066],[80.21499557500005,9.142962621000038],[80.19336796700009,9.175836511000057],[80.18966165000006,9.23705287000007]]]]}},{"type":"Feature","properties":{"district":"Mannar","subdivision":"Musali","centroid_lon":80.01843,"centroid_lat":8.67628,"risk_modifier":0.55,"river_prox":0.0,"coast_prox":1.0,"highland":0.0,"zone":"moderate","evac_rank":0,"flood_rank":0},"geometry":{"type":"Polygon","coordinates":[[[80.07986783300004,8.782462343000077],[80.07317871900005,8.787241042000062],[80.03241012300003,8.785470893000024],[80.02902302300004,8.79908281400003],[79.97894332000004,8.791697746000068],[79.95606329800006,8.80639459300005],[79.92140408600005,8.796592149000048],[79.95747568400003,8.725603939000052],[79.94729913200007,8.70861758500007],[79.95006944900007,8.680114080000067],[79.94057331500005,8.652688080000075],[79.94426042500004,8.629681447000053],[79.91628860900005,8.589005474000032],[79.91840065800005,8.56673068200007],[79.93073528100007,8.557670604000066],[79.94512448600005,8.56033689800006],[79.95344511900004,8.551962604000039],[79.97516727700008,8.552664492000076],[79.98703843200008,8.543203985000048],[79.99982833300004,8.544600396000021],[80.01099854500006,8.533145309000076],[80.05056766100006,8.525032701000043],[80.05385658600005,8.639157940000075],[80.04192437900008,8.674416220000069],[80.07735012600006,8.654219158000046],[80.11282731400007,8.649372495000023],[80.14331631100004,8.657186011000022],[80.13892373100003,8.737636154000029],[80.09248411300007,8.74959552200005],[80.09119553700003,8.76777155800005],[80.08167525800008,8.765677976000063],[80.07986783300004,8.782462343000077]]]}},{"type":"Feature","properties":{"district":"Mannar","subdivision":"Nanaddan","centroid_lon":79.99209,"centroid_lat":8.83506,"risk_modifier":0.55,"river_prox":0.0,"coast_prox":1.0,"highland":0.0,"zone":"moderate","evac_rank":0,"flood_rank":0},"geometry":{"type":"MultiPolygon","coordinates":[[[[79.91789896400007,8.809133194000026],[79.91818410400003,8.809710026000062],[79.91743929400008,8.80997370800003],[79.91789896400007,8.809133194000026]]],[[[79.91731714600007,8.809347091000063],[79.91596112600007,8.810057378000067],[79.91638115100005,8.809246324000071],[79.91731714600007,8.809347091000063]]],[[[79.91816978700007,8.811366074000034],[79.91884834300004,8.811838043000023],[79.91796036800008,8.811602445000062],[79.91816978700007,8.811366074000034]]],[[[79.91365259700007,8.810233572000072],[79.91451100700004,8.810273479000045],[79.91366668200004,8.812265487000047],[79.91365259700007,8.810233572000072]]],[[[79.91491018200009,8.812300151000045],[79.91469396900004,8.811175528000035],[79.91564617200004,8.810997518000022],[79.91491018200009,8.812300151000045]]],[[[79.91632529400005,8.81774242900002],[79.91781358200006,8.818090325000071],[79.91563109800006,8.81979593400007],[79.91632529400005,8.81774242900002]]],[[[79.91583266400005,8.818116751000048],[79.91377160500008,8.820661352000059],[79.91368075100007,8.818227888000024],[79.91583266400005,8.818116751000048]]],[[[79.91656034300007,8.820091002000026],[79.91697291800006,8.820935533000068],[79.91613861600007,8.820782009000027],[79.91656034300007,8.820091002000026]]],[[[79.91547589700008,8.820766664000075],[79.91538244500003,8.821661555000048],[79.91563848300007,8.823057663000043],[79.91521901800007,8.822083543000076],[79.91547589700008,8.820766664000075]]],[[[79.91594207600008,8.822903222000036],[79.91623107000004,8.821982826000067],[79.91654971200006,8.823162113000024],[79.91594207600008,8.822903222000036]]],[[[79.91493496700008,8.821529363000025],[79.91539718100006,8.823688761000028],[79.91520827100004,8.82388578900003],[79.91417908600005,8.822359366000057],[79.91493496700008,8.821529363000025]]],[[[79.91494380500006,8.827759375000028],[79.91531645800006,8.825662056000056],[79.91522159500005,8.828077275000055],[79.91494380500006,8.827759375000028]]],[[[79.91623119400003,8.827107779000073],[79.91735648600007,8.827297312000042],[79.91668474600004,8.828150686000072],[79.91623119400003,8.827107779000073]]],[[[79.91616791100006,8.828082851000033],[79.91614358300006,8.82830752500007],[79.91599092800004,8.828207552000038],[79.91616791100006,8.828082851000033]]],[[[79.91726772100003,8.831183843000076],[79.91733282800004,8.832796966000046],[79.91669012000006,8.829819662000034],[79.91726772100003,8.831183843000076]]],[[[79.91692696300004,8.832350190000057],[79.91653229000008,8.832999437000069],[79.91682549700005,8.83201808900003],[79.91692696300004,8.832350190000057]]],[[[79.92597891300005,8.899984652000057],[79.92610570100004,8.900080830000036],[79.92601415500008,8.900095903000022],[79.92597891300005,8.899984652000057]]],[[[79.92353621200004,8.903537216000075],[79.92382012600007,8.90365767000003],[79.92377382300003,8.903721356000062],[79.92353621200004,8.903537216000075]]],[[[79.92610078000007,8.908144428000071],[79.92707411700007,8.908204924000074],[79.92635211100009,8.909015],[79.92610078000007,8.908144428000071]]],[[[79.92368770700006,8.911255191000066],[79.91364623500004,8.92158941300005],[79.91584707500004,8.917937885000072],[79.91692618300004,8.916851898000061],[79.91773814700008,8.917271205000077],[79.91754344200007,8.916770375000056],[79.91689510200007,8.916793486000074],[79.91647616900008,8.916995072000077],[79.91610858100006,8.915765063000038],[79.91950592900008,8.912802705000047],[79.92034148900007,8.91153100400004],[79.92052427200008,8.91001028200003],[79.92141441300004,8.908193235000056],[79.92277937600005,8.906967257000076],[79.92368770700006,8.911255191000066]]],[[[79.91149391000005,8.923283697000045],[79.91165081000008,8.923636290000047],[79.91139890800008,8.923646060000067],[79.91149391000005,8.923283697000045]]],[[[79.91251016100006,8.92441586800004],[79.91202085500004,8.925738567000053],[79.91173179700007,8.925848779000034],[79.91209219600006,8.924917734000076],[79.91251016100006,8.92441586800004]]],[[[79.89970394900007,8.941864034000048],[79.90032787000007,8.942032750000067],[79.89977396800003,8.942439120000074],[79.89970394900007,8.941864034000048]]],[[[80.07831590700005,8.84818972100004],[80.06515832500008,8.848516447000065],[80.05149768400008,8.837107033000052],[80.02698455200004,8.848103954000067],[80.02306772100007,8.844713887000069],[80.01307564800004,8.864960455000073],[80.00360578600004,8.868431265000027],[79.97099772800004,8.875399394000056],[79.96682042600008,8.867914979000034],[79.95444462300003,8.870136890000026],[79.95462311500006,8.87662833500002],[79.93924854600004,8.882660179000027],[79.94481208900004,8.889940265000064],[79.93823439000005,8.902038382000057],[79.95059350000008,8.909658990000025],[79.94274675500003,8.918639760000076],[79.93211162000006,8.924274096000033],[79.90793029700006,8.944856179000055],[79.90246658800004,8.947947502000034],[79.90367434600006,8.938872203000074],[79.91192389200006,8.941095304000044],[79.90886511900004,8.938985079000076],[79.90830174000007,8.931904650000035],[79.90915309900004,8.927469055000074],[79.91069948700004,8.924460529000044],[79.91344227600007,8.923220724000032],[79.91373008700003,8.921697078000022],[79.91460676600008,8.922818171000074],[79.91088195800006,8.924727011000073],[79.90945479700008,8.927584056000057],[79.90927512900004,8.938166871000021],[79.91665158200004,8.934424084000057],[79.91973200100006,8.917414348000023],[79.92797788700005,8.911619922000057],[79.93019767700008,8.901746997000032],[79.92486105200004,8.900704630000064],[79.92610327200003,8.900342636000062],[79.92642670300006,8.899246595000022],[79.92596967400004,8.898717532000035],[79.93102127800006,8.898138930000073],[79.92636171000004,8.896912058000055],[79.92383663700008,8.902095145000033],[79.92741939800004,8.873496499000055],[79.92679609600003,8.873060831000032],[79.92552203500009,8.870764234000035],[79.91501543100003,8.82924202700002],[79.91825074000008,8.839084124000067],[79.91816765100003,8.817821885000058],[79.91477864400008,8.814330640000037],[79.91267176800005,8.817492240000036],[79.91302496300005,8.821868633000065],[79.91101499900003,8.820340221000038],[79.91427730300006,8.812952138000071],[79.91677155600007,8.812660725000057],[79.91894037100008,8.811899954000069],[79.91973674700006,8.81139891500004],[79.91919494800004,8.806826945000068],[79.91548125400004,8.805902713000023],[79.91409025300004,8.808614705000025],[79.91813924700006,8.79962077500005],[79.92140408600005,8.796592149000048],[79.95606329800006,8.80639459300005],[79.97894332000004,8.791697746000068],[80.02902302300004,8.79908281400003],[80.03241012300003,8.785470893000024],[80.07317871900005,8.787241042000062],[80.07986783300004,8.782462343000077],[80.09167161500005,8.78938194500006],[80.09950450000008,8.805859846000033],[80.08813481100003,8.815177492000032],[80.08016695300006,8.813256663000061],[80.08441513100007,8.824306281000077],[80.07916709600005,8.826350018000028],[80.07831590700005,8.84818972100004]]],[[[79.91449135200008,8.808664192000037],[79.91515865500008,8.807595143000071],[79.91551351900006,8.807497701000045],[79.91487196000008,8.808453820000068],[79.91449135200008,8.808664192000037]]],[[[79.90224002400004,8.937179659000037],[79.88788358400006,8.957194839000067],[79.92342327600005,8.902066163000029],[79.90896681300006,8.925776359000054],[79.90699123700006,8.934425101000045],[79.90224002400004,8.937179659000037]]]]}},{"type":"Feature","properties":{"district":"Matale","subdivision":"Akurana","centroid_lon":80.61593,"centroid_lat":7.39115,"risk_modifier":0.8924,"river_prox":0.963,"coast_prox":1.0,"highland":0.364,"zone":"moderate","evac_rank":0,"flood_rank":0},"geometry":{"type":"Polygon","coordinates":[[[80.65440916300008,7.384506821000059],[80.59058227200006,7.430511214000035],[80.58205711500005,7.427031451000062],[80.58505945700006,7.405895592000036],[80.60621324600004,7.381252233000055],[80.60509607300008,7.371212344000071],[80.59465047600008,7.375947522000047],[80.60562962000006,7.361880566000025],[80.61937860300003,7.358045532000062],[80.63398093600006,7.368434553000043],[80.63036341700007,7.374499210000067],[80.65968210800008,7.370977240000059],[80.65440916300008,7.384506821000059]]]}},{"type":"Feature","properties":{"district":"Matale","subdivision":"Ambanganga","centroid_lon":80.67669,"centroid_lat":7.56146,"risk_modifier":0.8747,"river_prox":0.793,"coast_prox":1.0,"highland":0.129,"zone":"moderate","evac_rank":0,"flood_rank":0},"geometry":{"type":"Polygon","coordinates":[[[80.71196833400006,7.602930138000033],[80.67230989100005,7.594226670000069],[80.67009818400004,7.609877980000022],[80.66306144600009,7.61119560000003],[80.66432114900005,7.592305572000043],[80.65791412300007,7.583683501000053],[80.65083598200005,7.584420267000041],[80.63816117100004,7.545468896000045],[80.65048090000005,7.513550169000041],[80.65883484500006,7.514442605000056],[80.66631953800004,7.530596217000038],[80.66633554300006,7.524342577000027],[80.68920500300004,7.522057912000037],[80.69216640600007,7.524223314000039],[80.68817250700005,7.538016127000049],[80.69102693100007,7.541661953000073],[80.70257491000007,7.535760319000076],[80.70935033500007,7.549477249000063],[80.71196833400006,7.602930138000033]]]}},{"type":"Feature","properties":{"district":"Matale","subdivision":"Galewela","centroid_lon":80.56871,"centroid_lat":7.7785,"risk_modifier":0.55,"river_prox":0.0,"coast_prox":1.0,"highland":0.0,"zone":"safe_zone","evac_rank":1,"flood_rank":0},"geometry":{"type":"Polygon","coordinates":[[[80.61960120600008,7.867651476000049],[80.59834849900005,7.855220748000022],[80.58873610200004,7.867114209000022],[80.57231589300005,7.868826840000054],[80.56171381100006,7.848428553000076],[80.52402090300006,7.826807506000023],[80.50009719600007,7.82680457500004],[80.49373342100006,7.809319879000043],[80.49606222300008,7.782699201000071],[80.50237171400005,7.774646051000047],[80.51639785800006,7.773756534000029],[80.52734134300005,7.744255037000073],[80.53506501000004,7.739160881000032],[80.53453357200004,7.708828954000069],[80.54741688700005,7.704616061000024],[80.55175330900005,7.668944613000065],[80.58191103300004,7.671231844000033],[80.58097779400003,7.700346812000021],[80.59699301600006,7.696925725000028],[80.59523777200008,7.709649188000071],[80.61529488200006,7.711914320000062],[80.61985154600006,7.724903771000072],[80.62006771000006,7.744924543000025],[80.60590298400007,7.756244274000039],[80.60499447400008,7.775424466000061],[80.61599004100003,7.781509345000075],[80.61063627300007,7.802094503000035],[80.62104644100003,7.805307129000028],[80.62183226000008,7.814865694000048],[80.63811571400004,7.827912197000046],[80.63678348800005,7.840341179000063],[80.61899484200006,7.848304865000046],[80.61960120600008,7.867651476000049]]]}},{"type":"Feature","properties":{"district":"Matale","subdivision":"Laggala","centroid_lon":80.80604,"centroid_lat":7.55537,"risk_modifier":0.7793,"river_prox":0.588,"coast_prox":1.0,"highland":0.141,"zone":"moderate","evac_rank":0,"flood_rank":0},"geometry":{"type":"Polygon","coordinates":[[[80.70935033500007,7.549477249000063],[80.72617413800003,7.543112364000024],[80.73586507300007,7.521598363000066],[80.73539034500004,7.490326649000053],[80.72724060900003,7.480773073000023],[80.73027857000005,7.464629327000068],[80.77747942000008,7.428911330000062],[80.78842663900008,7.426520828000037],[80.80741033000004,7.440130107000073],[80.80585264500007,7.447811032000061],[80.81906369700005,7.461041941000076],[80.83065612400003,7.459370595000053],[80.86053057300006,7.474698325000077],[80.87818745300007,7.464099188000034],[80.88346098300008,7.472278195000058],[80.89286906300003,7.473362788000031],[80.87991928300005,7.514581494000026],[80.87295235000005,7.588588625000057],[80.86816222100003,7.589319191000072],[80.87348002700008,7.611698435000051],[80.87305599000007,7.685137431000044],[80.85147878300006,7.688569244000064],[80.85056939600008,7.701507055000036],[80.83546453100007,7.680254906000073],[80.80634695900005,7.670911077000028],[80.80285752500004,7.67865191900006],[80.79008897900007,7.678096602000039],[80.78499489200004,7.644197442000063],[80.78957432400006,7.614531464000038],[80.74834322400005,7.611308306000069],[80.74762020800006,7.602212657000052],[80.73310168300003,7.59523598800007],[80.72803870300004,7.602582746000053],[80.71196833400006,7.602930138000033],[80.70935033500007,7.549477249000063]]]}},{"type":"Feature","properties":{"district":"Matale","subdivision":"Matale","centroid_lon":80.62816,"centroid_lat":7.54066,"risk_modifier":0.7962,"river_prox":0.629,"coast_prox":1.0,"highland":0.147,"zone":"moderate","evac_rank":0,"flood_rank":0},"geometry":{"type":"Polygon","coordinates":[[[80.66432114900005,7.592305572000043],[80.66273309100006,7.623076193000031],[80.65257970400006,7.625835167000048],[80.66207686200005,7.630552968000075],[80.65983143600005,7.641810326000041],[80.64437396900007,7.627834441000061],[80.62658631600004,7.627372681000054],[80.62265078100006,7.620825834000073],[80.62171927500003,7.611184136000077],[80.63718706100008,7.604092065000032],[80.63785024200007,7.594956504000038],[80.63316577300003,7.579636709000056],[80.61687976700006,7.582002812000042],[80.61494388000006,7.564993817000072],[80.60665539900003,7.555513997000048],[80.60460482600007,7.486228560000029],[80.59255730500007,7.458130006000033],[80.60528224300003,7.445204939000064],[80.62557891100005,7.447734116000049],[80.63403072000006,7.507544838000058],[80.64613770700004,7.527520688000038],[80.63816117100004,7.545468896000045],[80.65083598200005,7.584420267000041],[80.65791412300007,7.583683501000053],[80.66432114900005,7.592305572000043]]]}},{"type":"Feature","properties":{"district":"Matale","subdivision":"Naula","centroid_lon":80.70596,"centroid_lat":7.68822,"risk_modifier":0.793,"river_prox":0.54,"coast_prox":1.0,"highland":0.0,"zone":"moderate","evac_rank":0,"flood_rank":0},"geometry":{"type":"Polygon","coordinates":[[[80.67141049000008,7.59456384300006],[80.72803870300004,7.602582746000053],[80.73310168300003,7.59523598800007],[80.74762020800006,7.602212657000052],[80.74834322400005,7.611308306000069],[80.78957432400006,7.614531464000038],[80.78499489200004,7.644197442000063],[80.79008897900007,7.678096602000039],[80.77811512800008,7.678109005000067],[80.76829247100005,7.69130592700003],[80.77193667300008,7.705943430000048],[80.76141894600005,7.734199602000047],[80.76372100100008,7.78528486600004],[80.75943812100007,7.791685362000067],[80.76787698000004,7.807270992000042],[80.72011515800006,7.787232410000058],[80.70783229000006,7.773226802000067],[80.69534688100003,7.741057359000024],[80.68678361400003,7.737147899000036],[80.67844167700008,7.740774463000037],[80.67137341800003,7.755525189000025],[80.66429016400008,7.740926082000044],[80.64223809500004,7.746423738000033],[80.63444538500005,7.763299635000067],[80.62238794700005,7.768592670000032],[80.61788956900006,7.763519407000047],[80.61469227200007,7.750674466000021],[80.62087669000005,7.73091467100005],[80.61437121200004,7.700248672000043],[80.63022202700006,7.669033865000074],[80.62823806200004,7.640911448000054],[80.63983992500005,7.643386722000059],[80.65043583800008,7.637183582000034],[80.66020328300004,7.641475437000054],[80.66207686200005,7.630552968000075],[80.65257970400006,7.625835167000048],[80.66273309100006,7.623076193000031],[80.67141049000008,7.59456384300006]]]}},{"type":"Feature","properties":{"district":"Matale","subdivision":"Pallepola","centroid_lon":80.59759,"centroid_lat":7.64676,"risk_modifier":0.6251,"river_prox":0.167,"coast_prox":1.0,"highland":0.0,"zone":"safe_zone","evac_rank":2,"flood_rank":0},"geometry":{"type":"Polygon","coordinates":[[[80.55175330900005,7.668944613000065],[80.54409025400008,7.654378654000027],[80.55285202400006,7.634488505000036],[80.56363663600007,7.631002679000062],[80.56575854600004,7.617457652000041],[80.57965153600009,7.616530357000045],[80.57544478000005,7.604049084000053],[80.59706293600004,7.602060808000033],[80.60718795800005,7.592574556000045],[80.63676222400005,7.590405133000047],[80.63718706100008,7.604092065000032],[80.62171927500003,7.611184136000077],[80.62265078100006,7.620825834000073],[80.62658631600004,7.627372681000054],[80.64437396900007,7.627834441000061],[80.65043583800008,7.637183582000034],[80.63983992500005,7.643386722000059],[80.62823806200004,7.640911448000054],[80.63051492400007,7.667509281000036],[80.62475050800003,7.684451057000047],[80.61601639400004,7.69075054800004],[80.61529488200006,7.711914320000062],[80.59523777200008,7.709649188000071],[80.59699301600006,7.696925725000028],[80.58097779400003,7.700346812000021],[80.58163026900007,7.67102400300007],[80.55175330900005,7.668944613000065]]]}},{"type":"Feature","properties":{"district":"Matale","subdivision":"Poojapitiya","centroid_lon":80.56392,"centroid_lat":7.39994,"risk_modifier":0.7716,"river_prox":0.671,"coast_prox":1.0,"highland":0.321,"zone":"moderate","evac_rank":0,"flood_rank":0},"geometry":{"type":"Polygon","coordinates":[[[80.58398222100004,7.430104260000064],[80.57136447400006,7.44022932300004],[80.56689703800004,7.457037162000063],[80.55522304300007,7.456221560000074],[80.55299008700007,7.44879719000005],[80.54070487000007,7.451629618000027],[80.55481284900003,7.418468801000074],[80.54647553800004,7.414033795000023],[80.53677881700008,7.421022686000072],[80.53591401300008,7.415233054000055],[80.52662111400008,7.417176860000041],[80.52714763700004,7.41189759100007],[80.51527372000004,7.413797976000069],[80.51762374500004,7.398782013000073],[80.51244458600007,7.393861961000027],[80.53025397400006,7.386964636000073],[80.53794096700005,7.371220332000064],[80.55909699900008,7.376419063000071],[80.57242925800006,7.366615447000072],[80.58189692800005,7.368093671000054],[80.59625960200003,7.349369008000053],[80.61300607200008,7.347385259000021],[80.61548368000007,7.359045378000076],[80.59510850800007,7.373822748000066],[80.59758609300007,7.377506529000073],[80.60610460500004,7.371704221000073],[80.60643944600008,7.380329786000061],[80.58505945700006,7.405895592000036],[80.58398222100004,7.430104260000064]]]}},{"type":"Feature","properties":{"district":"Matale","subdivision":"Rattota","centroid_lon":80.68326,"centroid_lat":7.48589,"risk_modifier":0.9157,"river_prox":0.949,"coast_prox":1.0,"highland":0.245,"zone":"flood_zone","evac_rank":0,"flood_rank":2},"geometry":{"type":"Polygon","coordinates":[[[80.64580235500006,7.527179254000032],[80.63411336600007,7.50778174800007],[80.63076530700005,7.484780629000056],[80.63056811000007,7.470929140000067],[80.64424560900005,7.454137057000025],[80.64116720600003,7.42792995700006],[80.64732657000008,7.432891138000059],[80.64925648600007,7.456571475000032],[80.64967272400008,7.426116075000039],[80.65427493300007,7.422242037000046],[80.66482228600006,7.427090789000033],[80.67427607900004,7.419512955000073],[80.69577834700004,7.435167081000031],[80.70167487600008,7.460569788000043],[80.72787573000005,7.474709478000023],[80.73665896800009,7.496868681000024],[80.73586507300007,7.521598363000066],[80.72617413800003,7.543112364000024],[80.70935033500007,7.549477249000063],[80.70144169500009,7.534529442000064],[80.69620340700004,7.540819734000024],[80.68840180300003,7.539489941000056],[80.69215970000005,7.524177924000071],[80.68405087400004,7.519472142000041],[80.66633554300006,7.524342577000027],[80.66631953800004,7.530596217000038],[80.65883484500006,7.514442605000056],[80.65048090000005,7.513550169000041],[80.64580235500006,7.527179254000032]]]}},{"type":"Feature","properties":{"district":"Matale","subdivision":"Rideegama","centroid_lon":80.51637,"centroid_lat":7.51675,"risk_modifier":0.6267,"river_prox":0.241,"coast_prox":1.0,"highland":0.128,"zone":"moderate","evac_rank":0,"flood_rank":0},"geometry":{"type":"Polygon","coordinates":[[[80.43905224700006,7.507067163000045],[80.44477606100008,7.490549510000051],[80.43485356600007,7.480027287000041],[80.45304487700008,7.471119745000067],[80.46227499900004,7.457865578000053],[80.46314628700003,7.438811854000051],[80.47794000200008,7.425196821000043],[80.49339532200008,7.421714743000052],[80.50002626500003,7.430215061000069],[80.51851255400004,7.411999063000053],[80.52767994000004,7.412216784000066],[80.52856389600004,7.418612974000041],[80.53591401300008,7.415233054000055],[80.53677881700008,7.421022686000072],[80.54647553800004,7.414033795000023],[80.55373355100005,7.417066960000056],[80.53866484600007,7.449059659000056],[80.55299008700007,7.44879719000005],[80.55522304300007,7.456221560000074],[80.56443469900006,7.458777097000052],[80.56787769900006,7.477790153000058],[80.57448161300005,7.479191268000022],[80.56893942400006,7.486877772000071],[80.57181022800006,7.508566772000052],[80.56681309500004,7.516374948000021],[80.56185242500004,7.513360783000053],[80.56371152400004,7.523885325000037],[80.55035341200005,7.538122909000037],[80.55464167700006,7.563663477000034],[80.56100677100005,7.573299974000065],[80.57296547100003,7.575149542000077],[80.56671266500007,7.592901626000071],[80.57589639700007,7.604709509000031],[80.56412770500003,7.619804847000069],[80.56324066500008,7.631479920000061],[80.53678002100008,7.636337438000055],[80.52255611200007,7.621884068000043],[80.50494675900006,7.623052566000069],[80.50344185900008,7.599199917000021],[80.48382841300008,7.594281674000058],[80.49757971600008,7.59031341900004],[80.48690640500007,7.553282472000035],[80.47357616000005,7.532074230000035],[80.48144588200006,7.523162265000053],[80.45065383000008,7.505670527000063],[80.43905224700006,7.507067163000045]]]}},{"type":"Feature","properties":{"district":"Matale","subdivision":"Ukuwela","centroid_lon":80.63669,"centroid_lat":7.42923,"risk_modifier":0.9192,"river_prox":0.996,"coast_prox":1.0,"highland":0.317,"zone":"flood_zone","evac_rank":0,"flood_rank":1},"geometry":{"type":"Polygon","coordinates":[[[80.57136447400006,7.44022932300004],[80.59058227200006,7.430511214000035],[80.65302955900006,7.38397150000003],[80.69750739100004,7.386692180000068],[80.70543870000006,7.395862564000026],[80.70513744000004,7.415091677000021],[80.71233785600003,7.425579613000025],[80.70237255200004,7.447827385000039],[80.68426211900004,7.423091784000064],[80.67111592600008,7.418888729000059],[80.66451028200004,7.427166929000066],[80.65427493300007,7.422242037000046],[80.64808951300006,7.430719108000062],[80.65289083700003,7.451491451000038],[80.64678156000008,7.456739245000051],[80.64732657000008,7.432891138000059],[80.64116720600003,7.42792995700006],[80.64415071600007,7.45459825100005],[80.63084478000007,7.470722452000075],[80.62417028900006,7.461593481000023],[80.62557891100005,7.447734116000049],[80.60528224300003,7.445204939000064],[80.59255730500007,7.458130006000033],[80.60301685000007,7.482727621000038],[80.59850298600009,7.48985779000003],[80.57266028400005,7.483036756000047],[80.56240679100006,7.467758476000029],[80.57136447400006,7.44022932300004]]]}},{"type":"Feature","properties":{"district":"Matale","subdivision":"Yatawatta","centroid_lon":80.58673,"centroid_lat":7.54844,"risk_modifier":0.7055,"river_prox":0.412,"coast_prox":1.0,"highland":0.12,"zone":"moderate","evac_rank":0,"flood_rank":0},"geometry":{"type":"MultiPolygon","coordinates":[[[[80.63676222400005,7.590405133000047],[80.60718795800005,7.592574556000045],[80.59706293600004,7.602060808000033],[80.57544478000005,7.604049084000053],[80.56746634100006,7.594983674000048],[80.57286879800006,7.574821195000027],[80.56100677100005,7.573299974000065],[80.55464167700006,7.563663477000034],[80.55035341200005,7.538122909000037],[80.56371152400004,7.523885325000037],[80.56185242500004,7.513360783000053],[80.56681309500004,7.516374948000021],[80.57181022800006,7.508566772000052],[80.57266028400005,7.483036756000047],[80.59850298600009,7.48985779000003],[80.60418456300005,7.485056300000053],[80.60665539900003,7.555513997000048],[80.61494388000006,7.564993817000072],[80.61687976700006,7.582002812000042],[80.63269265100007,7.579391293000072],[80.63676222400005,7.590405133000047]]],[[[80.56575854600004,7.617457652000041],[80.56934407600005,7.612097872000049],[80.57541855800008,7.605673249000063],[80.57965153600009,7.616530357000045],[80.56575854600004,7.617457652000041]]]]}},{"type":"Feature","properties":{"district":"Matara","subdivision":"Akuressa","centroid_lon":80.43828,"centroid_lat":6.13489,"risk_modifier":0.9234,"river_prox":0.83,"coast_prox":1.0,"highland":0.0,"zone":"moderate","evac_rank":0,"flood_rank":0},"geometry":{"type":"Polygon","coordinates":[[[80.43822433800005,6.226328251000041],[80.42285760800007,6.213182206000056],[80.38410045600006,6.219496520000064],[80.40067474300008,6.191600091000055],[80.38517456400007,6.186062840000034],[80.39372007400004,6.17070934000003],[80.38185242800006,6.165484477000064],[80.38009498000008,6.149044298000035],[80.38384611100008,6.135934141000064],[80.39944100600007,6.126373604000037],[80.40396736200006,6.112628046000054],[80.41942422800008,6.109380921000025],[80.43521557900004,6.093997383000044],[80.41019175900004,6.070764886000063],[80.43218701600006,6.059595836000028],[80.43719753000005,6.045121886000061],[80.44749928900006,6.04277227700004],[80.47284051600008,6.046496832000059],[80.47182069600007,6.061697907000053],[80.47973546400004,6.064678363000041],[80.49545582500008,6.061850660000061],[80.49859321500008,6.053327231000026],[80.50714516800008,6.05967798100005],[80.49238473800006,6.068465028000048],[80.48651439900004,6.084966955000027],[80.47511217700009,6.089383227000042],[80.47803234500003,6.120727572000021],[80.48709662300007,6.127862460000074],[80.48026599800005,6.142920817000061],[80.48547160500004,6.15768270600006],[80.46902920100007,6.18268428500005],[80.45041949300008,6.177149479000036],[80.44969305600006,6.21564406300007],[80.43822433800005,6.226328251000041]]]}},{"type":"Feature","properties":{"district":"Matara","subdivision":"Athuraliya","centroid_lon":80.5073,"centroid_lat":6.11673,"risk_modifier":0.8056,"river_prox":0.568,"coast_prox":1.0,"highland":0.0,"zone":"moderate","evac_rank":0,"flood_rank":0},"geometry":{"type":"Polygon","coordinates":[[[80.50496427900003,6.058183094000071],[80.51623282600008,6.058409008000069],[80.51967825500003,6.07176841200004],[80.53853943800004,6.086279512000033],[80.53548803100006,6.093131623000033],[80.52908517400004,6.091581058000031],[80.53625326700006,6.093687159000069],[80.53517552900007,6.100435929000071],[80.54239149400007,6.097955431000059],[80.54297593500007,6.106471146000047],[80.533237,6.112869664000073],[80.52684325600006,6.164054921000059],[80.51023081600005,6.174580543000047],[80.49552864600008,6.175719806000075],[80.49266120800007,6.161297665000063],[80.48252499700004,6.161521220000054],[80.48029584000005,6.142551594000054],[80.48709662300007,6.127862460000074],[80.47803234500003,6.120727572000021],[80.47493247200003,6.090095788000042],[80.48962166700005,6.081703102000063],[80.49208702800007,6.068849385000021],[80.50496427900003,6.058183094000071]]]}},{"type":"Feature","properties":{"district":"Matara","subdivision":"Beliatta","centroid_lon":80.71837,"centroid_lat":6.05062,"risk_modifier":0.8722,"river_prox":0.716,"coast_prox":1.0,"highland":0.0,"zone":"moderate","evac_rank":0,"flood_rank":0},"geometry":{"type":"Polygon","coordinates":[[[80.76779108800008,6.095077051000032],[80.75058092700004,6.104134048000049],[80.75441768000007,6.114890442000046],[80.74306401900003,6.116237094000041],[80.72041561900005,6.096810248000054],[80.67957577000004,6.094421984000064],[80.69014168700005,6.07696252300002],[80.68890311900003,6.06318015100004],[80.67617252700006,6.061041829000033],[80.65295076300004,6.040283101000057],[80.66526382000006,6.023396251000065],[80.69283558900008,6.023068564000027],[80.69651464900005,6.016218084000059],[80.68445785400007,6.004743763000022],[80.69040514800008,5.988627870000073],[80.69574931200003,5.993713520000028],[80.72487830100005,5.99444236100004],[80.75781609800003,6.025124689000052],[80.77186646200005,6.027289050000036],[80.77187093900005,6.047309393000035],[80.74809775100005,6.05541105900005],[80.74981936200004,6.065001865000056],[80.75528710900005,6.065262843000028],[80.75688974500008,6.085577553000064],[80.76779108800008,6.095077051000032]]]}},{"type":"Feature","properties":{"district":"Matara","subdivision":"Devinuwara","centroid_lon":80.61276,"centroid_lat":5.97656,"risk_modifier":0.9456,"river_prox":0.879,"coast_prox":1.0,"highland":0.0,"zone":"moderate","evac_rank":0,"flood_rank":0},"geometry":{"type":"MultiPolygon","coordinates":[[[[80.60965841300003,5.926991171000054],[80.61009629900008,5.928037429000028],[80.60894702000007,5.927457276000041],[80.60965841300003,5.926991171000054]]],[[[80.60940788200008,6.026060608000023],[80.59308731700008,6.019389817000047],[80.59518942600005,6.015572741000028],[80.58892278100006,6.017272318000039],[80.59392092000007,6.008595133000028],[80.60224225800005,6.012855305000073],[80.60510569800005,6.009165685000028],[80.59241311900007,6.003053747000024],[80.59381881700006,5.984019296000042],[80.62795777200006,5.984434865000026],[80.61997518400005,5.972556976000021],[80.62438983200008,5.966954603000033],[80.61386267300009,5.96288699400003],[80.61681889600004,5.956687751000061],[80.60339489700004,5.966384864000077],[80.59724073500007,5.943679404000022],[80.57928278600008,5.941349950000074],[80.58189120300005,5.919372665000026],[80.61802323700005,5.932185046000029],[80.61927412000006,5.943742025000063],[80.63147296700004,5.945966192000071],[80.62942225900008,5.969367851000072],[80.63724167000004,5.971685604000072],[80.63717732100008,5.97801671700006],[80.64726302800005,5.975669105000065],[80.64358554300009,5.998039641000048],[80.62342098800008,6.014305356000023],[80.62862686400007,6.021202384000048],[80.60940788200008,6.026060608000023]]]]}},{"type":"Feature","properties":{"district":"Matara","subdivision":"Dikwella","centroid_lon":80.67155,"centroid_lat":5.98475,"risk_modifier":0.95,"river_prox":0.929,"coast_prox":1.0,"highland":0.0,"zone":"flood_zone","evac_rank":0,"flood_rank":2},"geometry":{"type":"Polygon","coordinates":[[[80.66384220900005,6.024278001000027],[80.65349755300008,6.014719033000063],[80.63785642400006,6.014028556000028],[80.64744521700004,5.977427533000025],[80.63717732100008,5.97801671700006],[80.63724167000004,5.971685604000072],[80.62942225900008,5.969367851000072],[80.63098101200006,5.944819670000072],[80.64001727400006,5.944603031000042],[80.64736457600003,5.954682992000073],[80.68710156200007,5.962333158000035],[80.71999864800006,5.959639073000062],[80.71545753800007,5.964581218000035],[80.72307532700006,5.979287170000021],[80.70150423200005,5.993774257000041],[80.69057885400008,5.988589417000071],[80.68708351700008,5.992421974000024],[80.68460010500007,6.005954987000052],[80.69686771200008,6.017213348000041],[80.69283558900008,6.023068564000027],[80.66384220900005,6.024278001000027]]]}},{"type":"Feature","properties":{"district":"Matara","subdivision":"Hakmana","centroid_lon":80.64708,"centroid_lat":6.09461,"risk_modifier":0.6875,"river_prox":0.306,"coast_prox":1.0,"highland":0.0,"zone":"moderate","evac_rank":0,"flood_rank":0},"geometry":{"type":"Polygon","coordinates":[[[80.68988310300006,6.070428449000076],[80.68031745200005,6.10673498500006],[80.69295497100006,6.113840130000028],[80.69074918800004,6.123871073000032],[80.66092127700006,6.118076828000028],[80.64990190300006,6.132757988000037],[80.61832679000008,6.102941785000041],[80.60405493000007,6.10720944600007],[80.59149948600003,6.097441916000037],[80.62378397600008,6.068743175000066],[80.66813137500003,6.062869405000072],[80.67028195800003,6.074095662000047],[80.68988310300006,6.070428449000076]]]}},{"type":"Feature","properties":{"district":"Matara","subdivision":"Kaburupitiya","centroid_lon":80.55856,"centroid_lat":6.06552,"risk_modifier":0.6932,"river_prox":0.318,"coast_prox":1.0,"highland":0.0,"zone":"moderate","evac_rank":0,"flood_rank":0},"geometry":{"type":"Polygon","coordinates":[[[80.50698146500008,6.05543657000004],[80.51788175200005,6.030683356000054],[80.53971066200006,6.039311314000031],[80.56471086900007,6.025377569000057],[80.58654991500003,6.047073105000038],[80.58462101500004,6.05445829100006],[80.59481091500004,6.056543155000043],[80.59226825300004,6.069774574000064],[80.61354139800005,6.074416607000046],[80.61454660000004,6.082044456000062],[80.59849326700004,6.086391580000054],[80.58120672900003,6.103485452000029],[80.57083143100004,6.101927068000066],[80.56814423500003,6.087962769000058],[80.55668181300007,6.099753620000058],[80.53695709700008,6.095986260000075],[80.52908517400004,6.091581058000031],[80.53548803100006,6.093131623000033],[80.53853943800004,6.086279512000033],[80.51967825500003,6.07176841200004],[80.51623282600008,6.058409008000069],[80.50698146500008,6.05543657000004]]]}},{"type":"Feature","properties":{"district":"Matara","subdivision":"Katuwana","centroid_lon":80.71336,"centroid_lat":6.26332,"risk_modifier":0.6548,"river_prox":0.233,"coast_prox":1.0,"highland":0.0,"zone":"safe_zone","evac_rank":2,"flood_rank":0},"geometry":{"type":"Polygon","coordinates":[[[80.80471951800007,6.267031571000075],[80.79201459000006,6.266317958000059],[80.70135686600008,6.306434067000055],[80.65727492100007,6.303996377000033],[80.66062392100008,6.286243521000074],[80.64969882300005,6.272247357000026],[80.65994856500004,6.259614705000047],[80.64687753500004,6.256177498000056],[80.64341285600005,6.239736013000027],[80.65374726000005,6.226755126000057],[80.67136331100005,6.23918165300006],[80.67306234100005,6.228720557000031],[80.66537241900005,6.21471286700006],[80.67052445500008,6.213268067000058],[80.70673193600004,6.233280359000048],[80.71284377700005,6.23010838600004],[80.71920980000004,6.243006960000059],[80.74588130400008,6.236872933000029],[80.75324053700007,6.248290971000074],[80.79350679800007,6.229620075000071],[80.80471951800007,6.267031571000075]]]}},{"type":"Feature","properties":{"district":"Matara","subdivision":"Kirinda Puhulwella","centroid_lon":80.63441,"centroid_lat":6.04623,"risk_modifier":0.7943,"river_prox":0.543,"coast_prox":1.0,"highland":0.0,"zone":"moderate","evac_rank":0,"flood_rank":0},"geometry":{"type":"Polygon","coordinates":[[[80.68987740100005,6.070456726000032],[80.67028195800003,6.074095662000047],[80.66993514300003,6.063066971000069],[80.65095002700008,6.069037016000038],[80.63583342900006,6.064357094000059],[80.60755632700005,6.076879825000049],[80.60347019000005,6.069678410000051],[80.59226825300004,6.069774574000064],[80.58936449500004,6.065308549000065],[80.59626796500004,6.059011017000046],[80.58471984400006,6.053154010000071],[80.60864761100004,6.041941386000076],[80.60841449300005,6.026539606000028],[80.62862686400007,6.021202384000048],[80.62342098800008,6.014305356000023],[80.64031034500005,6.002855441000065],[80.63943039000003,6.015694328000052],[80.65349755300008,6.014719033000063],[80.66384220900005,6.024278001000027],[80.65510527100008,6.044676683000034],[80.67617252700006,6.061041829000033],[80.68882463700004,6.063057621000041],[80.68987740100005,6.070456726000032]]]}},{"type":"Feature","properties":{"district":"Matara","subdivision":"Malimbada","centroid_lon":80.49704,"centroid_lat":6.01917,"risk_modifier":0.6899,"river_prox":0.311,"coast_prox":1.0,"highland":0.0,"zone":"moderate","evac_rank":0,"flood_rank":0},"geometry":{"type":"Polygon","coordinates":[[[80.46645468500003,6.045008127000074],[80.46777789600003,6.030232494000074],[80.47685728600004,6.030813230000035],[80.48156045700006,6.018976350000059],[80.48796871500008,6.019328209000037],[80.46983620300006,6.009561303000055],[80.47850497000007,6.001595250000037],[80.47391167400008,5.996251823000023],[80.48637936000006,5.989845284000069],[80.48423687000007,5.977340831000049],[80.50805116700008,5.966336130000059],[80.50486608500006,5.993997559000036],[80.52548903100006,5.993856885000071],[80.52616378700003,6.004690973000038],[80.53491333500006,6.007087074000026],[80.53162759400004,6.015034351000054],[80.50490750000006,6.058410475000073],[80.49859321500008,6.053327231000026],[80.49545582500008,6.061850660000061],[80.47252265900005,6.062620271000071],[80.47333346400006,6.047445160000052],[80.46645468500003,6.045008127000074]]]}},{"type":"Feature","properties":{"district":"Matara","subdivision":"Matara Four Gravets","centroid_lon":80.56119,"centroid_lat":5.96268,"risk_modifier":0.8979,"river_prox":0.773,"coast_prox":1.0,"highland":0.0,"zone":"moderate","evac_rank":0,"flood_rank":0},"geometry":{"type":"Polygon","coordinates":[[[80.59668776800004,5.994504608000057],[80.57056613800006,5.992934998000067],[80.56796630800005,5.981267984000056],[80.54802459900003,5.972740860000044],[80.54853504500005,5.966455401000076],[80.53373888300007,5.979205473000036],[80.52485417000008,5.974929966000047],[80.50734588000006,5.980126375000054],[80.50204688500008,5.938694866000048],[80.51878373000005,5.934995037000022],[80.54534539700006,5.942711532000033],[80.58059827900007,5.930536564000022],[80.57928278600008,5.941349950000074],[80.59607583800005,5.942615338000053],[80.60202609200007,5.951151648000064],[80.60339489700004,5.966384864000077],[80.61726062200006,5.95688025000004],[80.61386267300009,5.96288699400003],[80.62438983200008,5.966954603000033],[80.61997518400005,5.972556976000021],[80.62813916900006,5.981873025000027],[80.61005597300004,5.987959131000025],[80.59426328100005,5.983644968000021],[80.59668776800004,5.994504608000057]]]}},{"type":"Feature","properties":{"district":"Matara","subdivision":"Mulatiyana","centroid_lon":80.5846,"centroid_lat":6.14704,"risk_modifier":0.7862,"river_prox":0.525,"coast_prox":1.0,"highland":0.0,"zone":"moderate","evac_rank":0,"flood_rank":0},"geometry":{"type":"Polygon","coordinates":[[[80.53472128200008,6.094809688000055],[80.55668181300007,6.099753620000058],[80.56814423500003,6.087962769000058],[80.57261793500004,6.103526432000024],[80.59073216600007,6.096915152000065],[80.60405493000007,6.10720944600007],[80.61832679000008,6.102941785000041],[80.64990190300006,6.132757988000037],[80.64351378000003,6.137981251000042],[80.65344465600003,6.148572043000058],[80.65976523300003,6.171461389000058],[80.63346017000003,6.170212491000029],[80.63330374300006,6.176151549000053],[80.60945323200008,6.189825166000048],[80.58940013900008,6.18659659900004],[80.56750399600008,6.194818822000059],[80.56495135900008,6.20442298100005],[80.55816754300008,6.206013558000052],[80.53325597800006,6.186012305000077],[80.53388365900008,6.177532841000072],[80.52566928000005,6.171876625000039],[80.53254815500003,6.115444077000063],[80.54297593500007,6.106471146000047],[80.54239149400007,6.097955431000059],[80.53517552900007,6.100435929000071],[80.53472128200008,6.094809688000055]]]}},{"type":"Feature","properties":{"district":"Matara","subdivision":"Okewela","centroid_lon":80.69109,"centroid_lat":6.12965,"risk_modifier":0.6677,"river_prox":0.262,"coast_prox":1.0,"highland":0.0,"zone":"moderate","evac_rank":0,"flood_rank":0},"geometry":{"type":"MultiPolygon","coordinates":[[[[80.73842022900004,6.115934110000069],[80.72973903700006,6.117394612000055],[80.72394542500007,6.129556815000058],[80.72888480100005,6.141685831000075],[80.70523579000007,6.152588063000053],[80.69426695700008,6.144764991000045],[80.70164565600004,6.123489544000051],[80.69304812000007,6.12186626700003],[80.69295497100006,6.113840130000028],[80.67704917100008,6.100832182000033],[80.67957577000004,6.094421984000064],[80.69264077600008,6.091597163000074],[80.69296465800005,6.099034328000073],[80.72041561900005,6.096810248000054],[80.73842022900004,6.115934110000069]]],[[[80.68999252200007,6.124186372000054],[80.69362790700006,6.144909031000054],[80.68724830500008,6.163508513000068],[80.65694807500006,6.160884698000075],[80.64501064800004,6.133130307000044],[80.65751318200006,6.128056564000076],[80.66092127700006,6.118076828000028],[80.68999252200007,6.124186372000054]]]]}},{"type":"Feature","properties":{"district":"Matara","subdivision":"Pasgoda","centroid_lon":80.60649,"centroid_lat":6.27612,"risk_modifier":0.7825,"river_prox":0.517,"coast_prox":1.0,"highland":0.0,"zone":"moderate","evac_rank":0,"flood_rank":0},"geometry":{"type":"Polygon","coordinates":[[[80.66868665900006,6.305167667000035],[80.67343472000005,6.322157778000076],[80.65617056700006,6.336718050000059],[80.66321163100008,6.338903676000029],[80.66032601300003,6.353917287000058],[80.61404866000004,6.347438875000023],[80.58668841300005,6.338017059000038],[80.57922996500008,6.328282926000043],[80.55648674600008,6.329154017000064],[80.55240270000007,6.319881013000042],[80.56105413500006,6.314763965000054],[80.57727949500008,6.282565929000043],[80.57461014200004,6.258190242000069],[80.56311819600006,6.247209129000055],[80.54965458400005,6.244662202000029],[80.54009127600006,6.22990094000005],[80.55049869100003,6.220835056000055],[80.54916425400006,6.200051012000074],[80.56054633800005,6.206718475000059],[80.56750399600008,6.194818822000059],[80.58940013900008,6.18659659900004],[80.60945323200008,6.189825166000048],[80.60587849700005,6.198624490000043],[80.62747413400007,6.240655018000041],[80.64134127900007,6.255309895000039],[80.65994856500004,6.259614705000047],[80.64969882300005,6.272247357000026],[80.66132817200008,6.289314181000066],[80.65491630600008,6.302164212000037],[80.66868665900006,6.305167667000035]]]}},{"type":"Feature","properties":{"district":"Matara","subdivision":"Tangalle","centroid_lon":80.82404,"centroid_lat":6.07197,"risk_modifier":0.95,"river_prox":0.901,"coast_prox":1.0,"highland":0.0,"zone":"flood_zone","evac_rank":0,"flood_rank":1},"geometry":{"type":"Polygon","coordinates":[[[80.89235414900008,6.13689789600005],[80.86815310100008,6.136689269000044],[80.86837978800008,6.12790196900005],[80.82772893600009,6.126111033000029],[80.82093883200008,6.119833687000039],[80.80390601600004,6.122624245000054],[80.80448924000007,6.109642810000025],[80.78336243800004,6.096765486000038],[80.76320396400007,6.093266688000028],[80.74809775100005,6.05541105900005],[80.77187093900005,6.047309393000035],[80.77186646200005,6.027289050000036],[80.75781609800003,6.025124689000052],[80.72487830100005,5.99444236100004],[80.70737996300005,5.990528085000051],[80.73526442100007,5.971426179000048],[80.73658028000006,5.985460415000034],[80.74823320000007,5.98878301600007],[80.74301029900005,5.990254962000051],[80.74671270300007,5.998362883000027],[80.77927930900006,6.006037207000077],[80.78794923100008,6.018013534000033],[80.79779401900004,6.020076647000053],[80.80280248300005,6.035975304000033],[80.84498604800007,6.045029228000033],[80.85889205500007,6.041928327000051],[80.87003214200007,6.05826761000003],[80.93058179700006,6.075233378000064],[80.89666825900008,6.100053228000036],[80.89010714600005,6.121201371000041],[80.89235414900008,6.13689789600005]]]}},{"type":"Feature","properties":{"district":"Matara","subdivision":"Thihagoda","centroid_lon":80.55831,"centroid_lat":6.00957,"risk_modifier":0.8182,"river_prox":0.596,"coast_prox":1.0,"highland":0.0,"zone":"moderate","evac_rank":0,"flood_rank":0},"geometry":{"type":"Polygon","coordinates":[[[80.60940788200008,6.026060608000023],[80.60864761100004,6.041941386000076],[80.58741404200003,6.048941219000028],[80.56471086900007,6.025377569000057],[80.54036707500006,6.039130348000072],[80.52690346100007,6.03787348000003],[80.51788175200005,6.030683356000054],[80.53491333500006,6.007087074000026],[80.52616378700003,6.004690973000038],[80.52548903100006,5.993856885000071],[80.50530769400007,5.994183953000061],[80.50435575500006,5.986720803000026],[80.52485417000008,5.974929966000047],[80.53373888300007,5.979205473000036],[80.54853504500005,5.966455401000076],[80.54802459900003,5.972740860000044],[80.56796630800005,5.981267984000056],[80.57056613800006,5.992934998000067],[80.59078813600007,5.99617102600007],[80.59447972300006,6.006113309000057],[80.60512156900006,6.008948436000026],[80.59392092000007,6.008595133000028],[80.58872387700006,6.01664917100004],[80.60940788200008,6.026060608000023]]]}},{"type":"Feature","properties":{"district":"Matara","subdivision":"Walasmulla","centroid_lon":80.67987,"centroid_lat":6.19891,"risk_modifier":0.6464,"river_prox":0.214,"coast_prox":1.0,"highland":0.0,"zone":"safe_zone","evac_rank":1,"flood_rank":0},"geometry":{"type":"Polygon","coordinates":[[[80.69133865400005,6.118453854000052],[80.70164565600004,6.123489544000051],[80.69426695700008,6.144764991000045],[80.70523579000007,6.152588063000053],[80.71781523200008,6.148590088000049],[80.71939252300007,6.171665093000058],[80.72817675400006,6.173651734000032],[80.73597802600005,6.195050263000041],[80.74641337400004,6.201357033000022],[80.73806286000007,6.209986085000025],[80.74933675600005,6.217186307000077],[80.74715806400008,6.235002756000029],[80.71920980000004,6.243006960000059],[80.71284377700005,6.23010838600004],[80.70673193600004,6.233280359000048],[80.67011697500004,6.213302361000046],[80.66537241900005,6.21471286700006],[80.67304312800007,6.23734625000003],[80.66516290000004,6.238071716000036],[80.66170542700007,6.229378761000021],[80.65285512000008,6.227068341000063],[80.64343859600007,6.239589408000029],[80.64744860800005,6.255847040000049],[80.64134127900007,6.255309895000039],[80.60961067000005,6.20735628500006],[80.60912170900008,6.187417881000044],[80.62587315900004,6.181528864000029],[80.63346017000003,6.170212491000029],[80.65821949600007,6.173012951000032],[80.65853036500005,6.161329367000064],[80.68724830500008,6.163508513000068],[80.69362790700006,6.144909031000054],[80.68832048900003,6.132586183000058],[80.69133865400005,6.118453854000052]]]}},{"type":"Feature","properties":{"district":"Matara","subdivision":"Weeraketiya","centroid_lon":80.76979,"centroid_lat":6.17216,"risk_modifier":0.6707,"river_prox":0.268,"coast_prox":1.0,"highland":0.0,"zone":"moderate","evac_rank":0,"flood_rank":0},"geometry":{"type":"Polygon","coordinates":[[[80.80927056900003,6.223005728000032],[80.75324053700007,6.248290971000074],[80.74619407900008,6.23698173400004],[80.74933675600005,6.217186307000077],[80.73806286000007,6.209986085000025],[80.74641337400004,6.201357033000022],[80.73597802600005,6.195050263000041],[80.73145643400005,6.177277043000061],[80.71885286700007,6.170201148000046],[80.71764685400007,6.147657074000051],[80.72930344500008,6.141125774000045],[80.72394542500007,6.129556815000058],[80.72973903700006,6.117394612000055],[80.75441768000007,6.114890442000046],[80.75058092700004,6.104134048000049],[80.76425950400005,6.095589858000039],[80.78336243800004,6.096765486000038],[80.80490174000005,6.110210339000048],[80.80331836600004,6.122697155000026],[80.78215586800007,6.133057978000068],[80.78870474100006,6.144711916000063],[80.78259770600005,6.145086590000062],[80.77690869400004,6.182111031000034],[80.78510925900008,6.190476127000068],[80.80138078200008,6.17411013800006],[80.81129180400006,6.186870911000028],[80.81927794800004,6.182404863000045],[80.84096653100005,6.196501227000056],[80.84071886200007,6.205967927000074],[80.82999212400006,6.216957833000038],[80.80839105700005,6.216333391000035],[80.80927056900003,6.223005728000032]]]}},{"type":"Feature","properties":{"district":"Monaragala","subdivision":"Badalkumbura","centroid_lon":81.2143,"centroid_lat":6.86942,"risk_modifier":0.4855,"river_prox":0.0,"coast_prox":1.0,"highland":0.258,"zone":"safe_zone","evac_rank":1,"flood_rank":0},"geometry":{"type":"Polygon","coordinates":[[[81.29731326900009,6.880018970000037],[81.28047553200008,6.936596585000075],[81.27089519700007,6.930313040000044],[81.26113828400008,6.944380008000053],[81.26555204000005,6.950718969000036],[81.26044844300003,6.958347563000075],[81.25100672600007,6.953170925000052],[81.24109343700007,6.964618229000052],[81.22013832200008,6.964285827000026],[81.21764307400008,6.951734422000072],[81.22531951000008,6.94510811400005],[81.20524564900006,6.93877399400003],[81.19888309100008,6.930536494000023],[81.20467281000003,6.92214836100004],[81.18511473200005,6.920481107000057],[81.17959957200003,6.927699178000069],[81.17520468200007,6.902231384000061],[81.11254697400005,6.872473804000037],[81.10914000100007,6.863557191000041],[81.13576142400007,6.839664872000071],[81.12811386600004,6.832427283000072],[81.13838369700005,6.82021058600003],[81.14535427900006,6.821011722000037],[81.14921712000006,6.808908264000024],[81.14436430600006,6.800410938000027],[81.16014264200004,6.803818741000043],[81.17379649900005,6.797417196000026],[81.19578551600006,6.806267542000057],[81.20400910700005,6.803055921000066],[81.20535141700003,6.786030786000026],[81.21505252400004,6.780021172000033],[81.21718857200005,6.795493278000038],[81.22873241400004,6.800808762000031],[81.23651509400008,6.799537562000069],[81.23518665900008,6.793247321000024],[81.26231944800008,6.795775822000053],[81.26478559200007,6.832890626000051],[81.27815311800003,6.855574382000043],[81.28595112400006,6.85898295800007],[81.28719305200008,6.850294981000047],[81.29423534900008,6.853710170000056],[81.29731326900009,6.880018970000037]]]}},{"type":"Feature","properties":{"district":"Monaragala","subdivision":"Buttala","centroid_lon":81.29329,"centroid_lat":6.6622,"risk_modifier":0.5461,"river_prox":0.0,"coast_prox":1.0,"highland":0.016,"zone":"moderate","evac_rank":0,"flood_rank":0},"geometry":{"type":"Polygon","coordinates":[[[81.16014264200004,6.803818741000043],[81.14573167900005,6.795289617000037],[81.15048214200004,6.784042528000043],[81.13618021400003,6.773990311000034],[81.17215477500008,6.748950341000068],[81.17650214600008,6.737554184000032],[81.16710285200008,6.730055572000026],[81.17300585600003,6.707636274000038],[81.16675758500008,6.700005240000053],[81.18199081300008,6.671129210000061],[81.17749358100008,6.638756937000039],[81.18506126600005,6.59942721300007],[81.17963061800003,6.585808951000047],[81.18717918300007,6.572351999000034],[81.19902599600005,6.570847359000027],[81.19109811700008,6.554723789000036],[81.21667274600009,6.53663694200003],[81.26034045600005,6.544351237000058],[81.26346961200005,6.522677476000069],[81.28194855700008,6.505979335000063],[81.28635287800006,6.510443237000061],[81.28243818200008,6.524201242000061],[81.30292304200003,6.541713232000063],[81.49222797100003,6.606256831000053],[81.45756392700008,6.642462339000076],[81.41328259400007,6.671965252000064],[81.40765480800007,6.719918776000043],[81.38168489400005,6.742011060000038],[81.33484091500003,6.744341843000029],[81.32211169600004,6.773484261000021],[81.32129390700004,6.765514310000071],[81.30553646600004,6.783826954000062],[81.29622533800006,6.786732770000071],[81.29409849600006,6.782074063000039],[81.27883535800004,6.795210374000021],[81.23518665900008,6.793247321000024],[81.23651509400008,6.799537562000069],[81.22881250000006,6.80082999800004],[81.21718857200005,6.795493278000038],[81.21505252400004,6.780021172000033],[81.20535141700003,6.786030786000026],[81.20405443100003,6.802992943000049],[81.19663003600004,6.806018099000028],[81.17379649900005,6.797417196000026],[81.16014264200004,6.803818741000043]]]}},{"type":"Feature","properties":{"district":"Monaragala","subdivision":"Katharagama","centroid_lon":81.39107,"centroid_lat":6.49541,"risk_modifier":0.55,"river_prox":0.0,"coast_prox":1.0,"highland":0.0,"zone":"moderate","evac_rank":0,"flood_rank":0},"geometry":{"type":"Polygon","coordinates":[[[81.21670493200008,6.53664189400007],[81.22801870700005,6.522048602000041],[81.23037323500006,6.503706279000028],[81.24207436600005,6.491047823000031],[81.22754402800007,6.494331982000062],[81.22239264100006,6.484492846000023],[81.24808779900007,6.382944534000046],[81.26820279800006,6.383172811000065],[81.27270013300006,6.362503135000054],[81.31043597200005,6.380511918000025],[81.33029974300007,6.379632926000056],[81.37996548400008,6.396734962000039],[81.39247028700004,6.416642832000036],[81.39919769500005,6.414754581000068],[81.40024827500008,6.406548567000073],[81.41803975700003,6.408313849000024],[81.42547953400003,6.418224701000042],[81.43600201800007,6.419998537000026],[81.47352438100006,6.40819525400002],[81.47855112000008,6.41871022600003],[81.47419557200004,6.448976969000057],[81.48473403200006,6.462925909000035],[81.47755455400005,6.471811427000034],[81.47921378200004,6.495114037000064],[81.52219090200003,6.519424272000037],[81.53154046100008,6.535958502000028],[81.54533838200007,6.536303517000022],[81.56390504600006,6.55396365200005],[81.58001498500005,6.550422651000076],[81.58768734300008,6.560201747000065],[81.59811926000003,6.560213125000075],[81.60658087400003,6.579757363000056],[81.58620025000005,6.610556924000036],[81.52460388200006,6.607785470000067],[81.50743501300008,6.618883256000061],[81.49878505100008,6.607944427000064],[81.48034571100004,6.605119979000051],[81.46106699200004,6.591883254000038],[81.30292304200003,6.541713232000063],[81.28243818200008,6.524201242000061],[81.28635287800006,6.510443237000061],[81.28222071800008,6.506049992000044],[81.26346961200005,6.522677476000069],[81.26034045600005,6.544351237000058],[81.21670493200008,6.53664189400007]]]}},{"type":"Feature","properties":{"district":"Monaragala","subdivision":"Lahugala","centroid_lon":81.69787,"centroid_lat":6.74697,"risk_modifier":0.55,"river_prox":0.0,"coast_prox":1.0,"highland":0.0,"zone":"moderate","evac_rank":0,"flood_rank":0},"geometry":{"type":"Polygon","coordinates":[[[81.61586797600006,6.980796806000058],[81.63598412600004,6.958192757000063],[81.62572291100008,6.910405799000046],[81.60658087400003,6.579757363000056],[81.61902327500007,6.571236721000048],[81.63667670300003,6.541788947000043],[81.66059385500006,6.540349929000058],[81.67263717700007,6.520596720000071],[81.705131,6.510328428000037],[81.73840908300008,6.573832813000024],[81.76125693200004,6.595314037000037],[81.75830239500004,6.607665620000034],[81.77588630000008,6.646380435000026],[81.77085889100005,6.670357928000044],[81.79907845300005,6.708760009000059],[81.79912328400007,6.728655166000067],[81.80839515600007,6.746263313000043],[81.82473067100005,6.763727712000048],[81.81700021200004,6.786463480000066],[81.82302307100008,6.809489165000059],[81.77717495500008,6.822466629000075],[81.75851910300008,6.838226832000032],[81.76256781500007,6.893902855000022],[81.73109808300006,6.958470528000021],[81.61586797600006,6.980796806000058]]]}},{"type":"Feature","properties":{"district":"Monaragala","subdivision":"Medagama","centroid_lon":81.29049,"centroid_lat":7.05224,"risk_modifier":0.5088,"river_prox":0.0,"coast_prox":1.0,"highland":0.165,"zone":"moderate","evac_rank":0,"flood_rank":0},"geometry":{"type":"Polygon","coordinates":[[[81.28502730100007,6.933381186000076],[81.30371420800003,6.942357058000027],[81.31614885800008,6.970846103000042],[81.30973885400005,7.015122271000052],[81.32420597600003,7.01594003200006],[81.34318753400004,7.043509675000053],[81.35881629800008,7.051567583000065],[81.35664943200004,7.06511851700003],[81.38197873700005,7.081291098000065],[81.37394647600007,7.096390794000058],[81.36362485500007,7.093790154000033],[81.34447273000006,7.105255140000054],[81.33840138000005,7.130557214000021],[81.34381270500006,7.137452333000056],[81.33490807800007,7.143245643000057],[81.33384817300004,7.155210444000033],[81.26842686900005,7.139515238000058],[81.25759333800005,7.128386573000057],[81.25168396900006,7.137594011000033],[81.24577471000003,7.128117536000047],[81.24747818800006,7.114362328000027],[81.23225159900005,7.109772128000031],[81.23436183700005,7.098242106000043],[81.22492755700006,7.089406684000039],[81.24120379700008,7.047004694000066],[81.24313808500006,7.022105562000036],[81.23489106800008,6.990998129000047],[81.22896661100003,6.98967205100007],[81.23147640600007,6.964712886000029],[81.24109343700007,6.964618229000052],[81.25100672600007,6.953170925000052],[81.26064585000006,6.95819302700005],[81.26559062700005,6.94983241500006],[81.26113828400008,6.944380008000053],[81.27089519700007,6.930313040000044],[81.28047553200008,6.936596585000075],[81.28502730100007,6.933381186000076]]]}},{"type":"Feature","properties":{"district":"Monaragala","subdivision":"Monaragala","centroid_lon":81.3526,"centroid_lat":6.83147,"risk_modifier":0.5407,"river_prox":0.0,"coast_prox":1.0,"highland":0.037,"zone":"moderate","evac_rank":0,"flood_rank":0},"geometry":{"type":"Polygon","coordinates":[[[81.26231944800008,6.795775822000053],[81.27957574700008,6.794906544000071],[81.29409849600006,6.782074063000039],[81.29622533800006,6.786732770000071],[81.30553646600004,6.783826954000062],[81.32129390700004,6.765514310000071],[81.32211169600004,6.773484261000021],[81.33484091500003,6.744341843000029],[81.37262152100004,6.745243312000071],[81.40833614000007,6.719730243000072],[81.42143964000007,6.731484259000069],[81.43355805800007,6.769390299000065],[81.42395087800008,6.784348524000052],[81.42179818200003,6.839319271000022],[81.44821138100008,6.880997812000032],[81.43152855500006,6.87814587400004],[81.42417945500006,6.88532058800007],[81.41316628100003,6.878379090000067],[81.39018943500008,6.87822060700006],[81.38486088300004,6.90062394000006],[81.35074311900007,6.903118512000049],[81.33872050700006,6.91136718100006],[81.34347626600004,6.913674344000071],[81.34504985600006,6.924360422000063],[81.32424010600005,6.933388986000068],[81.31363652400006,6.965783914000042],[81.30359451000004,6.942223973000068],[81.28565759000008,6.936799897000071],[81.28638847200006,6.913123966000057],[81.29731326900009,6.880018970000037],[81.29423534900008,6.853710170000056],[81.28719305200008,6.850294981000047],[81.28595112400006,6.85898295800007],[81.27815311800003,6.855574382000043],[81.26478559200007,6.832890626000051],[81.26231944800008,6.795775822000053]]]}},{"type":"Feature","properties":{"district":"Monaragala","subdivision":"Siyambalanduwa","centroid_lon":81.52497,"centroid_lat":6.84897,"risk_modifier":0.55,"river_prox":0.0,"coast_prox":1.0,"highland":0.0,"zone":"flood_zone","evac_rank":0,"flood_rank":1},"geometry":{"type":"Polygon","coordinates":[[[81.49222797100003,6.606256831000053],[81.50743501300008,6.618883256000061],[81.52460388200006,6.607785470000067],[81.58017313400006,6.612247639000032],[81.59452105600008,6.602580057000068],[81.60658087400003,6.579757363000056],[81.62572291100008,6.910405799000046],[81.63598412600004,6.958192757000063],[81.61581986700008,6.980087550000064],[81.61998249200008,6.997859380000023],[81.61303741600005,7.002526894000027],[81.60571159600005,7.028429505000076],[81.61706796900006,7.048835550000035],[81.61171888400008,7.067237780000028],[81.51845621800004,7.098455413000067],[81.50978910500004,7.117285005000042],[81.51174201700007,7.136723189000065],[81.50026892100004,7.146323452000047],[81.49951990800008,7.156795849000048],[81.47983895700008,7.164046398000039],[81.46889275800004,7.154388641000025],[81.47189129100008,7.140056103000063],[81.46323451100005,7.148880802000065],[81.45501259200006,7.13165573200007],[81.45962254200003,7.129387595000026],[81.45569749900005,7.109061404000045],[81.46866356800007,7.069557511000028],[81.45445731900008,7.055781869000043],[81.45831403700004,7.045368344000053],[81.43495930700004,7.063864095000042],[81.42381624000006,7.064555799000061],[81.41894693200004,7.055047146000049],[81.43199424000005,7.034612785000036],[81.45453715800005,7.022102418000031],[81.46846995000004,7.018257361000053],[81.47978850000004,7.022643741000024],[81.49069242300004,7.016277088000038],[81.49071056200006,6.999429726000074],[81.49802601700003,6.995270942000047],[81.50939476800005,6.965869409000049],[81.51572004300004,6.933745501000033],[81.52554566200007,6.93346682300006],[81.52714961300006,6.914770832000045],[81.52037415300003,6.912854777000064],[81.51396494400007,6.920813338000073],[81.50863137000005,6.917240733000028],[81.50928826600006,6.924698048000039],[81.48259732000008,6.921671469000046],[81.48486942600005,6.934895562000065],[81.47784103300006,6.936592889000053],[81.47367938100007,6.92922571500003],[81.46649512900007,6.933619635000071],[81.44517593800003,6.91320124300006],[81.40092378600008,6.921453327000052],[81.38353282200006,6.917934143000025],[81.38141137000008,6.911176739000041],[81.37024321300004,6.912633632000052],[81.36832513400003,6.906188387000043],[81.38486088300004,6.90062394000006],[81.39024142100004,6.878194747000066],[81.41316628100003,6.878379090000067],[81.42417945500006,6.88532058800007],[81.43152855500006,6.87814587400004],[81.44821138100008,6.880997812000032],[81.42179818200003,6.839319271000022],[81.42395087800008,6.784348524000052],[81.43357906300008,6.769702448000032],[81.42143964000007,6.731484259000069],[81.40765670100006,6.719665912000039],[81.41094171800006,6.676196538000056],[81.45756392700008,6.642462339000076],[81.49222797100003,6.606256831000053]]]}},{"type":"Feature","properties":{"district":"Monaragala","subdivision":"Wellawaya","centroid_lon":81.1201,"centroid_lat":6.61143,"risk_modifier":0.5064,"river_prox":0.0,"coast_prox":1.0,"highland":0.174,"zone":"moderate","evac_rank":0,"flood_rank":0},"geometry":{"type":"Polygon","coordinates":[[[81.12811386600004,6.832427283000072],[81.09489868400004,6.827775799000051],[81.09685251800005,6.811423182000055],[81.08751667200005,6.807489743000076],[81.07871527600008,6.813773825000055],[81.06385563000003,6.812607482000033],[81.05896221000006,6.780244940000046],[81.06363783600005,6.759183583000038],[81.05087534000006,6.738910198000042],[81.05554299500005,6.734599116000027],[81.06999730300004,6.737734050000029],[81.08301689000007,6.728096715000049],[81.07693850200008,6.71712597800007],[81.07759915700007,6.697087057000033],[81.06201965800005,6.683277434000047],[81.05944265300008,6.646371520000059],[81.08480816100007,6.607027102000075],[81.07492829400007,6.611808796000048],[81.06357211000005,6.603693121000049],[81.05745006600006,6.593808052000043],[81.06069784500005,6.576096417000031],[81.04034713200008,6.588536199000032],[81.02525605800008,6.573248118000038],[81.02146979600008,6.542196717000024],[81.03136006200003,6.524790664000022],[81.03283323200003,6.506260470000029],[81.01717706100004,6.487480387000062],[81.04962232700007,6.472325660000024],[81.05253344000005,6.460469587000034],[81.08504722000004,6.469633506000037],[81.10605679600008,6.455722975000072],[81.12863416500005,6.461102768000046],[81.13415479800005,6.446468194000033],[81.15125074200006,6.453591279000022],[81.15972311200005,6.446884613000066],[81.17668394700007,6.460699251000051],[81.19474648700003,6.461409307000054],[81.22622154700008,6.493788775000041],[81.24207436600005,6.491047823000031],[81.23037323500006,6.503706279000028],[81.22801870700005,6.522048602000041],[81.21593761800005,6.53837476700005],[81.19109811700008,6.554723789000036],[81.19902599600005,6.570847359000027],[81.18717918300007,6.572351999000034],[81.17963061800003,6.585808951000047],[81.18506126600005,6.59942721300007],[81.17749358100008,6.638756937000039],[81.18199081300008,6.671129210000061],[81.16675758500008,6.700005240000053],[81.17300585600003,6.707636274000038],[81.16710285200008,6.730055572000026],[81.17650214600008,6.737554184000032],[81.17215477500008,6.748950341000068],[81.13618021400003,6.773990311000034],[81.15063986300004,6.784401344000059],[81.14573167900005,6.795289617000037],[81.15007435300004,6.799712441000054],[81.14436430600006,6.800410938000027],[81.14921719700004,6.809006905000047],[81.14485810700006,6.822009124000033],[81.13838369700005,6.82021058600003],[81.12811386600004,6.832427283000072]]]}},{"type":"Feature","properties":{"district":"Mullaitivu","subdivision":"Maritimepattu","centroid_lon":80.79078,"centroid_lat":9.16458,"risk_modifier":0.55,"river_prox":0.0,"coast_prox":1.0,"highland":0.0,"zone":"safe_zone","evac_rank":1,"flood_rank":0},"geometry":{"type":"Polygon","coordinates":[[[80.60746543400006,9.427368157000046],[80.67363494600005,9.382994282000027],[80.68928065400007,9.351221571000053],[80.73130228600007,9.347036958000047],[80.74255132700006,9.329210174000025],[80.72872096300006,9.314191567000023],[80.72654495700004,9.304302163000045],[80.73424400900007,9.299107623000054],[80.72951792200007,9.285842642000034],[80.71917397800007,9.278150357000072],[80.71170980300008,9.24945361500005],[80.69341645500003,9.21741294100002],[80.69676716500004,9.206740598000067],[80.71105587200003,9.196398706000025],[80.71720254900004,9.170094327000072],[80.71387999000007,9.123972434000052],[80.69082437600008,9.124533886000052],[80.69172565600007,9.106403374000024],[80.71633912500005,9.098349487000064],[80.73257061400005,9.107548847000032],[80.74979384300008,9.106377617000021],[80.74065255000005,9.06904460100003],[80.71865301600008,9.05325621000003],[80.72342184400003,9.046241872000053],[80.79728474000007,9.002456942000038],[80.83066599100005,9.013322481000046],[80.85059452600007,9.038410895000027],[80.86102937200008,9.02414968200003],[80.87541461100005,9.027343933000054],[80.88495109500008,9.011677709000026],[80.89931056900008,9.004214112000057],[80.89321983200006,8.99907956900006],[80.90683473000007,8.985168127000065],[80.96524766400006,8.986483082000063],[80.87570753200004,9.135600017000058],[80.84182614600007,9.231166366000025],[80.80747260000004,9.293686383000022],[80.62077444300007,9.45866025500004],[80.60746543400006,9.427368157000046]]]}},{"type":"Feature","properties":{"district":"Mullaitivu","subdivision":"Oddusuddan","centroid_lon":80.53248,"centroid_lat":9.20032,"risk_modifier":0.55,"river_prox":0.0,"coast_prox":1.0,"highland":0.0,"zone":"moderate","evac_rank":0,"flood_rank":0},"geometry":{"type":"Polygon","coordinates":[[[80.52056702000004,9.347266181000066],[80.40612403100005,9.339643253000077],[80.40336190200009,9.275979850000056],[80.38102169500007,9.245292327000072],[80.34881340300007,9.232586086000026],[80.33367362200005,9.211306215000036],[80.39838956500006,9.173082454000053],[80.40219070700005,9.115139093000039],[80.49302481100005,9.113643181000043],[80.50837803700006,9.09371586900005],[80.51313110200005,9.075050560000022],[80.52881707100005,9.076501389000043],[80.55900714400008,9.107391730000074],[80.58324021900006,9.111923090000062],[80.57996362900008,9.12595129500005],[80.61966181800005,9.12323899100005],[80.64542100300008,9.115323493000062],[80.64962157400004,9.077672599000039],[80.66293918000008,9.073966174000077],[80.68069002000004,9.083623289000059],[80.69013886600004,9.07447914000005],[80.68546202100003,9.049843099000043],[80.67477139300007,9.041617770000073],[80.67616462600006,9.02955580500003],[80.71543719100003,9.050258369000062],[80.72387933300007,9.045724047000022],[80.71865301600008,9.05325621000003],[80.74065255000005,9.06904460100003],[80.74979384300008,9.106377617000021],[80.70230641500007,9.098747400000036],[80.68985018400008,9.110129269000026],[80.69151097000008,9.125012109000068],[80.71387999000007,9.123972434000052],[80.71720254900004,9.170094327000072],[80.71078966800007,9.196883263000075],[80.69676716500004,9.206740598000067],[80.69341645500003,9.21741294100002],[80.67173379600007,9.205708892000075],[80.65284235800004,9.214200690000041],[80.63872838500004,9.230468729000052],[80.58441377600008,9.215724776000059],[80.58159021400007,9.229566198000043],[80.57029843000004,9.24185684400004],[80.58170477400006,9.26270646100005],[80.57964888300006,9.283530909000035],[80.59052913500005,9.320691993000025],[80.54262941000007,9.336660377000044],[80.53677654000006,9.331631178000066],[80.53731477200006,9.338366974000053],[80.52056702000004,9.347266181000066]]]}},{"type":"Feature","properties":{"district":"Mullaitivu","subdivision":"Padavi Sri Pura","centroid_lon":80.85411,"centroid_lat":8.91509,"risk_modifier":0.55,"river_prox":0.0,"coast_prox":1.0,"highland":0.0,"zone":"moderate","evac_rank":0,"flood_rank":0},"geometry":{"type":"Polygon","coordinates":[[[80.92940748300003,8.849030276000065],[80.90261914800004,8.904254512000023],[80.91233441100007,8.911996960000067],[80.90218324300008,8.906612102000054],[80.89363093100008,8.911687867000069],[80.88795397200005,8.948184970000057],[80.89443147500003,8.950096176000045],[80.88709724900008,8.95533262300006],[80.89621231200005,8.962696037000057],[80.88796965500006,8.975886080000066],[80.89411369500004,8.981550342000048],[80.86354230900008,8.958391643000027],[80.83110334000008,8.960353627000075],[80.82555141200004,8.954958752000039],[80.77355264400006,8.947035074000041],[80.75975698300005,8.93591234400003],[80.75309555700005,8.905624663000026],[80.78424384000004,8.921403423000072],[80.80974764100006,8.916229995000037],[80.82779140300005,8.899677746000066],[80.88298122400005,8.869263316000058],[80.91063708400003,8.832360747000052],[80.92002206700005,8.841294718000029],[80.91875041000003,8.847939876000055],[80.92940748300003,8.849030276000065]]]}},{"type":"Feature","properties":{"district":"Mullaitivu","subdivision":"Puthukkudiyiruppu","centroid_lon":80.63583,"centroid_lat":9.31335,"risk_modifier":0.55,"river_prox":0.0,"coast_prox":1.0,"highland":0.0,"zone":"moderate","evac_rank":0,"flood_rank":0},"geometry":{"type":"Polygon","coordinates":[[[80.51134764900007,9.34488189800004],[80.52303041000005,9.346276129000046],[80.53731477200006,9.338366974000053],[80.53758311600006,9.331373271000075],[80.54262941000007,9.336660377000044],[80.59052913500005,9.320691993000025],[80.57964888300006,9.283530909000035],[80.58170477400006,9.26270646100005],[80.57029843000004,9.24185684400004],[80.58159021400007,9.229566198000043],[80.58441377600008,9.215724776000059],[80.63872838500004,9.230468729000052],[80.65284235800004,9.214200690000041],[80.67174744900007,9.205706002000056],[80.69613135200007,9.21895505200007],[80.71170980300008,9.24945361500005],[80.71307911600007,9.265846254000053],[80.73420852600003,9.29889918400005],[80.72730274300005,9.310924528000044],[80.74264886800006,9.327599821000035],[80.73130228600007,9.347036958000047],[80.68928065400007,9.351221571000053],[80.67363494600005,9.382994282000027],[80.60746543400006,9.427368157000046],[80.58347858300004,9.408487857000068],[80.58331286600009,9.36250975300004],[80.55647847700004,9.376276243000063],[80.52981445100005,9.404863849000037],[80.52725754600004,9.379452482000033],[80.51134764900007,9.34488189800004]]]}},{"type":"Feature","properties":{"district":"Mullaitivu","subdivision":"Welioya","centroid_lon":80.79138,"centroid_lat":8.98161,"risk_modifier":0.55,"river_prox":0.0,"coast_prox":1.0,"highland":0.0,"zone":"flood_zone","evac_rank":0,"flood_rank":1},"geometry":{"type":"Polygon","coordinates":[[[80.89806037000005,8.978755454000066],[80.90468813300004,8.988184857000022],[80.89938347300006,8.990681109000036],[80.89321983200006,8.99907956900006],[80.89931056900008,9.004214112000057],[80.88495109500008,9.011677709000026],[80.87541461100005,9.027343933000054],[80.86102937200008,9.02414968200003],[80.85059452600007,9.038410895000027],[80.83066599100005,9.013322481000046],[80.79810211900008,9.002259865000042],[80.74135879700003,9.035593946000063],[80.72334831500007,9.023545890000037],[80.72896472200006,9.011425108000026],[80.70118769100003,8.984071550000067],[80.71018161600006,8.945823202000042],[80.73656345000006,8.929489907000061],[80.74303236000003,8.902962554000055],[80.75309555700005,8.905624663000026],[80.75975698300005,8.93591234400003],[80.77355264400006,8.947035074000041],[80.83126878900003,8.960380517000033],[80.86354230900008,8.958391643000027],[80.87235882600004,8.968778031000056],[80.88534072700008,8.972296176000043],[80.88767294700006,8.98073654500007],[80.89806037000005,8.978755454000066]]]}},{"type":"Feature","properties":{"district":"Nuwara Eliya","subdivision":"Ambagamuwa","centroid_lon":80.56758,"centroid_lat":6.86379,"risk_modifier":0.3971,"river_prox":0.021,"coast_prox":1.0,"highland":0.65,"zone":"safe_zone","evac_rank":2,"flood_rank":0},"geometry":{"type":"Polygon","coordinates":[[[80.57711232700007,6.944609711000055],[80.54914103400006,6.941149744000029],[80.54021237400008,6.960284228000035],[80.51469815500008,6.981377943000041],[80.50361022000004,7.021907093000038],[80.47274693300005,7.036405750000029],[80.46466879100007,7.016868583000075],[80.44880967000006,7.000374399000066],[80.43002729100004,6.992834950000031],[80.44298255800004,6.964245044000052],[80.43515030000003,6.956233886000064],[80.42901479500006,6.911858388000041],[80.45769684000004,6.898928038000065],[80.47813302800006,6.898474791000069],[80.49828459400004,6.884218043000033],[80.49234904000008,6.87129606700006],[80.50909000900003,6.846405993000076],[80.48797146800007,6.819156801000076],[80.49951416200008,6.808619215000022],[80.48350517200004,6.796285066000053],[80.49599264200003,6.780282299000021],[80.52481618700006,6.767931918000045],[80.54027345200006,6.776773720000051],[80.57102611800008,6.764141887000051],[80.65033284000003,6.751338242000031],[80.65889268300003,6.761917100000062],[80.70269957300007,6.754047942000057],[80.73216871200003,6.761829894000073],[80.74454246400006,6.756954857000039],[80.77337243200003,6.778704797000046],[80.76466251300008,6.798564204000058],[80.73227418500005,6.791251416000023],[80.70582706800008,6.799800750000031],[80.66162455700004,6.84887975700002],[80.64548668600008,6.848450918000026],[80.65269799600003,6.856211142000063],[80.64724434600004,6.87042621300003],[80.65131979500006,6.880204567000021],[80.63621933100006,6.893618225000068],[80.63444247900003,6.904206835000025],[80.62232786900006,6.897244723000028],[80.60839223500005,6.898152453000023],[80.57791728100005,6.922243881000043],[80.58210658600007,6.930652],[80.57711232700007,6.944609711000055]]]}},{"type":"Feature","properties":{"district":"Nuwara Eliya","subdivision":"Balangoda","centroid_lon":80.76777,"centroid_lat":6.62708,"risk_modifier":0.5664,"river_prox":0.273,"coast_prox":1.0,"highland":0.426,"zone":"moderate","evac_rank":0,"flood_rank":0},"geometry":{"type":"Polygon","coordinates":[[[80.82542051500008,6.676651056000026],[80.81104622700008,6.670189335000032],[80.79290308600008,6.680337492000035],[80.79458640800004,6.646048287000042],[80.78556876900007,6.631833606000043],[80.75662424100005,6.637239534000059],[80.75791512800004,6.641212720000055],[80.73796028400005,6.649149437000062],[80.71886806500004,6.648720762000039],[80.64197847500003,6.710994619000076],[80.63154207400004,6.712419941000064],[80.63229885400006,6.70627668700007],[80.61102708300007,6.71487281900005],[80.60403195900005,6.711638058000062],[80.60143690600006,6.699317038000061],[80.61341613000008,6.683160285000042],[80.61183133200007,6.670698533000063],[80.59803454800004,6.66120064200004],[80.66123209800008,6.641534221000029],[80.64980882100008,6.604645723000033],[80.66521859700003,6.598232245000077],[80.68452270200004,6.608137099000032],[80.69496693900004,6.602771176000033],[80.71820182700003,6.604760938000027],[80.73017401500005,6.587585837000063],[80.74627651900005,6.582082323000066],[80.77054538300007,6.589863463000029],[80.80974132300008,6.590995736000025],[80.81134912000005,6.567265047000035],[80.80237404200005,6.541903869000066],[80.80558552100007,6.53713282800004],[80.82985470100004,6.536334294000028],[80.83296201700006,6.505709206000063],[80.86312959400004,6.551965671000062],[80.85830941400008,6.559822323000049],[80.86402714500008,6.579260977000047],[80.87038334300007,6.581891918000053],[80.86724580700007,6.592521049000027],[80.87431721600007,6.592763717000025],[80.87324395800005,6.610430467000072],[80.89193597800005,6.633980446000066],[80.90099746700008,6.63700035100004],[80.91034187000008,6.671750078000059],[80.92627235900005,6.687212751000061],[80.91591631000006,6.695526527000027],[80.90588209600008,6.677311385000053],[80.89031608700003,6.674508549000052],[80.88190414500008,6.662682922000045],[80.86119014800005,6.665292934000036],[80.85484067100003,6.656794740000066],[80.84597557900008,6.665718994000031],[80.82792189800006,6.66839899200005],[80.82542051500008,6.676651056000026]]]}},{"type":"Feature","properties":{"district":"Nuwara Eliya","subdivision":"Haldummulla","centroid_lon":80.96259,"centroid_lat":6.70109,"risk_modifier":0.4411,"river_prox":0.0,"coast_prox":1.0,"highland":0.436,"zone":"moderate","evac_rank":0,"flood_rank":0},"geometry":{"type":"Polygon","coordinates":[[[80.92489888400007,6.688512555000045],[80.93704363500007,6.692668004000041],[80.93865662900004,6.676800587000059],[80.94962314600008,6.671165576000021],[80.95146594900007,6.655370998000024],[80.96579652800006,6.653093789000025],[80.97421605600005,6.642096996000021],[80.97604031200007,6.615958558000045],[80.98853367500004,6.620060215000024],[80.99741087700005,6.614056195000046],[80.99350495100003,6.57665008500004],[81.02174931300004,6.54211149200006],[81.02373321000005,6.570272400000022],[81.03371143100009,6.583314201000064],[81.04051809800006,6.588515825000059],[81.06069784500005,6.576096417000031],[81.05745006600006,6.593808052000043],[81.06357211000005,6.603693121000049],[81.07492829400007,6.611808796000048],[81.08480816100007,6.607027102000075],[81.05944265300008,6.646371520000059],[81.06201965800005,6.683277434000047],[81.07759915700007,6.697087057000033],[81.07693850200008,6.71712597800007],[81.08301689000007,6.728096715000049],[81.06999730300004,6.737734050000029],[81.05554299500005,6.734599116000027],[81.05087534000006,6.738910198000042],[81.06363783600005,6.759183583000038],[81.05896221000006,6.780244940000046],[81.06395385400003,6.812766797000052],[81.04257824900003,6.790212616000076],[81.02746262300008,6.78952656000007],[81.01558849800006,6.770756177000067],[80.99297974200005,6.768605681000054],[80.96687738400004,6.749344062000034],[80.95830427800007,6.749184663000051],[80.95849608900005,6.754895973000032],[80.94462294600004,6.75299695800004],[80.95116266500008,6.763063],[80.90787995100004,6.777400868000029],[80.87261945300008,6.786833684000044],[80.86723959600005,6.777825550000045],[80.86041019100008,6.778760815000055],[80.85016756000005,6.787150580000059],[80.85456685400004,6.792297060000067],[80.84918399400004,6.804106030000071],[80.83527287700008,6.811549448000051],[80.82541553700008,6.793079797000075],[80.80661943200005,6.791352219000032],[80.81206871800003,6.754124372000035],[80.82545062100007,6.759350845000029],[80.83470120100003,6.74359118600006],[80.85622463800007,6.741082385000027],[80.84841284400005,6.730699881000021],[80.85081680800005,6.718762918000039],[80.81201098900004,6.703193541000076],[80.82403947500006,6.689242138000054],[80.82761557200007,6.668628742000067],[80.84597557900008,6.665718994000031],[80.85526514100007,6.656873493000035],[80.86119014800005,6.665292934000036],[80.88190414500008,6.662682922000045],[80.89031608700003,6.674508549000052],[80.90588209600008,6.677311385000053],[80.91542797000005,6.695307725000021],[80.92489888400007,6.688512555000045]]]}},{"type":"Feature","properties":{"district":"Nuwara Eliya","subdivision":"Hanguranketa","centroid_lon":80.77473,"centroid_lat":7.1227,"risk_modifier":0.4388,"river_prox":0.201,"coast_prox":1.0,"highland":0.807,"zone":"moderate","evac_rank":0,"flood_rank":0},"geometry":{"type":"Polygon","coordinates":[[[80.72660239100009,7.15820446500004],[80.69481187600007,7.109139126000059],[80.71985833500008,7.09383973000007],[80.72426161100003,7.081401806000031],[80.73618809500005,7.074404689000062],[80.74375856000006,7.043672091000076],[80.74181657100007,7.024379228000043],[80.75661614300003,7.007135237000057],[80.77612181900008,7.003047124000034],[80.78888785100008,7.019764011000063],[80.81503582900007,7.014990440000076],[80.81843543600007,7.022811190000027],[80.81102309900007,7.041728121000062],[80.81857644800004,7.043746793000025],[80.82420932800005,7.066491837000058],[80.80771100700008,7.068823032000068],[80.79888022800003,7.083086909000031],[80.79179284800006,7.082232222000073],[80.80400997500004,7.118409912000061],[80.82702240700007,7.130086672000061],[80.84038101100003,7.152818983000031],[80.83735321600005,7.174780062000025],[80.84408602500008,7.173972411000022],[80.83930171100008,7.186443593000035],[80.84424991500003,7.191504698000074],[80.80136250600003,7.203171560000044],[80.79955664700003,7.22657360200003],[80.75024190800008,7.274339687000065],[80.75241711500007,7.250994396000067],[80.76530996800005,7.237352581000039],[80.76923352800003,7.199574455000061],[80.72660239100009,7.15820446500004]]]}},{"type":"Feature","properties":{"district":"Nuwara Eliya","subdivision":"Imbulpe","centroid_lon":80.73233,"centroid_lat":6.71482,"risk_modifier":0.5176,"river_prox":0.239,"coast_prox":1.0,"highland":0.56,"zone":"moderate","evac_rank":0,"flood_rank":0},"geometry":{"type":"Polygon","coordinates":[[[80.61130192100006,6.75944916100002],[80.58767670700007,6.745877957000062],[80.58316868000009,6.727561875000049],[80.59296830600005,6.721083927000052],[80.59062299300007,6.715407482000046],[80.61853994700004,6.714265834000059],[80.63229885400006,6.70627668700007],[80.63154207400004,6.712419941000064],[80.64197847500003,6.710994619000076],[80.64889939200003,6.700242259000049],[80.67452647500005,6.687817626000026],[80.68067157400003,6.675905408000062],[80.70446215700008,6.665518672000076],[80.71862211700005,6.648853592000023],[80.73796028400005,6.649149437000062],[80.75791512800004,6.641212720000055],[80.75662424100005,6.637239534000059],[80.78556876900007,6.631833606000043],[80.79458640800004,6.646048287000042],[80.79290308600008,6.680337492000035],[80.81104622700008,6.670189335000032],[80.82542051500008,6.676651056000026],[80.82383019200006,6.689678810000032],[80.81354447200005,6.695404236000059],[80.81218178200004,6.703620423000075],[80.85051836500008,6.718519775000061],[80.84841284400005,6.730699881000021],[80.85651718600008,6.737140108000062],[80.85393127500004,6.744884274000071],[80.83470120100003,6.74359118600006],[80.82582946800005,6.759214154000063],[80.81206871800003,6.754124372000035],[80.80661943200005,6.791352219000032],[80.78999901200007,6.77310370400005],[80.77337243200003,6.778704797000046],[80.74412798100008,6.756875139000044],[80.73216871200003,6.761829894000073],[80.70269957300007,6.754047942000057],[80.65889268300003,6.761917100000062],[80.65033284000003,6.751338242000031],[80.61130192100006,6.75944916100002]]]}},{"type":"Feature","properties":{"district":"Nuwara Eliya","subdivision":"Kothmale","centroid_lon":80.65379,"centroid_lat":7.03793,"risk_modifier":0.7799,"river_prox":0.978,"coast_prox":1.0,"highland":0.841,"zone":"flood_zone","evac_rank":0,"flood_rank":1},"geometry":{"type":"Polygon","coordinates":[[[80.69027359200004,7.095806023000023],[80.67583762400005,7.093037241000047],[80.66474175400003,7.102379079000059],[80.64796271300008,7.104678223000064],[80.63814821300008,7.101416278000045],[80.63427531200006,7.086839179000037],[80.62537908300004,7.080820840000058],[80.57668666400008,7.071957085000065],[80.56814966900004,7.083155111000053],[80.54136157600004,7.075785330000031],[80.53750478600006,7.05826631900004],[80.54932466100007,7.063335183000049],[80.55899419700006,7.038611443000036],[80.59887940200008,6.996669114000042],[80.59010417900004,6.972835100000054],[80.59994804200005,6.974316017000035],[80.60108717900005,6.984188243000062],[80.61486536600006,6.986053598000069],[80.61641690900007,6.975222520000045],[80.62654515600008,6.974649102000058],[80.62649144700003,6.965693374000068],[80.63526773100006,6.96504082000007],[80.72921182000005,6.992592109000043],[80.72523325300006,7.011985534000075],[80.73118190800005,7.006690770000034],[80.73665175900004,7.012502634000043],[80.75736168500003,7.007571238000025],[80.74181657100007,7.024379228000043],[80.74375856000006,7.043672091000076],[80.73618809500005,7.074404689000062],[80.69891963300006,7.107962737000037],[80.69480016000006,7.109146439000028],[80.69027359200004,7.095806023000023]]]}},{"type":"Feature","properties":{"district":"Nuwara Eliya","subdivision":"Nuwara Eliya","centroid_lon":80.73014,"centroid_lat":6.90671,"risk_modifier":0.6853,"river_prox":0.775,"coast_prox":1.0,"highland":0.853,"zone":"flood_zone","evac_rank":0,"flood_rank":2},"geometry":{"type":"Polygon","coordinates":[[[80.77337243200003,6.778704797000046],[80.78960910200004,6.772906454000065],[80.80118796600004,6.788614758000051],[80.82573635100005,6.793311930000073],[80.83578650300007,6.80962197100007],[80.81996209400006,6.815306170000042],[80.81283473200006,6.827927116000069],[80.83525123800007,6.840223130000027],[80.81908908600008,6.860837768000067],[80.82316449400008,6.874858528000061],[80.81527661300004,6.881188232000056],[80.81071572100007,6.878165445000036],[80.81244715600008,6.891457562000028],[80.80244513100007,6.894155580000074],[80.79583371700005,6.90460188000003],[80.77427743900006,6.912781576000043],[80.77949520500005,6.92107936900004],[80.80996579500004,6.91681909600004],[80.82537866500007,6.925250769000058],[80.83365709300006,6.95480215300006],[80.86196340600003,6.978503096000054],[80.83112048300006,6.994440218000022],[80.83476513200003,7.00795000200003],[80.81929127400008,7.022619110000051],[80.81340766800008,7.014440294000053],[80.78888785100008,7.019764011000063],[80.77068729300004,7.001844856000048],[80.72523325300006,7.011985534000075],[80.72921182000005,6.992592109000043],[80.63526773100006,6.96504082000007],[80.62655422200004,6.965647188000048],[80.62654515600008,6.974649102000058],[80.61355966400004,6.97835225700004],[80.61692935500008,6.985422175000053],[80.60108717900005,6.984188243000062],[80.59994804200005,6.974316017000035],[80.57380041400006,6.961725716000046],[80.58176826700003,6.916986080000072],[80.61262249100008,6.896476643000028],[80.63439342900006,6.90427302300003],[80.63621933100006,6.893618225000068],[80.65131979500006,6.880204567000021],[80.64724434600004,6.87042621300003],[80.65269799600003,6.856211142000063],[80.64548668600008,6.848450918000026],[80.66162455700004,6.84887975700002],[80.70582706800008,6.799800750000031],[80.73227418500005,6.791251416000023],[80.76466251300008,6.798564204000058],[80.77337243200003,6.778704797000046]]]}},{"type":"Feature","properties":{"district":"Nuwara Eliya","subdivision":"Pasbagekorale","centroid_lon":80.53432,"centroid_lat":7.01817,"risk_modifier":0.5517,"river_prox":0.374,"coast_prox":1.0,"highland":0.667,"zone":"moderate","evac_rank":0,"flood_rank":0},"geometry":{"type":"Polygon","coordinates":[[[80.57711232700007,6.944609711000055],[80.57380041400006,6.961725716000046],[80.58666040300005,6.96561527700004],[80.59951135800003,6.995084859000031],[80.55899419700006,7.038611443000036],[80.55275246700006,7.059859880000033],[80.54751478700007,7.064565775000062],[80.53618115600005,7.061068824000074],[80.55512536600008,7.092649053000059],[80.53336747900005,7.092500199000028],[80.51224190200008,7.07184039200007],[80.46411,7.061426452000035],[80.45517341600004,7.032993886000042],[80.46117385300005,7.023738807000029],[80.46540523400006,7.021899012000063],[80.47274693300005,7.036405750000029],[80.50356207900006,7.021942599000056],[80.51469815500008,6.981377943000041],[80.54021237400008,6.960284228000035],[80.54914103400006,6.941149744000029],[80.57711232700007,6.944609711000055]]]}},{"type":"Feature","properties":{"district":"Nuwara Eliya","subdivision":"Uvaparanagama","centroid_lon":80.91539,"centroid_lat":6.96604,"risk_modifier":0.4579,"river_prox":0.207,"coast_prox":1.0,"highland":0.74,"zone":"moderate","evac_rank":0,"flood_rank":0},"geometry":{"type":"Polygon","coordinates":[[[80.95978643400008,7.021858599000041],[80.96475235100007,7.061547478000023],[80.95550738800006,7.06281629700004],[80.94002758600004,7.053339395000023],[80.92707276800007,7.030429029000061],[80.91814845400006,6.990262937000068],[80.89448543100008,6.975784266000062],[80.86196340600003,6.978503096000054],[80.83365709300006,6.95480215300006],[80.82788088500007,6.927879836000045],[80.84894863400007,6.914623162000055],[80.86255559500006,6.919959485000049],[80.88672822600006,6.911933955000052],[80.90229266700004,6.916766586000051],[80.91148580000004,6.906253857000024],[80.91996086600005,6.910757302000036],[80.92236768300006,6.906179747000067],[80.93711293300004,6.916763348000075],[80.95293367700003,6.915861020000023],[80.95670821000004,6.923684112000046],[80.94804972000009,6.927424837000046],[80.96098944300007,6.95768115900006],[80.97440850400005,6.965773922000039],[80.97782185600005,6.975935203000063],[80.98667791900004,6.976966463000053],[80.98188233300004,6.980333090000045],[80.98424602200004,6.996028903000024],[80.97552491300007,7.007155244000046],[80.96638910700005,7.007188883000026],[80.95978643400008,7.021858599000041]]]}},{"type":"Feature","properties":{"district":"Nuwara Eliya","subdivision":"Walapane","centroid_lon":80.88374,"centroid_lat":7.09244,"risk_modifier":0.3625,"river_prox":0.0,"coast_prox":1.0,"highland":0.75,"zone":"safe_zone","evac_rank":1,"flood_rank":0},"geometry":{"type":"Polygon","coordinates":[[[80.81843543600007,7.022811190000027],[80.83476513200003,7.00795000200003],[80.83112048300006,6.994440218000022],[80.87268163300007,6.973989711000058],[80.89469828700004,6.975842141000044],[80.91838804500009,6.990586498000027],[80.92938972400003,7.036808987000029],[80.96286933100004,7.077977454000063],[80.95044878400006,7.090385304000051],[80.94961248300007,7.101548791000027],[80.96419016200008,7.121942729000068],[80.94895882500003,7.129379498000048],[80.95033751500006,7.145245635000038],[80.96065483500007,7.142169164000052],[80.96074759400005,7.158252530000027],[80.94754029300003,7.178242929000021],[80.94394421700008,7.201998075000063],[80.91407585300004,7.202249708000068],[80.83930171100008,7.186443593000035],[80.84415497000003,7.174470105000069],[80.83735321600005,7.174780062000025],[80.84038101100003,7.152818983000031],[80.82702240700007,7.130086672000061],[80.80400997500004,7.118409912000061],[80.79179284800006,7.082232222000073],[80.79888022800003,7.083086909000031],[80.80771100700008,7.068823032000068],[80.82420932800005,7.066491837000058],[80.81857644800004,7.043746793000025],[80.81102309900007,7.041728121000062],[80.81843543600007,7.022811190000027]]]}},{"type":"Feature","properties":{"district":"Nuwara Eliya","subdivision":"Welimada","centroid_lon":80.87863,"centroid_lat":6.86002,"risk_modifier":0.6499,"river_prox":0.615,"coast_prox":1.0,"highland":0.708,"zone":"moderate","evac_rank":0,"flood_rank":0},"geometry":{"type":"Polygon","coordinates":[[[80.94604666800006,6.839872128000025],[80.95742132400005,6.907643543000063],[80.95187973400004,6.91564702200003],[80.93711293300004,6.916763348000075],[80.92236768300006,6.906179747000067],[80.91996086600005,6.910757302000036],[80.91148580000004,6.906253857000024],[80.90229266700004,6.916766586000051],[80.88672822600006,6.911933955000052],[80.86255559500006,6.919959485000049],[80.84894863400007,6.914623162000055],[80.82788088500007,6.927879836000045],[80.81199129800007,6.917186878000052],[80.77987506500006,6.92112740400006],[80.77429582400003,6.913611157000048],[80.81218091300008,6.891709542000058],[80.81005485300005,6.87901677900004],[80.82316449400008,6.874858528000061],[80.81908908600008,6.860837768000067],[80.83533604900003,6.840645987000073],[80.82348351900004,6.829564042000072],[80.81419394200003,6.829893023000068],[80.81413437200007,6.823694910000029],[80.82068634900008,6.814814898000066],[80.84918399400004,6.804106030000071],[80.85456685400004,6.792297060000067],[80.85016756000005,6.787150580000059],[80.86041019100008,6.778760815000055],[80.86723959600005,6.777825550000045],[80.87261945300008,6.786833684000044],[80.90787995100004,6.777400868000029],[80.90947162500004,6.785764981000057],[80.90038531500005,6.790529209000056],[80.91326115700008,6.79751449500003],[80.91135320500007,6.802094228000044],[80.92084768300003,6.805746537000061],[80.94604666800006,6.839872128000025]]]}},{"type":"Feature","properties":{"district":"Polonnaruwa","subdivision":"Dambulla","centroid_lon":80.71766,"centroid_lat":7.87551,"risk_modifier":0.55,"river_prox":0.0,"coast_prox":1.0,"highland":0.0,"zone":"safe_zone","evac_rank":1,"flood_rank":0},"geometry":{"type":"Polygon","coordinates":[[[80.85073675300004,7.962319395000065],[80.82118138700008,7.970004817000074],[80.81184541600004,7.982505279000065],[80.79851946700006,7.976502971000059],[80.79761815700004,7.957947281000031],[80.78417680200005,7.961632703000021],[80.77557183300007,7.966789275000053],[80.77661631500007,7.995633644000065],[80.75361878000007,8.011211374000027],[80.70329961500005,7.990283444000056],[80.67975252800005,7.955323963000069],[80.65557132500004,7.959127815000045],[80.65186462900004,7.913509723000061],[80.63018622200008,7.899950751000063],[80.63618801600006,7.888147037000067],[80.62034014800008,7.882053687000052],[80.61899484200006,7.848304865000046],[80.63678348800005,7.840341179000063],[80.63811571400004,7.827912197000046],[80.62183226000008,7.814865694000048],[80.62104644100003,7.805307129000028],[80.61063627300007,7.802094503000035],[80.61599004100003,7.781509345000075],[80.60499447400008,7.775424466000061],[80.60703865500005,7.754704544000049],[80.61681283100006,7.751476266000054],[80.62238794700005,7.768592670000032],[80.63444538500005,7.763299635000067],[80.64223809500004,7.746423738000033],[80.66452273300007,7.740944894000052],[80.67137341800003,7.755525189000025],[80.67844167700008,7.740774463000037],[80.68678361400003,7.737147899000036],[80.69534688100003,7.741057359000024],[80.70783229000006,7.773226802000067],[80.72011515800006,7.787232410000058],[80.76645495300005,7.807542959000045],[80.76801591100008,7.802127453000026],[80.77875370600003,7.805626233000055],[80.78278818500007,7.799185106000039],[80.79427930700007,7.804027360000021],[80.79137675200008,7.818264287000034],[80.80108277200003,7.821553796000046],[80.80378287200006,7.830514421000032],[80.81566454800003,7.924232360000076],[80.83041726800008,7.954630163000047],[80.85073675300004,7.962319395000065]]]}},{"type":"Feature","properties":{"district":"Polonnaruwa","subdivision":"Dehiattakandiya","centroid_lon":81.08064,"centroid_lat":7.62042,"risk_modifier":0.55,"river_prox":0.0,"coast_prox":1.0,"highland":0.0,"zone":"safe_zone","evac_rank":2,"flood_rank":0},"geometry":{"type":"Polygon","coordinates":[[[81.21261213800005,7.642148578000047],[81.19282943400003,7.657422421000035],[81.18833007800004,7.650728269000069],[81.17557661400008,7.666994203000058],[81.17701918900008,7.653081530000065],[81.16955854400004,7.652160183000035],[81.16987199100004,7.643214645000057],[81.16218692700005,7.648051501000054],[81.14995920900003,7.642617650000034],[81.14522609900007,7.657440242000064],[81.13443511700007,7.654001420000043],[81.11497032400007,7.664358131000029],[81.10202292800005,7.660239883000031],[81.10242630700003,7.676337752000052],[81.09475478100006,7.68485352700003],[81.10774932800007,7.693579617000069],[81.10856341500005,7.704916814000057],[81.10419786700004,7.72155011600006],[81.09497559200008,7.728241863000051],[81.08410108900006,7.72817371900004],[81.06984898200005,7.716092063000076],[81.04908684600008,7.736584065000045],[81.05434204800008,7.721988397000075],[81.03639217600005,7.702878578000025],[81.03294513800006,7.718360651000069],[81.02876321600007,7.714680303000023],[81.02804161900008,7.718163977000074],[81.02641248200007,7.720004402000029],[81.01923253200005,7.711738554000021],[81.00598524700007,7.729746990000024],[81.00162804800004,7.723431533000053],[80.98614557600007,7.725168670000073],[80.99035857500007,7.69781342400006],[80.98598153000006,7.688431900000069],[80.99474565400004,7.659384332000059],[80.97752495600008,7.621320383000068],[80.98394342800003,7.609361012000022],[81.01237148300004,7.593672477000041],[81.01236632600006,7.551036769000063],[81.02697455500004,7.536044674000038],[81.03838713500005,7.504136424000023],[81.07586349400003,7.510628153000027],[81.13112463500005,7.55743755900005],[81.18737898200004,7.572475121000025],[81.20570684500007,7.597478326000044],[81.20363353100004,7.621027516000026],[81.21261213800005,7.642148578000047]]]}},{"type":"Feature","properties":{"district":"Polonnaruwa","subdivision":"Dimbulagala","centroid_lon":81.12328,"centroid_lat":7.78404,"risk_modifier":0.555,"river_prox":0.011,"coast_prox":1.0,"highland":0.0,"zone":"moderate","evac_rank":0,"flood_rank":0},"geometry":{"type":"Polygon","coordinates":[[[81.23568528300007,7.759956487000068],[81.22529509800006,7.776955947000033],[81.22284852900003,7.82076786600004],[81.23022690100004,7.843086108000023],[81.22589015500006,7.875761414000067],[81.23461963900007,7.886849852000068],[81.23550627700007,7.904354412000032],[81.21399854700007,7.871897267000065],[81.17603463900008,7.871182083000065],[81.16169254500005,7.85845071600005],[81.16371747600004,7.889095179000037],[81.15688012300006,7.883799542000077],[81.14915807900007,7.891214437000031],[81.14398107300008,7.907251556000062],[81.12857189600004,7.918332715000076],[81.12440515600008,7.929984034000029],[81.13245500400006,7.942348940000045],[81.12619269400005,7.960748537000029],[81.13374465300006,7.969941310000024],[81.13187932200003,7.978447008000046],[81.12158291200006,7.974323253000023],[81.11619084300008,7.947811051000031],[81.08872028100006,7.920761822000031],[81.08446166600004,7.902408521000041],[81.06208577900009,7.877335267000035],[81.05725774100006,7.849540422000075],[81.02073712200007,7.849475],[80.99987932000005,7.824381350000067],[80.98657415000008,7.823597351000046],[80.98071278200007,7.81269972900003],[80.98614557600007,7.725168670000073],[81.00162804800004,7.723431533000053],[81.00598524700007,7.729746990000024],[81.01923253200005,7.711738554000021],[81.02641248200007,7.720004402000029],[81.02876321600007,7.714680303000023],[81.03294513800006,7.718360651000069],[81.03639217600005,7.702878578000025],[81.05434204800008,7.721988397000075],[81.04908684600008,7.736584065000045],[81.06984898200005,7.716092063000076],[81.08410108900006,7.72817371900004],[81.09497559200008,7.728241863000051],[81.10419786700004,7.72155011600006],[81.10856341500005,7.704916814000057],[81.10774932800007,7.693579617000069],[81.09475478100006,7.68485352700003],[81.10243672900003,7.67629837100003],[81.09917570100004,7.662709975000041],[81.11497032400007,7.664358131000029],[81.13443511700007,7.654001420000043],[81.14522609900007,7.657440242000064],[81.15024513200007,7.642497021000054],[81.16218692700005,7.648051501000054],[81.16987199100004,7.643214645000057],[81.16955854400004,7.652160183000035],[81.17701918900008,7.653081530000065],[81.17509349700003,7.66704333000007],[81.18833007800004,7.650728269000069],[81.19282943400003,7.657422421000035],[81.21261213800005,7.642148578000047],[81.20983163800008,7.652428249000025],[81.21894922400008,7.652460157000064],[81.22175413000008,7.673212510000042],[81.23902874500004,7.681184650000034],[81.23918029500004,7.714913508000052],[81.23223447800007,7.722428205000028],[81.23849429000006,7.73800446000007],[81.23568528300007,7.759956487000068]]]}},{"type":"Feature","properties":{"district":"Polonnaruwa","subdivision":"Elahera","centroid_lon":80.84145,"centroid_lat":7.81504,"risk_modifier":0.8346,"river_prox":0.632,"coast_prox":1.0,"highland":0.0,"zone":"moderate","evac_rank":0,"flood_rank":0},"geometry":{"type":"Polygon","coordinates":[[[80.77875370600003,7.805626233000055],[80.75943812100007,7.791685362000067],[80.76372100100008,7.78528486600004],[80.76141894600005,7.734199602000047],[80.77193667300008,7.705943430000048],[80.76829247100005,7.69130592700003],[80.77746073500003,7.678753045000065],[80.80237089700006,7.678818389000071],[80.80689865100004,7.67103067000005],[80.83557079400003,7.680307802000073],[80.85056939600008,7.701507055000036],[80.85147878300006,7.688569244000064],[80.86783728300009,7.689315064000027],[80.87578954500003,7.681188732000066],[80.90234900400003,7.830004483000039],[80.91377395400008,7.952133958000047],[80.90448381800007,7.959094507000032],[80.90185188800007,7.953515969000023],[80.88141953900004,7.951414831000022],[80.86508760900006,7.975359332000039],[80.86804665200003,7.982167359000073],[80.83619304700005,7.983865194000032],[80.83058216400008,7.970417258000055],[80.85073675300004,7.962319395000065],[80.83041726800008,7.954630163000047],[80.81566454800003,7.924232360000076],[80.80134675700003,7.822151964000057],[80.79137675200008,7.818264287000034],[80.79427930700007,7.804027360000021],[80.78321407000004,7.799185095000041],[80.77875370600003,7.805626233000055]]]}},{"type":"Feature","properties":{"district":"Polonnaruwa","subdivision":"Higurakgoda","centroid_lon":80.86735,"centroid_lat":8.11265,"risk_modifier":0.55,"river_prox":0.0,"coast_prox":1.0,"highland":0.0,"zone":"moderate","evac_rank":0,"flood_rank":0},"geometry":{"type":"Polygon","coordinates":[[[80.83058216400008,7.970417258000055],[80.83619304700005,7.983865194000032],[80.86633419900005,7.982889035000028],[80.86508760900006,7.975359332000039],[80.87809391000008,7.961893814000064],[80.87628849100008,7.955024041000058],[80.88960195000004,7.950812069000051],[80.90498544300004,7.959016631000054],[80.91377395400008,7.952133958000047],[80.91296059300004,7.939228932000049],[80.93598612700004,7.955425866000041],[80.95071143300004,7.956631218000041],[80.96062774700005,7.975513697000054],[80.98834549300005,7.994035389000032],[80.98270063800004,8.00552859100003],[80.99837875200006,8.011818326000025],[81.01354134300004,8.030651243000023],[81.01314080900005,8.047452794000037],[80.99697642900009,8.050166184000034],[81.00471904600005,8.065122469000073],[81.02413968600007,8.068917533000047],[81.00139916200004,8.07762165400004],[80.99629446400007,8.087681961000044],[80.97949700800007,8.08705651300005],[80.97839342400005,8.09816128500006],[80.98841721500008,8.105172372000027],[80.97863959000006,8.107862932000046],[80.97000856300008,8.09404054600003],[80.94638421300004,8.091559464000056],[80.94785745800004,8.074166804000072],[80.93260345600004,8.068578219000074],[80.93045771600003,8.087591988000042],[80.93617819000008,8.103295084000024],[80.90460232100008,8.102748396000038],[80.90216922400003,8.117427981000048],[80.87562358600007,8.134139950000076],[80.88929641100003,8.144510628000035],[80.90629666300003,8.18726907100006],[80.90445596300003,8.202627821000021],[80.91833185800004,8.201851420000025],[80.92844072700007,8.209445280000068],[80.93478579800006,8.239636013000052],[80.93034929300006,8.248629145000052],[80.95240798600008,8.305818980000026],[80.96668356400005,8.316965183000036],[80.95854315500003,8.32486248300006],[80.94987045500005,8.321675481000057],[80.93323140600006,8.345351438000023],[80.90962389100008,8.32529708100003],[80.89796690100007,8.279675643000076],[80.80384415300006,8.278637149000076],[80.79307142900007,8.25352986200005],[80.78443695100003,8.204163569000059],[80.75820751600008,8.150742251000054],[80.75502075300005,8.069847462000041],[80.76827056300004,8.06771856000006],[80.76860388100005,8.05825989400006],[80.75584143300006,8.043133082000054],[80.76187896900007,8.018881061000059],[80.75365723600004,8.011049964000051],[80.77661631500007,7.995633644000065],[80.77557183300007,7.966789275000053],[80.78417680200005,7.961632703000021],[80.79761815700004,7.957947281000031],[80.79851946700006,7.976502971000059],[80.81184541600004,7.982505279000065],[80.82118138700008,7.970004817000074],[80.83058216400008,7.970417258000055]]]}},{"type":"Feature","properties":{"district":"Polonnaruwa","subdivision":"Koralai Pattu North","centroid_lon":81.39209,"centroid_lat":8.08184,"risk_modifier":0.55,"river_prox":0.0,"coast_prox":1.0,"highland":0.0,"zone":"moderate","evac_rank":0,"flood_rank":0},"geometry":{"type":"MultiPolygon","coordinates":[[[[81.46220496200004,8.110211510000056],[81.46128423900007,8.112226508000049],[81.46029197300004,8.110173061000069],[81.46220496200004,8.110211510000056]]],[[[81.43986825000007,8.109426762000055],[81.44314293100007,8.114852964000022],[81.44247946800004,8.118019091000065],[81.43844158800005,8.113200900000038],[81.43986825000007,8.109426762000055]]],[[[81.54335758000008,7.946964997000066],[81.53768330000008,7.969008966000047],[81.55158174500008,7.985601260000067],[81.55011552000008,7.992102189000036],[81.52480292900003,7.984948109000072],[81.49151730800008,8.00998245300002],[81.47245961100003,8.039158997000072],[81.45675997300003,8.088494040000057],[81.45766054600006,8.110292973000071],[81.43746228800006,8.137698416000035],[81.43050165600005,8.166961350000065],[81.43488271300004,8.178745180000021],[81.42342420800009,8.189166723000028],[81.40174418600003,8.265744924000046],[81.39435026800004,8.248087603000045],[81.39080472300003,8.261357274000034],[81.38390505900009,8.253145901000039],[81.37141571700005,8.252715907000038],[81.35272862700003,8.257185397000057],[81.35216587800005,8.268586498000047],[81.32185500600008,8.261785547000045],[81.30943446300006,8.25164677400005],[81.30468405600004,8.028895146000025],[81.33367048000008,7.963684740000076],[81.41231915700007,7.963687349000054],[81.43082561300008,7.951566865000075],[81.45469729000007,7.951673171000039],[81.46886617100006,7.944668688000036],[81.52044251900008,7.945926052000061],[81.52340429400004,7.933666052000035],[81.54335758000008,7.946964997000066]],[[81.37688897500004,8.182150439000054],[81.38176533300003,8.19973445000005],[81.39090349500003,8.195493760000033],[81.38981652200005,8.18993404400004],[81.39747269400004,8.192582350000066],[81.40238303700005,8.149771085000054],[81.42481400200006,8.100495434000038],[81.43205858400006,8.09687092300004],[81.43833132000003,8.101787648000027],[81.43592866600005,8.104490635000047],[81.44025360200004,8.12218926600002],[81.43425882200006,8.135373991000051],[81.43075477500008,8.148966486000063],[81.43088540600007,8.153037066000024],[81.43199702200008,8.153376473000037],[81.43818802500004,8.131704654000032],[81.44541217500006,8.115844276000075],[81.43368753900006,8.072803065000073],[81.44398856900006,8.070411043000036],[81.44471974900006,8.065220262000025],[81.44285667900004,8.070385155000054],[81.42907018300008,8.070270992000076],[81.43325479400005,8.092996440000036],[81.41805801200007,8.095398429000056],[81.40563351900005,8.105466685000067],[81.40288575300008,8.132513085000028],[81.38420253400005,8.139637969000034],[81.37688897500004,8.182150439000054]]]]}},{"type":"Feature","properties":{"district":"Polonnaruwa","subdivision":"Lankapura","centroid_lon":81.09354,"centroid_lat":8.05736,"risk_modifier":0.95,"river_prox":0.952,"coast_prox":1.0,"highland":0.0,"zone":"flood_zone","evac_rank":0,"flood_rank":2},"geometry":{"type":"Polygon","coordinates":[[[81.13187932200003,7.978447008000046],[81.13587659700005,7.991675746000055],[81.13134317100008,8.002860417000022],[81.14723592600006,8.017478735000054],[81.13843904000004,8.025115994000032],[81.14619134500003,8.042372930000056],[81.14599510000005,8.06148723900003],[81.15377713500004,8.076368870000067],[81.16131126200008,8.075509465000039],[81.16176952700005,8.08466633100005],[81.16821745400006,8.081655526000077],[81.17379928000008,8.105761037000036],[81.18660031400003,8.122338236000076],[81.18090612800006,8.12775165100004],[81.18879626300009,8.132194135000077],[81.18062437000003,8.150470433000066],[81.17194603300004,8.14935627400007],[81.16194531100007,8.134119235000071],[81.13315687400006,8.135195673000055],[81.12401464100003,8.118200927000032],[81.12737556900004,8.109489652000036],[81.11787966900005,8.104904212000065],[81.11747605100004,8.092960821000077],[81.10748903500007,8.079987188000075],[81.08773452000008,8.084724657000038],[81.08941714700006,8.10371217100004],[81.07143651200005,8.097714231000054],[81.05658408900007,8.102612177000026],[81.04353548100005,8.099162453000076],[81.03576108500005,8.106923451000057],[81.01713830600005,8.104733207000038],[81.01102315100007,8.092031134000024],[81.01815161200005,8.088489425000034],[81.01611808300004,8.07487123900006],[81.02412877300003,8.068881275000024],[81.00471904600005,8.065122469000073],[80.99697642900009,8.050166184000034],[81.01310345000007,8.047494053000037],[81.01186045700007,8.024547661000042],[81.02482538100008,8.025574862000042],[81.02793743900008,8.009974925000051],[81.05613564600003,7.993638997000062],[81.06401257900006,7.991335913000057],[81.09221886500006,8.004914573000065],[81.09935593000006,7.986104018000049],[81.09083043600003,7.985796674000028],[81.09022405800005,7.979423458000042],[81.10734181300006,7.973616653000022],[81.13187932200003,7.978447008000046]]]}},{"type":"Feature","properties":{"district":"Polonnaruwa","subdivision":"Medirigiriya","centroid_lon":81.03796,"centroid_lat":8.1839,"risk_modifier":0.74,"river_prox":0.422,"coast_prox":1.0,"highland":0.0,"zone":"moderate","evac_rank":0,"flood_rank":0},"geometry":{"type":"Polygon","coordinates":[[[81.01625201800005,8.074691794000046],[81.01836488200007,8.088065985000071],[81.01110097600008,8.091866631000073],[81.01179619100003,8.09905168000006],[81.03205475500005,8.107123131000037],[81.04548258200003,8.09892188300006],[81.07574912000007,8.098141724000072],[81.08941714700006,8.10371217100004],[81.08773452000008,8.084724657000038],[81.10764754500008,8.080044482000062],[81.11747605100004,8.092960821000077],[81.11787966900005,8.104904212000065],[81.12737556900004,8.109489652000036],[81.12401464100003,8.118200927000032],[81.13315687400006,8.135195673000055],[81.16134004600008,8.133961900000031],[81.17260935200005,8.149804644000028],[81.18318089000007,8.145518774000038],[81.19678693600008,8.161651722000045],[81.20348661500003,8.161443655000028],[81.21112900300005,8.180054925000036],[81.20081451900006,8.18318636500004],[81.20388209600003,8.214203600000076],[81.19442828000007,8.231708582000067],[81.18427796400005,8.226857297000038],[81.16457230500004,8.23301562100005],[81.13970023600007,8.25893276100004],[81.12447148000007,8.263488633000065],[81.10677146200004,8.254865344000052],[81.07639535000004,8.272429756000065],[81.03712128900008,8.278602941000031],[80.98632354000006,8.272444776000043],[80.97862894800005,8.312340017000054],[80.96668356400005,8.316965183000036],[80.95240798600008,8.305818980000026],[80.93034929300006,8.248629145000052],[80.93478579800006,8.239636013000052],[80.92844072700007,8.209445280000068],[80.91833185800004,8.201851420000025],[80.90445596300003,8.202627821000021],[80.90629666300003,8.18726907100006],[80.88929641100003,8.144510628000035],[80.87562358600007,8.134139950000076],[80.90216922400003,8.117427981000048],[80.90460232100008,8.102748396000038],[80.93617819000008,8.103295084000024],[80.93045771600003,8.087591988000042],[80.93260345600004,8.068578219000074],[80.94785745800004,8.074166804000072],[80.94638421300004,8.091559464000056],[80.97000856300008,8.09404054600003],[80.97863959000006,8.107862932000046],[80.98841778400003,8.105048569000076],[80.98123193600009,8.102680916000054],[80.97675747600005,8.089420829000062],[80.99601338200006,8.087789644000054],[81.00139916200004,8.07762165400004],[81.01625201800005,8.074691794000046]]]}},{"type":"Feature","properties":{"district":"Polonnaruwa","subdivision":"Palugaswewa","centroid_lon":80.71805,"centroid_lat":8.08121,"risk_modifier":0.55,"river_prox":0.0,"coast_prox":1.0,"highland":0.0,"zone":"moderate","evac_rank":0,"flood_rank":0},"geometry":{"type":"Polygon","coordinates":[[[80.70329961500005,7.990283444000056],[80.76187896900007,8.018881061000059],[80.75584143300006,8.043133082000054],[80.76860388100005,8.05825989400006],[80.76827056300004,8.06771856000006],[80.75502075300005,8.069847462000041],[80.75820751600008,8.150742251000054],[80.78443695100003,8.204163569000059],[80.78750049000007,8.230111900000054],[80.75058373000007,8.222093710000024],[80.74650127800004,8.212891932000048],[80.73909639000004,8.216308989000026],[80.73185789400003,8.205895959000031],[80.74098178200006,8.196710048000057],[80.73645825700004,8.19336942800004],[80.73275768900004,8.198242745000073],[80.72966985300008,8.189738440000042],[80.72838992000004,8.192159055000047],[80.71508177700008,8.192485340000076],[80.72137069000007,8.173207510000054],[80.72634842900004,8.176714063000077],[80.73432248500006,8.169761476000076],[80.72769318100006,8.131418128000064],[80.70273547000005,8.120998970000073],[80.68976203900007,8.108244042000024],[80.66384666900007,8.10929174000006],[80.67253343500005,8.093003133000025],[80.66290690600005,8.084823079000046],[80.66313230700007,8.068546757000036],[80.64922459300004,8.064193627000066],[80.66452520100006,8.037519656000029],[80.66049600600007,8.002282689000026],[80.66678907900007,7.993102056000055],[80.65472067400003,7.99008599800004],[80.65741796900005,7.958480684000051],[80.67975252800005,7.955323963000069],[80.70329961500005,7.990283444000056]]]}},{"type":"Feature","properties":{"district":"Polonnaruwa","subdivision":"Thamankaduwa","centroid_lon":80.98491,"centroid_lat":7.87709,"risk_modifier":0.95,"river_prox":0.938,"coast_prox":1.0,"highland":0.0,"zone":"flood_zone","evac_rank":0,"flood_rank":1},"geometry":{"type":"Polygon","coordinates":[[[80.98614557600007,7.725168670000073],[80.98227084800004,7.817148637000059],[80.98657415000008,7.823597351000046],[80.99987932000005,7.824381350000067],[81.02073712200007,7.849475],[81.05725774100006,7.849540422000075],[81.06031686000006,7.874273969000058],[81.08446166600004,7.902408521000041],[81.08872028100006,7.920761822000031],[81.10710699500004,7.933964803000038],[81.12291860600004,7.967616515000032],[81.12328741900006,7.975278962000061],[81.10195762700005,7.973905139000067],[81.09022405800005,7.979423458000042],[81.09083043600003,7.985796674000028],[81.09892156900008,7.984589709000034],[81.09935593000006,7.986104018000049],[81.09221886500006,8.004914573000065],[81.06069866300004,7.991959031000022],[81.02793743900008,8.009974925000051],[81.02742592700008,8.021914279000043],[81.02040855000007,8.027523676000044],[81.00833043400007,8.026337068000032],[80.99837875200006,8.011818326000025],[80.98270063800004,8.00552859100003],[80.98834549300005,7.994035389000032],[80.96062774700005,7.975513697000054],[80.95071143300004,7.956631218000041],[80.93598612700004,7.955425866000041],[80.93138647200004,7.947435345000031],[80.91327061500004,7.940088595000077],[80.88991547100005,7.742974590000074],[80.88087621500006,7.715066442000023],[80.90316901400007,7.715901949000056],[80.92616680200007,7.708295230000033],[80.97808112000007,7.715626774000043],[80.98614557600007,7.725168670000073]]]}},{"type":"Feature","properties":{"district":"Polonnaruwa","subdivision":"Wilgamuwa","centroid_lon":80.92695,"centroid_lat":7.60269,"risk_modifier":0.6305,"river_prox":0.198,"coast_prox":1.0,"highland":0.034,"zone":"moderate","evac_rank":0,"flood_rank":0},"geometry":{"type":"Polygon","coordinates":[[[80.98648157400004,7.720204009000042],[80.92616680200007,7.708295230000033],[80.90316901400007,7.715901949000056],[80.88205828200006,7.712795541000048],[80.87334473900006,7.676070081000034],[80.86816222100003,7.589319191000072],[80.87295235000005,7.588588625000057],[80.88750806100006,7.48271765100003],[80.90470052800003,7.457582602000059],[80.90741656900008,7.464526811000042],[80.91589754500006,7.46197552700005],[80.92986951200004,7.480757007000022],[80.92935829200007,7.489268877000029],[80.97187332800007,7.488106072000051],[80.96972393700008,7.571462894000035],[80.97818191900006,7.626482465000038],[80.99474565400004,7.659384332000059],[80.98598153000006,7.688431900000069],[80.99035857500007,7.69781342400006],[80.98648157400004,7.720204009000042]]]}},{"type":"Feature","properties":{"district":"Puttalam","subdivision":"Mundel","centroid_lon":79.8125,"centroid_lat":7.85793,"risk_modifier":0.5569,"river_prox":0.015,"coast_prox":1.0,"highland":0.0,"zone":"moderate","evac_rank":0,"flood_rank":0},"geometry":{"type":"Polygon","coordinates":[[[79.82016520900004,7.966859501000044],[79.80848056800005,7.968581996000069],[79.80360299300008,7.950096798000061],[79.79300271900007,7.958441710000045],[79.79139936800004,7.944254308000041],[79.77647003900006,7.944505793000076],[79.77648214700008,7.953333598000029],[79.75868820600004,7.961123832000055],[79.75502943100008,7.940025097000046],[79.76120977600004,7.92989865800007],[79.74769996700007,7.927897872000074],[79.74268238400003,7.934098049000056],[79.79056012100006,7.728386159000024],[79.79976259500006,7.723418815000059],[79.80471140500003,7.72918699500002],[79.79965991300008,7.750378802000057],[79.81944750800005,7.745159589000025],[79.81960875500005,7.737990964000062],[79.83567592800006,7.732749753000064],[79.84976218000008,7.735452796000061],[79.85208918000006,7.743498375000058],[79.87107622500008,7.742837401000031],[79.86857111900008,7.78022696000005],[79.83957220400004,7.768059342000072],[79.83426926900006,7.775701776000062],[79.84578567100004,7.781077933000063],[79.84372302900005,7.811652104000075],[79.85063490700009,7.828704909000066],[79.86475986900007,7.841997753000044],[79.85500688200005,7.868400103000056],[79.88512196100004,7.933106424000073],[79.87862937100005,7.931370769000068],[79.85765370700005,7.944098592000046],[79.84700033100006,7.940278814000067],[79.85191059700009,7.950370917000043],[79.82014718600004,7.960105978000058],[79.82016520900004,7.966859501000044]]]}},{"type":"Feature","properties":{"district":"Puttalam","subdivision":"Anamaduwa","centroid_lon":79.99766,"centroid_lat":7.90536,"risk_modifier":0.7329,"river_prox":0.406,"coast_prox":1.0,"highland":0.0,"zone":"moderate","evac_rank":0,"flood_rank":0},"geometry":{"type":"Polygon","coordinates":[[[79.99614876000004,7.962207819000071],[79.96586042800004,7.961370962000046],[79.95456827600003,7.969852511000056],[79.94923391600008,7.987724859000025],[79.92035380200008,8.001254446000075],[79.90890374000008,7.976140816000054],[79.91630740900007,7.966193561000068],[79.91643206100008,7.943375558000071],[79.92662509900003,7.941022219000047],[79.93157687000007,7.924404302000028],[79.92520821900007,7.917446163000022],[79.93104508500005,7.911521373000028],[79.92441024400006,7.901299896000069],[79.92763210700008,7.873605775000044],[79.93964186500006,7.875958021000031],[79.94321172200006,7.867107678000025],[79.93265643000007,7.857595900000035],[79.95062922300008,7.850195456000051],[79.95847652700007,7.85577213800002],[79.97125770700006,7.829811403000065],[79.95478176000006,7.809014608000041],[79.96347760500004,7.78542419300004],[79.97702750700006,7.793999976000066],[79.99261391000005,7.793489613000077],[79.99645103400007,7.811481247000074],[80.00948424400008,7.815033931000073],[80.00571345200007,7.832569768000042],[80.03603207300006,7.844478809000066],[80.04013329000009,7.866054722000058],[80.06482282900004,7.873792276000074],[80.06453507900005,7.888167822000071],[80.07204821600004,7.893461989000059],[80.07037901800004,7.913721882000061],[80.09170115400008,7.921245878000036],[80.09590095900006,7.913871649000043],[80.10655475600004,7.929751485000054],[80.10756728700005,7.951411740000026],[80.10172304200006,7.956489690000069],[80.08082640600009,7.956125531000055],[80.06213275500005,7.964817405000076],[80.03715267100006,7.954340789000071],[80.01024847900004,7.968892453000024],[79.99614876000004,7.962207819000071]]]}},{"type":"Feature","properties":{"district":"Puttalam","subdivision":"Arachchikattuwa","centroid_lon":79.84657,"centroid_lat":7.67785,"risk_modifier":0.55,"river_prox":0.0,"coast_prox":1.0,"highland":0.0,"zone":"safe_zone","evac_rank":1,"flood_rank":0},"geometry":{"type":"Polygon","coordinates":[[[79.79056012100006,7.728386159000024],[79.79783534300003,7.626858619000075],[79.79439113500007,7.611787140000047],[79.78393551900007,7.603892403000032],[79.80171179300004,7.61399392800007],[79.80088200100005,7.603125619000025],[79.81843831900005,7.599376225000071],[79.82070739000005,7.611513292000041],[79.82778106200004,7.608911549000027],[79.83426351500003,7.615715339000076],[79.84429578800007,7.609918096000058],[79.84841680600005,7.621995120000065],[79.87333659600006,7.621067942000025],[79.88149305400003,7.631132587000025],[79.90376241400008,7.616422045000036],[79.89803415800003,7.660805850000031],[79.91090490800008,7.725463793000074],[79.89075052700008,7.720304240000075],[79.89379590800007,7.732562333000033],[79.88785549900007,7.732611281000061],[79.88625519500005,7.739561071000026],[79.85214925900004,7.743511435000073],[79.84976218000008,7.735452796000061],[79.83567592800006,7.732749753000064],[79.80001482500006,7.750422676000028],[79.80320481500007,7.724085179000042],[79.79056012100006,7.728386159000024]]]}},{"type":"Feature","properties":{"district":"Puttalam","subdivision":"Chilaw","centroid_lon":79.83598,"centroid_lat":7.57893,"risk_modifier":0.55,"river_prox":0.0,"coast_prox":1.0,"highland":0.0,"zone":"safe_zone","evac_rank":2,"flood_rank":0},"geometry":{"type":"Polygon","coordinates":[[[79.78393551900007,7.603892403000032],[79.79095213200003,7.519632347000027],[79.81152976300007,7.519155610000041],[79.81211146500004,7.511848791000034],[79.82395979700004,7.515232888000071],[79.82261769300004,7.53498406600005],[79.83031398700007,7.538087613000073],[79.83590833400007,7.559614616000033],[79.84078763000008,7.562596687000052],[79.84566291900006,7.553685205000022],[79.84549341300004,7.559315496000067],[79.86405310500004,7.555973771000026],[79.87295770800006,7.563204219000056],[79.87258387400004,7.578782506000039],[79.89628029000005,7.589845957000023],[79.90252052000005,7.587448021000057],[79.90573309200005,7.593377537000038],[79.90376241400008,7.616422045000036],[79.88407396600007,7.631116199000076],[79.86502297000004,7.618931437000072],[79.84841680600005,7.621995120000065],[79.84429578800007,7.609918096000058],[79.83426351500003,7.615715339000076],[79.82778106200004,7.608911549000027],[79.82070739000005,7.611513292000041],[79.81843831900005,7.599376225000071],[79.80088200100005,7.603125619000025],[79.80171179300004,7.61399392800007],[79.78393551900007,7.603892403000032]]]}},{"type":"Feature","properties":{"district":"Puttalam","subdivision":"Kalpitiya","centroid_lon":79.74001,"centroid_lat":8.12423,"risk_modifier":0.55,"river_prox":0.0,"coast_prox":1.0,"highland":0.0,"zone":"moderate","evac_rank":0,"flood_rank":0},"geometry":{"type":"MultiPolygon","coordinates":[[[[79.74612727000004,8.176558002000036],[79.74921015900003,8.175554661000035],[79.74861198600007,8.177307537000047],[79.74612727000004,8.176558002000036]]],[[[79.74651301700004,8.178706236000039],[79.74722381600003,8.178948099000024],[79.74706055300004,8.179870857000026],[79.74651301700004,8.178706236000039]]],[[[79.75254506700009,8.179370605000031],[79.75508712100003,8.178815597000039],[79.75327300700008,8.180440825000062],[79.75254506700009,8.179370605000031]]],[[[79.77699694300009,8.189062473000035],[79.77291737000007,8.192503729000066],[79.77319494400007,8.186777574000075],[79.75350161600005,8.17416426400007],[79.75317786600004,8.172925614000064],[79.77699694300009,8.189062473000035]]],[[[79.76862121400006,8.213838076000059],[79.76295524400007,8.212542638000059],[79.76330329900003,8.209852008000041],[79.76668635700008,8.20727809500005],[79.76862121400006,8.213838076000059]]],[[[79.78257528800003,8.217187797000065],[79.77980353900006,8.215675973000032],[79.78335316800008,8.214788528000042],[79.78257528800003,8.217187797000065]]],[[[79.77611525400005,8.232884476000038],[79.77705735600006,8.237960326000064],[79.77614418200005,8.236273098000026],[79.77611525400005,8.232884476000038]]],[[[79.77783450100003,8.240510174000065],[79.77877093600006,8.241211344000021],[79.77751832100006,8.24034193500006],[79.77783450100003,8.240510174000065]]],[[[79.77289020100005,8.244763781000074],[79.77425504000007,8.245258697000054],[79.77345451800005,8.245558523000057],[79.77289020100005,8.244763781000074]]],[[[79.78376305600005,8.267862837000052],[79.77478063000007,8.274757334000071],[79.77268358700007,8.268602973000043],[79.77957647900007,8.262068448000036],[79.78376305600005,8.267862837000052]]],[[[79.78401817400004,8.27377712200007],[79.78416988600003,8.27494155100004],[79.78335721200006,8.274731582000072],[79.78401817400004,8.27377712200007]]],[[[79.75930308200003,8.278297375000022],[79.76095002100004,8.274211276000074],[79.76676972100006,8.276192109000021],[79.76603291600009,8.278256958000043],[79.75930308200003,8.278297375000022]]],[[[79.77036678100006,8.272842217000061],[79.77184082400004,8.274046390000024],[79.76990780200003,8.278509109000026],[79.77036678100006,8.272842217000061]]],[[[79.78805236000005,8.28377546400003],[79.79309224000008,8.283508797000025],[79.78778922900005,8.285807261000059],[79.78805236000005,8.28377546400003]]],[[[79.80012204700006,8.304248804000053],[79.79290684200004,8.305750363000072],[79.79151163400007,8.303717921000043],[79.79157822700006,8.298793124000042],[79.79368974900007,8.294821756000033],[79.79637127700005,8.293926661000057],[79.79339291700006,8.30489989800003],[79.79923924800005,8.302780316000053],[79.80012204700006,8.304248804000053]]],[[[79.80817591000005,8.33864044400002],[79.79746795200003,8.341765552000027],[79.80462125500003,8.320130294000023],[79.81179604800008,8.32000305500003],[79.80330516700008,8.326882348000026],[79.80793416600005,8.332634546000065],[79.80313902300009,8.337913549000064],[79.80817591000005,8.33864044400002]]],[[[79.82016520900004,7.966859501000044],[79.81977447200006,7.979890875000024],[79.78599006500008,7.978389137000022],[79.74798699400003,7.990448951000076],[79.73413359600005,8.014940814000056],[79.74296533800003,8.034369347000052],[79.73974489300008,8.054299408000077],[79.75293327700007,8.063124220000077],[79.73720254600005,8.070610166000051],[79.72883915200003,8.085385319000068],[79.73388713300005,8.106789783000067],[79.72499640800004,8.12216502900003],[79.72585334600006,8.137405253000054],[79.73684798100004,8.14392261300003],[79.74428059000007,8.165822330000026],[79.74098570700005,8.175097060000041],[79.74721097500003,8.181772284000033],[79.73549412800008,8.201413023000043],[79.75391587500008,8.22458057600005],[79.76680623000004,8.216958934000047],[79.76350799200003,8.241479619000074],[79.77461699300005,8.261124536000068],[79.76515699000004,8.262881477000064],[79.73803400400004,8.230654836000042],[79.72908636000005,8.228178411000044],[79.73860088500004,8.244974029000048],[79.73673470600005,8.249895750000064],[79.75112514700004,8.248287583000035],[79.75453196600006,8.252732704000039],[79.75453169000008,8.253407856000024],[79.75108967800008,8.248774394000066],[79.75042363500006,8.251274840000065],[79.74869527800007,8.248843789000034],[79.74716362900006,8.250855026000067],[79.76157896000007,8.268098121000037],[79.75425817400009,8.273007722000045],[79.75675303200006,8.267531366000071],[79.74833661400004,8.263837175000049],[79.75651542700007,8.276700471000026],[79.75044137600008,8.284921922000024],[79.76550677400007,8.300930659000073],[79.75605617200006,8.302884337000023],[79.77978013100005,8.357050981000043],[79.78301679600008,8.370385330000033],[79.77712138100003,8.377550394000025],[79.78373748300004,8.383658438000055],[79.77260874000007,8.376372240000023],[79.77063374800008,8.347871920000046],[79.74253613600007,8.281546925000043],[79.73196070300008,8.233701938000024],[79.71284502900005,8.218275964000043],[79.69917758500003,8.219919230000073],[79.69021295400006,8.207407087000036],[79.70282090600006,8.156059028000072],[79.69911979300008,8.112332363000064],[79.70517354000003,8.090578167000047],[79.70391808300008,8.056909116000043],[79.74268238400003,7.934098049000056],[79.74769996700007,7.927897872000074],[79.76120977600004,7.92989865800007],[79.75502943100008,7.940025097000046],[79.75868820600004,7.961123832000055],[79.77648214700008,7.953333598000029],[79.77647003900006,7.944505793000076],[79.79139936800004,7.944254308000041],[79.79300271900007,7.958441710000045],[79.80360299300008,7.950096798000061],[79.80848056800005,7.968581996000069],[79.82016520900004,7.966859501000044]]],[[[79.78588567700007,8.54714223600007],[79.78052653500004,8.542011101000071],[79.78400687800007,8.525122889000045],[79.77412580200007,8.50186756200003],[79.78411926100006,8.46899429900003],[79.79760291100007,8.449298309000028],[79.80403222100006,8.44508257900003],[79.80390848000008,8.406261283000049],[79.80835147300007,8.403111528000068],[79.80683397400009,8.448212625000053],[79.78903061700004,8.46382141500004],[79.77811232700003,8.492810984000073],[79.78587212700006,8.510079434000033],[79.78588567700007,8.54714223600007]]]]}},{"type":"Feature","properties":{"district":"Puttalam","subdivision":"Karuwalagaswewa","centroid_lon":79.99801,"centroid_lat":8.11838,"risk_modifier":0.55,"river_prox":0.0,"coast_prox":1.0,"highland":0.0,"zone":"moderate","evac_rank":0,"flood_rank":0},"geometry":{"type":"Polygon","coordinates":[[[79.99614876000004,7.962207819000071],[79.99970838500008,7.979897748000042],[80.01836626500005,7.994321891000027],[80.04230365500007,8.040147621000074],[80.05418474200007,8.08171644500004],[80.08435835400007,8.07531195200005],[80.12354042500004,8.081987825000056],[80.11293441600003,8.096332683000071],[80.10576439200008,8.151536604000057],[80.09779987300004,8.160397278000062],[80.10186248900004,8.18936504800007],[80.09411242200008,8.208625488000052],[80.08417604200008,8.210627947000035],[80.07651998700004,8.223121007000032],[80.06095713500008,8.218947101000026],[80.03527694400003,8.236271049000038],[80.01612218300005,8.224381099000027],[79.95539779200004,8.242552317000047],[79.94529233500003,8.277887293000049],[79.92453962500008,8.287240156000053],[79.92344485900009,8.20814815500006],[79.93882290400006,8.20723502100003],[79.94050626800004,8.193812266000066],[79.93442681300007,8.172049344000072],[79.92361711500007,8.167866875000072],[79.92440080000006,8.115996633000066],[79.90493282300008,8.115079724000054],[79.90118509100006,8.103032817000042],[79.88184472800003,8.105014225000048],[79.87728614700006,8.098292452000067],[79.91338856700008,8.070013104000054],[79.92080111800004,8.047074622000025],[79.91239331600008,8.01935678700005],[79.91869346200008,8.00119260100007],[79.94923391600008,7.987724859000025],[79.95456827600003,7.969852511000056],[79.96586042800004,7.961370962000046],[79.99614876000004,7.962207819000071]]]}},{"type":"Feature","properties":{"district":"Puttalam","subdivision":"Kotawehera","centroid_lon":80.12236,"centroid_lat":7.86547,"risk_modifier":0.6664,"river_prox":0.259,"coast_prox":1.0,"highland":0.0,"zone":"moderate","evac_rank":0,"flood_rank":0},"geometry":{"type":"Polygon","coordinates":[[[80.16754108700007,7.949078428000064],[80.15927962600006,7.957620622000036],[80.14200480900007,7.956633865000072],[80.14589653100006,7.941177219000053],[80.13065547200006,7.93406002100005],[80.11998403400008,7.946313764000024],[80.10783245300007,7.949788343000023],[80.10655475600004,7.929751485000054],[80.09650029300008,7.914255430000026],[80.09170115400008,7.921245878000036],[80.07037901800004,7.913721882000061],[80.07204821600004,7.893461989000059],[80.06453507900005,7.888167822000071],[80.06482282900004,7.873792276000074],[80.05006793300004,7.872663377000038],[80.03570622900008,7.859204322000039],[80.03551988800007,7.832876611000074],[80.04881907500004,7.840080673000045],[80.06680715300007,7.839746680000076],[80.06472150800005,7.83152063600005],[80.04537909200008,7.823439725000071],[80.04798131500007,7.819776309000076],[80.05947296000005,7.819245559000024],[80.07804891700005,7.803686862000063],[80.09013295400007,7.821338921000063],[80.10477698900007,7.823952127000041],[80.12404909600008,7.811555201000033],[80.12447045500005,7.802856878000057],[80.11869876200007,7.801751607000028],[80.12583165400008,7.796475033000036],[80.14164912800004,7.800427568000032],[80.14535739900003,7.796283822000021],[80.14472800400006,7.802959672000043],[80.15313828400008,7.806845903000067],[80.15950456100006,7.798702965000075],[80.17337714600006,7.805976343000054],[80.18038181600008,7.794401736000054],[80.19579279900006,7.804772803000048],[80.20082048200004,7.815356883000049],[80.19378672200008,7.83642681300006],[80.20010690200007,7.842880454000067],[80.17855878500006,7.861773525000046],[80.16201398600003,7.901769662000049],[80.15780973000005,7.932324140000048],[80.16240769200004,7.931651866000038],[80.16754108700007,7.949078428000064]]]}},{"type":"Feature","properties":{"district":"Puttalam","subdivision":"Mahakumbukkadawala","centroid_lon":79.903,"centroid_lat":7.84855,"risk_modifier":0.7724,"river_prox":0.494,"coast_prox":1.0,"highland":0.0,"zone":"moderate","evac_rank":0,"flood_rank":0},"geometry":{"type":"Polygon","coordinates":[[[79.86857111900008,7.78022696000005],[79.92531021800005,7.769294137000031],[79.92928637400007,7.77571778500004],[79.94081020500005,7.77679938700004],[79.94927625700007,7.770045917000061],[79.95331024900008,7.781542827000067],[79.96366268900005,7.786297997000077],[79.95478176000006,7.809014608000041],[79.97125770700006,7.829811403000065],[79.95847652700007,7.85577213800002],[79.95062922300008,7.850195456000051],[79.93265643000007,7.857595900000035],[79.94321172200006,7.867107678000025],[79.93964186500006,7.875958021000031],[79.92763210700008,7.873605775000044],[79.92441024400006,7.901299896000069],[79.93104508500005,7.911521373000028],[79.92520821900007,7.917446163000022],[79.93158187800003,7.924375477000069],[79.92662509900003,7.941022219000047],[79.91643206100008,7.943375558000071],[79.91097778100004,7.976964141000053],[79.89677625700006,7.97185458000007],[79.89239672200006,7.946667910000031],[79.85523967600005,7.869028994000075],[79.86470239100004,7.841589158000033],[79.85063490700009,7.828704909000066],[79.84372302900005,7.811652104000075],[79.84578567100004,7.781077933000063],[79.83426926900006,7.775701776000062],[79.83957220400004,7.768059342000072],[79.86857111900008,7.78022696000005]]]}},{"type":"Feature","properties":{"district":"Puttalam","subdivision":"Nawagattegama","centroid_lon":80.08653,"centroid_lat":8.01233,"risk_modifier":0.55,"river_prox":0.0,"coast_prox":1.0,"highland":0.0,"zone":"moderate","evac_rank":0,"flood_rank":0},"geometry":{"type":"Polygon","coordinates":[[[80.10185146100008,7.956450099000051],[80.11998403400008,7.946313764000024],[80.13065547200006,7.93406002100005],[80.14620759300004,7.941799758000059],[80.13109934800008,7.965080446000059],[80.14757659500003,7.99820420900005],[80.14141631900003,8.006619409000052],[80.15066185100005,8.067141632000073],[80.12354042500004,8.081987825000056],[80.08435835400007,8.07531195200005],[80.05418474200007,8.08171644500004],[80.04230365500007,8.040147621000074],[80.01836626500005,7.994321891000027],[79.99970838500008,7.979897748000042],[79.99614876000004,7.962207819000071],[80.01024847900004,7.968892453000024],[80.03755304100008,7.954314787000044],[80.06829468600006,7.964662091000037],[80.08082640600009,7.956125531000055],[80.10185146100008,7.956450099000051]]]}},{"type":"Feature","properties":{"district":"Puttalam","subdivision":"Pallama","centroid_lon":79.93193,"centroid_lat":7.72994,"risk_modifier":0.7876,"river_prox":0.528,"coast_prox":1.0,"highland":0.0,"zone":"flood_zone","evac_rank":0,"flood_rank":2},"geometry":{"type":"Polygon","coordinates":[[[79.87107622500008,7.742837401000031],[79.89379590800007,7.732562333000033],[79.88839689400004,7.721517367000047],[79.90769829700008,7.725964907000048],[79.91298093200004,7.721102048000034],[79.90133941300007,7.693362723000064],[79.89803415800003,7.660805850000031],[79.90374755700003,7.616630907000058],[79.91889022000004,7.633425827000053],[79.92165274700005,7.646237167000038],[79.93138875100004,7.649719394000044],[79.92112396100003,7.655907831000036],[79.92828623100007,7.665439721000041],[79.92623095400006,7.674639789000025],[79.94456910400004,7.682347875000062],[79.94664447500008,7.675760478000029],[79.95776522900007,7.674228924000033],[79.96124543900004,7.686485356000048],[79.95226753000009,7.69398779100004],[79.93721426700006,7.694823605000067],[79.95219902300005,7.70106065300007],[79.95343638100007,7.720054095000023],[79.97386105800007,7.723459734000073],[79.98020063600006,7.735451191000038],[79.99672957900003,7.743058463000068],[79.99896109700006,7.749295060000065],[79.99083084600005,7.761314644000038],[80.00017950200004,7.778342591000069],[79.98961778700004,7.794094642000061],[79.96001483900005,7.786432823000041],[79.94927625700007,7.770045917000061],[79.94081020500005,7.77679938700004],[79.92928637400007,7.77571778500004],[79.92531021800005,7.769294137000031],[79.86857111900008,7.78022696000005],[79.87107622500008,7.742837401000031]]]}},{"type":"Feature","properties":{"district":"Puttalam","subdivision":"Puttalam","centroid_lon":79.86163,"centroid_lat":8.02621,"risk_modifier":0.55,"river_prox":0.0,"coast_prox":1.0,"highland":0.0,"zone":"moderate","evac_rank":0,"flood_rank":0},"geometry":{"type":"Polygon","coordinates":[[[79.88512196100004,7.933106424000073],[79.89680533200004,7.971909718000063],[79.90890374000008,7.976140816000054],[79.91988476600005,7.993947821000063],[79.91239331600008,8.01935678700005],[79.92080111800004,8.047074622000025],[79.91338856700008,8.070013104000054],[79.87786192800007,8.097752152000055],[79.86581652800004,8.083651564000036],[79.84781245600004,8.088147518000028],[79.84476401800003,8.101780253000072],[79.83229242200008,8.112565742000072],[79.82741737400005,8.106305310000039],[79.81580200900004,8.108622475000061],[79.79857747600005,8.083401698000046],[79.78806893200004,8.08656447900006],[79.79752983300006,8.072967629000061],[79.78754352200008,8.075721310000063],[79.83219246500005,8.01789752700006],[79.83052159900006,8.003931074000036],[79.81568946000004,7.99322541500004],[79.82274723400008,7.978249406000032],[79.82014718600004,7.960105978000058],[79.85191059700009,7.950370917000043],[79.84700033100006,7.940278814000067],[79.85765370700005,7.944098592000046],[79.87862937100005,7.931370769000068],[79.88512196100004,7.933106424000073]]]}},{"type":"Feature","properties":{"district":"Puttalam","subdivision":"Rasnayakapura","centroid_lon":80.0226,"centroid_lat":7.76512,"risk_modifier":0.95,"river_prox":0.97,"coast_prox":1.0,"highland":0.0,"zone":"flood_zone","evac_rank":0,"flood_rank":1},"geometry":{"type":"Polygon","coordinates":[[[79.99261391000005,7.793489613000077],[80.00017950200004,7.778342591000069],[79.99083084600005,7.761314644000038],[79.99754276900006,7.74437583100007],[79.98020063600006,7.735451191000038],[79.97386105800007,7.723459734000073],[79.95343638100007,7.720054095000023],[79.95219902300005,7.70106065300007],[79.93676623600004,7.692181596000069],[79.95226753000009,7.69398779100004],[79.97100992000009,7.684975951000069],[79.98676871200007,7.704837864000069],[79.99744538600004,7.697214720000034],[79.99964290700007,7.704873650000025],[80.01708585100005,7.707181786000035],[80.02684854500006,7.721291885000028],[80.05240349300004,7.725738769000031],[80.05908707400005,7.731365299000061],[80.05749256300004,7.738190046000057],[80.06912879800007,7.745995065000045],[80.06529143000006,7.754503207000027],[80.07311584600006,7.765597786000058],[80.07153716500005,7.777390065000077],[80.08563430900006,7.777344911000057],[80.08984895600008,7.783740727000065],[80.08225652800007,7.802586875000031],[80.04547705300007,7.822479675000068],[80.06472150800005,7.83152063600005],[80.06680715300007,7.839746680000076],[80.06128906600003,7.842354798000031],[80.03767772200007,7.832356790000063],[80.03192165200005,7.841616048000049],[80.00657598200007,7.833241242000042],[80.00293612600007,7.827176100000031],[80.00948424400008,7.815033931000073],[79.99645103400007,7.811481247000074],[79.99261391000005,7.793489613000077]]]}},{"type":"Feature","properties":{"district":"Puttalam","subdivision":"Vanathavilluwa","centroid_lon":79.90858,"centroid_lat":8.34265,"risk_modifier":0.7645,"river_prox":0.477,"coast_prox":1.0,"highland":0.0,"zone":"moderate","evac_rank":0,"flood_rank":0},"geometry":{"type":"MultiPolygon","coordinates":[[[[79.80347998100007,8.174844538000059],[79.80582786600007,8.16466267900006],[79.80843896800008,8.161601388000065],[79.81037769100004,8.164826951000066],[79.80347998100007,8.174844538000059]]],[[[79.99790978700008,8.227548869000032],[79.99429703500005,8.25350059300007],[79.98048700900006,8.277469968000048],[79.97269888200003,8.338113161000024],[79.94967687800005,8.369585886000038],[79.95326498900005,8.394736142000056],[79.97915818700005,8.39933770600004],[79.98919371200003,8.415564313000061],[79.98683289600007,8.421685799000045],[80.01753258300005,8.444743453000058],[80.04105334900004,8.498764730000062],[80.03089061700007,8.526174596000033],[80.00570844800006,8.535823419000053],[79.99982833300004,8.544600396000021],[79.98703843200008,8.543203985000048],[79.97449393200003,8.55282291900005],[79.95344511900004,8.551962604000039],[79.94512448600005,8.56033689800006],[79.93458736700006,8.555903791000048],[79.91773281900004,8.566938760000028],[79.91285825700004,8.548615736000045],[79.86867976400003,8.536110098000051],[79.85941881800005,8.473742997000045],[79.86239802300008,8.452384685000027],[79.84595201900004,8.44079298500003],[79.84081161500006,8.421897672000057],[79.84409002200005,8.350868878000028],[79.83028900100004,8.32428307300006],[79.83533390900004,8.31245417100007],[79.83145496100008,8.29112778900003],[79.81441923300008,8.268370461000075],[79.80805230100003,8.237988648000055],[79.78739509700006,8.232858390000047],[79.79757695800004,8.232983311000055],[79.80856533000008,8.223823852000066],[79.79662492400007,8.221761619000063],[79.79080850300005,8.227832357000068],[79.79232287200006,8.223532704000036],[79.81677578500006,8.205836219000048],[79.82191885500004,8.182123638000064],[79.81386545100008,8.18191917400003],[79.81705083000008,8.162939116000075],[79.83146926900008,8.15066067400005],[79.83252678000008,8.129583254000067],[79.81783873400008,8.124373103000039],[79.81580200900004,8.108622475000061],[79.82741737400005,8.106305310000039],[79.83229242200008,8.112565742000072],[79.84476401800003,8.101780253000072],[79.84781245600004,8.088147518000028],[79.86657297300007,8.083552758000053],[79.88032900400003,8.104186090000042],[79.90118509100006,8.103032817000042],[79.90493282300008,8.115079724000054],[79.92440080000006,8.115996633000066],[79.92361711500007,8.167866875000072],[79.93442681300007,8.172049344000072],[79.94050626800004,8.193812266000066],[79.93882290400006,8.20723502100003],[79.92344485900009,8.20814815500006],[79.92453962500008,8.287240156000053],[79.94529233500003,8.277887293000049],[79.95539779200004,8.242552317000047],[79.98405561000004,8.23745621300003],[79.99790978700008,8.227548869000032]]]]}},{"type":"Feature","properties":{"district":"Ratnapura","subdivision":"Dehiowita","centroid_lon":80.2789,"centroid_lat":6.93863,"risk_modifier":0.4827,"river_prox":0.0,"coast_prox":1.0,"highland":0.269,"zone":"safe_zone","evac_rank":2,"flood_rank":0},"geometry":{"type":"Polygon","coordinates":[[[80.26971964900008,7.023356111000055],[80.25558621900007,7.018792208000036],[80.24815777800006,7.044425745000069],[80.22014966100005,7.011356627000055],[80.22209094100003,7.003277209000032],[80.21372998800007,6.99954077600006],[80.20519900300008,6.978386001000047],[80.21584021200005,6.973202116000039],[80.22184203800003,6.941309351000029],[80.21849426600005,6.935601272000042],[80.20604052400006,6.937169614000027],[80.20840482900007,6.916751043000033],[80.21434308600004,6.916037436000067],[80.22308763000007,6.930518439000025],[80.23235516700004,6.903104908000046],[80.23998102900003,6.906875715000069],[80.24936010400006,6.900789454000062],[80.26570939200008,6.874175231000038],[80.27827991100008,6.871019794000063],[80.28329612500005,6.852899856000022],[80.30422649200005,6.863613660000055],[80.32772138500007,6.834350470000061],[80.33833083800005,6.829604981000045],[80.34746545700006,6.833379132000061],[80.36048874400007,6.858474479000051],[80.35399523000007,6.857696956000041],[80.34205180200007,6.883032133000029],[80.32999059600007,6.884272299000031],[80.32346709200004,6.892482127000051],[80.30564860600003,6.935866326000053],[80.31937651700008,6.932886875000065],[80.31845000900006,6.960052950000033],[80.34928532500004,6.971268679000048],[80.34719608600005,6.994833039000071],[80.34292433100006,6.998694768000064],[80.32221743900004,6.993495345000042],[80.32532914800004,6.981938354000022],[80.31210146200004,6.981023604000029],[80.29660761500008,6.989056191000032],[80.29123154000007,7.003767501000027],[80.27443701500005,7.00955428900005],[80.26971964900008,7.023356111000055]]]}},{"type":"Feature","properties":{"district":"Ratnapura","subdivision":"Deraniyagala","centroid_lon":80.40013,"centroid_lat":6.90648,"risk_modifier":0.4393,"river_prox":0.0,"coast_prox":1.0,"highland":0.443,"zone":"safe_zone","evac_rank":1,"flood_rank":0},"geometry":{"type":"Polygon","coordinates":[[[80.43490483200003,6.954680523000036],[80.40550111200008,6.964878942000041],[80.39802248000007,6.987196806000043],[80.40409148000003,6.994356475000075],[80.36041213100003,6.997180437000054],[80.34690757600004,6.994397703000061],[80.35092151600008,6.985056171000053],[80.34615518000004,6.968123597000044],[80.31845000900006,6.960052950000033],[80.31937651700008,6.932886875000065],[80.30564860600003,6.935866326000053],[80.32346709200004,6.892482127000051],[80.32999059600007,6.884272299000031],[80.34205180200007,6.883032133000029],[80.35399523000007,6.857696956000041],[80.36048874400007,6.858474479000051],[80.35317067800008,6.845189237000056],[80.37670267200008,6.854128701000036],[80.38600828900007,6.850001608000071],[80.39967840800006,6.85958024200005],[80.42127391000008,6.838678081000069],[80.43020268300006,6.846681791000037],[80.44241863500008,6.831339411000044],[80.49380030800006,6.831386707000036],[80.50920633800007,6.847575050000046],[80.49716969000008,6.857315172000028],[80.49234904000008,6.87129606700006],[80.49828459400004,6.884218043000033],[80.47813302800006,6.898474791000069],[80.45769684000004,6.898928038000065],[80.42901479500006,6.911858388000041],[80.43490483200003,6.954680523000036]]]}},{"type":"Feature","properties":{"district":"Ratnapura","subdivision":"Eheliyagoda","centroid_lon":80.22521,"centroid_lat":6.8373,"risk_modifier":0.7155,"river_prox":0.454,"coast_prox":1.0,"highland":0.155,"zone":"moderate","evac_rank":0,"flood_rank":0},"geometry":{"type":"MultiPolygon","coordinates":[[[[80.28655003400007,6.841905465000025],[80.28788693600006,6.842964932000029],[80.28823266700005,6.844299373000069],[80.28655003400007,6.841905465000025]]],[[[80.22361878200007,6.930140390000076],[80.18672776300008,6.898121370000069],[80.17337031500006,6.859515160000058],[80.19273175500007,6.851199747000067],[80.20089992000004,6.830001663000075],[80.19698798200005,6.813992055000028],[80.17556457700005,6.815682517000027],[80.19085941100008,6.782332775000043],[80.19440634900008,6.752798719000054],[80.22718200200006,6.758657954000057],[80.23526660200008,6.764752961000056],[80.23433160500008,6.77125004800007],[80.24428227700008,6.760654677000048],[80.26460617700008,6.767278430000033],[80.24840893600003,6.812661],[80.27189841600006,6.826299525000024],[80.27189340300004,6.836399793000055],[80.28494220200008,6.837056394000058],[80.27822216400006,6.839436573000057],[80.28398699300004,6.847302368000044],[80.27827991100008,6.871019794000063],[80.26570939200008,6.874175231000038],[80.24907321800004,6.901032186000066],[80.23998102900003,6.906875715000069],[80.23253852000005,6.902897117000066],[80.22361878200007,6.930140390000076]]]]}},{"type":"Feature","properties":{"district":"Ratnapura","subdivision":"Elapatha","centroid_lon":80.35221,"centroid_lat":6.66254,"risk_modifier":0.904,"river_prox":0.896,"coast_prox":1.0,"highland":0.197,"zone":"flood_zone","evac_rank":0,"flood_rank":2},"geometry":{"type":"Polygon","coordinates":[[[80.36768702400008,6.598039398000026],[80.38496840700003,6.617312837000043],[80.40482359900005,6.611413537000033],[80.40280717000007,6.650154404000034],[80.39015366700005,6.658653245000039],[80.37142924500006,6.696712948000027],[80.36302619200006,6.699974359000066],[80.35828779400003,6.69376087400002],[80.34145058200005,6.711294675000033],[80.33388919300006,6.711095011000054],[80.33355050800003,6.716962189000071],[80.31460899000007,6.724309470000037],[80.30742421400004,6.718169703000058],[80.29121801400004,6.72480457100005],[80.32356529400005,6.64940512000004],[80.36768702400008,6.598039398000026]]]}},{"type":"Feature","properties":{"district":"Ratnapura","subdivision":"Godakawela","centroid_lon":80.64016,"centroid_lat":6.49764,"risk_modifier":0.8348,"river_prox":0.749,"coast_prox":1.0,"highland":0.209,"zone":"moderate","evac_rank":0,"flood_rank":0},"geometry":{"type":"Polygon","coordinates":[[[80.70488275300005,6.480784708000044],[80.70257064700007,6.506352913000057],[80.68271780100008,6.524409308000031],[80.64308680100004,6.530368661000068],[80.64832620500005,6.549288637000075],[80.60783191100006,6.569639624000047],[80.60014657700003,6.581305181000062],[80.57744822500007,6.57870340900007],[80.57811086100008,6.556539229000066],[80.58522503300009,6.548158006000051],[80.59319025800005,6.550766209000074],[80.59851301700007,6.538604189000068],[80.59116250500006,6.534230978000039],[80.59371661800003,6.529247103000046],[80.58806080200003,6.530589304000046],[80.57643653800005,6.506109576000028],[80.58603906500008,6.498917661000064],[80.57794763300006,6.495630754000047],[80.58238725400008,6.464129434000029],[80.56897047000007,6.462008195000067],[80.57976092100006,6.451723850000064],[80.57918763800006,6.44417168700005],[80.59377763800006,6.449865001000035],[80.60727502100008,6.444775772000071],[80.62070198700007,6.455990438000072],[80.63966840100005,6.460631844000034],[80.69270255600009,6.441797675000032],[80.70086869600004,6.458777181000073],[80.73631077800007,6.435553403000029],[80.75154585700005,6.438525802000072],[80.72822941600003,6.456267481000054],[80.72048537300003,6.47593570600003],[80.70488275300005,6.480784708000044]]]}},{"type":"Feature","properties":{"district":"Ratnapura","subdivision":"Kahawattha","centroid_lon":80.54338,"centroid_lat":6.52747,"risk_modifier":0.8112,"river_prox":0.695,"coast_prox":1.0,"highland":0.207,"zone":"moderate","evac_rank":0,"flood_rank":0},"geometry":{"type":"Polygon","coordinates":[[[80.57744822500007,6.57870340900007],[80.56753976800007,6.581995780000057],[80.53970298100006,6.574030244000028],[80.51493810400007,6.579134393000061],[80.52440096600003,6.566229929000031],[80.50937014200008,6.575018592000049],[80.49842035500006,6.56468897700006],[80.49807172300007,6.554275950000033],[80.47982375700008,6.536753987000054],[80.50990637000007,6.518026999000028],[80.49835545200006,6.488159091000057],[80.50925557200003,6.491049701000065],[80.58153122800007,6.462733416000049],[80.57794763300006,6.495630754000047],[80.58603906500008,6.498917661000064],[80.57643653800005,6.506109576000028],[80.58806080200003,6.530589304000046],[80.59371661800003,6.529247103000046],[80.59116250500006,6.534230978000039],[80.59851301700007,6.538604189000068],[80.59319025800005,6.550766209000074],[80.58522503300009,6.548158006000051],[80.57811086100008,6.556539229000066],[80.57744822500007,6.57870340900007]]]}},{"type":"Feature","properties":{"district":"Ratnapura","subdivision":"Kalawana","centroid_lon":80.45071,"centroid_lat":6.4635,"risk_modifier":0.7129,"river_prox":0.393,"coast_prox":1.0,"highland":0.055,"zone":"moderate","evac_rank":0,"flood_rank":0},"geometry":{"type":"Polygon","coordinates":[[[80.31235165000004,6.570298408000042],[80.29318881500006,6.563693568000076],[80.30366093200007,6.537845619000052],[80.37829899900004,6.434517249000066],[80.37838368600006,6.426284536000026],[80.41923361200008,6.390646562000029],[80.43935504400008,6.394193303000065],[80.47020380900005,6.378367486000059],[80.48901298400006,6.379912452000042],[80.49325380800008,6.367999563000069],[80.50115900800006,6.367770482000026],[80.53154079100005,6.373963522000054],[80.53228744600005,6.388916519000077],[80.54232052200007,6.38861763400007],[80.54724904400007,6.395710278000024],[80.55254893100005,6.389529977000052],[80.59177606200006,6.397425109000039],[80.62893276800008,6.395861101000037],[80.62743980900007,6.409585230000062],[80.61342384200003,6.412133203000053],[80.61675470300008,6.416656401000068],[80.60865469500004,6.422582912000053],[80.61119485000006,6.441099750000035],[80.59377763800006,6.449865001000035],[80.57918763800006,6.44417168700005],[80.57976092100006,6.451723850000064],[80.56897047000007,6.462008195000067],[80.57501021000007,6.465914603000044],[80.50925557200003,6.491049701000065],[80.47815604400006,6.49276254800003],[80.47534474400004,6.474862843000039],[80.45727279800008,6.48660731700005],[80.43708623300006,6.502375341000061],[80.44393116400005,6.508190917000036],[80.43842682500008,6.511832123000033],[80.44613693400004,6.531120709000049],[80.38370867400005,6.580794673000071],[80.37420067900007,6.569771560000049],[80.38156606500007,6.556537236000054],[80.36257518500008,6.549255896000034],[80.34613910800005,6.577994078000074],[80.32805722600006,6.575455777000059],[80.32688670400006,6.548814465000021],[80.31235165000004,6.570298408000042]]]}},{"type":"Feature","properties":{"district":"Ratnapura","subdivision":"Kiriella","centroid_lon":80.27331,"centroid_lat":6.75735,"risk_modifier":0.8566,"river_prox":0.78,"coast_prox":1.0,"highland":0.177,"zone":"moderate","evac_rank":0,"flood_rank":0},"geometry":{"type":"Polygon","coordinates":[[[80.27008316800004,6.734727505000023],[80.33355050800003,6.716962189000071],[80.33388919300006,6.711095011000054],[80.35662161800008,6.698470092000036],[80.33501943500005,6.736836955000058],[80.32399679100007,6.747946738000053],[80.31469274100004,6.743622147000053],[80.30039420500003,6.761625560000027],[80.29287900700007,6.811855881000042],[80.28581540300007,6.809099915000047],[80.27024879500004,6.820409897000047],[80.25725191300006,6.821554904000038],[80.24844432400005,6.811840420000067],[80.26460617700008,6.767278430000033],[80.24428227700008,6.760654677000048],[80.23433160500008,6.77125004800007],[80.23526660200008,6.764752961000056],[80.22718200200006,6.758657954000057],[80.19440634900008,6.752798719000054],[80.20323632800006,6.730138212000043],[80.22462510300005,6.728471805000027],[80.23723677700008,6.73450288600003],[80.25243551300008,6.729259434000028],[80.25435979700006,6.735342078000031],[80.26671591100006,6.73080430300007],[80.27008316800004,6.734727505000023]]]}},{"type":"Feature","properties":{"district":"Ratnapura","subdivision":"Kolonna","centroid_lon":80.67738,"centroid_lat":6.39028,"risk_modifier":0.9136,"river_prox":0.839,"coast_prox":1.0,"highland":0.055,"zone":"flood_zone","evac_rank":0,"flood_rank":1},"geometry":{"type":"Polygon","coordinates":[[[80.73631077800007,6.435553403000029],[80.70103357300007,6.458771115000047],[80.69270255600009,6.441797675000032],[80.63966840100005,6.460631844000034],[80.62070198700007,6.455990438000072],[80.60725023900005,6.444799012000033],[80.611988,6.439973664000036],[80.60865469500004,6.422582912000053],[80.61675470300008,6.416656401000068],[80.61342384200003,6.412133203000053],[80.62743980900007,6.409585230000062],[80.62893276800008,6.395861101000037],[80.61892222700004,6.394278851000024],[80.61657964000005,6.36952930800004],[80.60433942000003,6.36121756700004],[80.60999142200006,6.345446438000067],[80.66032601300003,6.353917287000058],[80.66321163100008,6.338903676000029],[80.65617056700006,6.336718050000059],[80.67343472000005,6.322157778000076],[80.66868665900006,6.305167667000035],[80.68709385300008,6.307847211000023],[80.69963664000005,6.321363753000071],[80.74098122800007,6.319310570000027],[80.73797505000005,6.330646386000069],[80.70591642800008,6.346046173000047],[80.73584458500005,6.357820169000036],[80.73248186400008,6.371562463000032],[80.75430613800006,6.382389007000029],[80.75098703100008,6.397542981000072],[80.72388874600006,6.398797074000072],[80.72447993900005,6.413820251000061],[80.71285324200005,6.421469707000028],[80.71933030300005,6.42612495000003],[80.72687563500006,6.416279287000066],[80.74649309500006,6.412517958000024],[80.73631077800007,6.435553403000029]]]}},{"type":"Feature","properties":{"district":"Ratnapura","subdivision":"Kotapola","centroid_lon":80.5372,"centroid_lat":6.32231,"risk_modifier":0.7441,"river_prox":0.431,"coast_prox":1.0,"highland":0.0,"zone":"moderate","evac_rank":0,"flood_rank":0},"geometry":{"type":"Polygon","coordinates":[[[80.53154079100005,6.373963522000054],[80.47594475400007,6.365105813000071],[80.45804098400004,6.349185208000051],[80.49383592500004,6.299650792000023],[80.47726900500004,6.280261233000033],[80.48288057700006,6.270025128000043],[80.49573824500004,6.272557745000029],[80.49965860800006,6.248464616000035],[80.51313913700005,6.236544924000043],[80.51383007900006,6.226672681000025],[80.52033676600007,6.227542070000027],[80.52514840300006,6.235134426000059],[80.54502324700007,6.235662752000053],[80.54965458400005,6.244662202000029],[80.56311819600006,6.247209129000055],[80.57461014200004,6.258190242000069],[80.57727949500008,6.282565929000043],[80.56105413500006,6.314763965000054],[80.55229971200004,6.320187901000054],[80.55648674600008,6.329154017000064],[80.57922996500008,6.328282926000043],[80.58668841300005,6.338017059000038],[80.60999142200006,6.345446438000067],[80.60433942000003,6.36121756700004],[80.61657964000005,6.36952930800004],[80.61890228300007,6.394540213000028],[80.59177606200006,6.397425109000039],[80.55254893100005,6.389529977000052],[80.54724904400007,6.395710278000024],[80.54232052200007,6.38861763400007],[80.53228744600005,6.388916519000077],[80.53154079100005,6.373963522000054]]]}},{"type":"Feature","properties":{"district":"Ratnapura","subdivision":"Kuruvita","centroid_lon":80.35309,"centroid_lat":6.79935,"risk_modifier":0.6504,"river_prox":0.399,"coast_prox":1.0,"highland":0.316,"zone":"moderate","evac_rank":0,"flood_rank":0},"geometry":{"type":"Polygon","coordinates":[[[80.28329612500005,6.852899856000022],[80.28386060900004,6.845404895000058],[80.27770278700007,6.842508746000021],[80.28494220200008,6.837056394000058],[80.27174788100007,6.836291693000021],[80.27263607000003,6.82729981500006],[80.26564541900007,6.821097595000026],[80.28091695300003,6.810677343000066],[80.29287900700007,6.811855881000042],[80.30039420500003,6.761625560000027],[80.31469274100004,6.743622147000053],[80.32491496000006,6.74745101600007],[80.34889680800006,6.715436239000041],[80.34763765400004,6.721050929000057],[80.34915753800004,6.723471861000064],[80.35324251200007,6.715384693000033],[80.36521620200006,6.71490783400003],[80.36954683500005,6.729456566000067],[80.37966333900005,6.728752749000023],[80.37591190100005,6.749547297000049],[80.40028907400006,6.752687795000043],[80.39049283400004,6.785584259000075],[80.36807157600003,6.784402696000029],[80.36518032900005,6.799934652000047],[80.37422583600005,6.804346860000066],[80.37762564500008,6.793667067000058],[80.40660412400007,6.792674684000076],[80.41041640300006,6.801156753000043],[80.41941038400006,6.800741232000064],[80.43724772900003,6.816687702000024],[80.45122565800006,6.815725996000026],[80.43789619500006,6.840573517000053],[80.42993933600007,6.846657676000063],[80.42127391000008,6.838678081000069],[80.39967840800006,6.85958024200005],[80.38600828900007,6.850001608000071],[80.37813681700004,6.85429361000007],[80.35552472500007,6.848941804000049],[80.34746545700006,6.833379132000061],[80.33833083800005,6.829604981000045],[80.32772138500007,6.834350470000061],[80.30422649200005,6.863613660000055],[80.28329612500005,6.852899856000022]],[[80.28788693600006,6.842964932000029],[80.28655003400007,6.841905465000025],[80.28823266700005,6.844299373000069],[80.28788693600006,6.842964932000029]]]}},{"type":"Feature","properties":{"district":"Ratnapura","subdivision":"Neluwa","centroid_lon":80.4087,"centroid_lat":6.35985,"risk_modifier":0.55,"river_prox":0.0,"coast_prox":1.0,"highland":0.0,"zone":"moderate","evac_rank":0,"flood_rank":0},"geometry":{"type":"Polygon","coordinates":[[[80.37884369300008,6.425748506000048],[80.36644507300008,6.42716378700004],[80.31430695800003,6.39908894000007],[80.36981384800004,6.31881119600007],[80.38390709700008,6.332080695000059],[80.40458346900004,6.334529350000025],[80.44324700900006,6.301847488000021],[80.45164818700005,6.287258940000072],[80.45758369000004,6.29003338800004],[80.47082303800005,6.279651312000055],[80.48371978300008,6.28391205500003],[80.49383592500004,6.299650792000023],[80.45801197400004,6.350379884000063],[80.47594475400007,6.365105813000071],[80.49037338700003,6.364588222000066],[80.49146172900004,6.378808650000053],[80.47020380900005,6.378367486000059],[80.43935504400008,6.394193303000065],[80.41923361200008,6.390646562000029],[80.37884369300008,6.425748506000048]]]}},{"type":"Feature","properties":{"district":"Ratnapura","subdivision":"Nivithigala","centroid_lon":80.45519,"centroid_lat":6.56906,"risk_modifier":0.842,"river_prox":0.758,"coast_prox":1.0,"highland":0.197,"zone":"moderate","evac_rank":0,"flood_rank":0},"geometry":{"type":"Polygon","coordinates":[[[80.37975593500005,6.580721026000049],[80.44613693400004,6.531120709000049],[80.43842682500008,6.511832123000033],[80.44393116400005,6.508190917000036],[80.43708623300006,6.502375341000061],[80.44389818800005,6.496755905000043],[80.47534474400004,6.474862843000039],[80.47815604400006,6.49276254800003],[80.49835545200006,6.488159091000057],[80.50990637000007,6.518026999000028],[80.47982375700008,6.536753987000054],[80.50894912000007,6.574884436000048],[80.52440096600003,6.566229929000031],[80.50512019000007,6.585970498000052],[80.52369406300005,6.589218879000043],[80.51834555300007,6.609169413000075],[80.50599469900004,6.610222557000043],[80.46422454600008,6.636547556000039],[80.44308016300005,6.626438926000048],[80.43369985400005,6.631728994000071],[80.39873593200008,6.609447087000035],[80.38496840700003,6.617312837000043],[80.36768702400008,6.598039398000026],[80.37975593500005,6.580721026000049]]]}},{"type":"Feature","properties":{"district":"Ratnapura","subdivision":"Opanayake","centroid_lon":80.62371,"centroid_lat":6.60981,"risk_modifier":0.7777,"river_prox":0.711,"coast_prox":1.0,"highland":0.369,"zone":"moderate","evac_rank":0,"flood_rank":0},"geometry":{"type":"Polygon","coordinates":[[[80.66123209800008,6.641534221000029],[80.58049091600003,6.663134119000063],[80.57710874100007,6.656450051000036],[80.58353789900008,6.646859803000041],[80.57351766800008,6.632304103000024],[80.57995435600003,6.629578465000066],[80.58169675600004,6.613354],[80.60285025800005,6.594528183000023],[80.60573528100008,6.586138537000068],[80.60020086100008,6.579081534000068],[80.64499304200007,6.549669980000033],[80.65833800300004,6.553609836000021],[80.65772840100004,6.57195933600002],[80.67639365000008,6.572062300000027],[80.67521893000009,6.584293716000047],[80.63742259900005,6.601945278000073],[80.65526669400003,6.610391371000048],[80.65267748200006,6.619399943000076],[80.65993142600007,6.625627142000042],[80.65431926300005,6.631238922000023],[80.66123209800008,6.641534221000029]]]}},{"type":"Feature","properties":{"district":"Ratnapura","subdivision":"Palindanuwara","centroid_lon":80.27167,"centroid_lat":6.50595,"risk_modifier":0.55,"river_prox":0.0,"coast_prox":1.0,"highland":0.0,"zone":"moderate","evac_rank":0,"flood_rank":0},"geometry":{"type":"Polygon","coordinates":[[[80.22138518100007,6.444368454000028],[80.23480833200006,6.441777992000027],[80.24678187600006,6.429278785000065],[80.27094902800008,6.436614379000048],[80.30167604900004,6.395650652000029],[80.36644507300008,6.42716378700004],[80.37884369300008,6.425748506000048],[80.37829899900004,6.434517249000066],[80.30366093200007,6.537845619000052],[80.29318881500006,6.563693568000076],[80.31235165000004,6.570298408000042],[80.30198996600006,6.595097145000068],[80.27940282800006,6.618089264000048],[80.25777140400004,6.622176963000072],[80.24752375900005,6.616573980000055],[80.25184519800007,6.609087235000061],[80.24607371400003,6.602167492000035],[80.23824809300004,6.603697187000023],[80.22645251900008,6.591280429000051],[80.21099456600007,6.592726008000056],[80.21075397800007,6.581081883000024],[80.18624076700007,6.580530651000061],[80.19934392200008,6.553697371000055],[80.19313522000004,6.542328769000051],[80.17794480000003,6.542000010000038],[80.17510178800006,6.529206463000037],[80.16533142300005,6.526818189000039],[80.17000554600008,6.51443435300007],[80.18458206600008,6.518495158000064],[80.19646586200008,6.497715261000053],[80.20327080900006,6.500261967000029],[80.21196390400007,6.488005216000033],[80.22932752700007,6.480408830000044],[80.23291546500008,6.470823636000034],[80.22203441700003,6.461667250000062],[80.22138518100007,6.444368454000028]]]}},{"type":"Feature","properties":{"district":"Ratnapura","subdivision":"Pelmadulla","centroid_lon":80.50714,"centroid_lat":6.63523,"risk_modifier":0.8294,"river_prox":0.802,"coast_prox":1.0,"highland":0.326,"zone":"moderate","evac_rank":0,"flood_rank":0},"geometry":{"type":"Polygon","coordinates":[[[80.40296411200006,6.616007879000051],[80.41351213900003,6.615293243000053],[80.43118645700008,6.631155880000051],[80.44308016300005,6.626438926000048],[80.46422454600008,6.636547556000039],[80.50599469900004,6.610222557000043],[80.51834555300007,6.609169413000075],[80.52369406300005,6.589218879000043],[80.50512019000007,6.585970498000052],[80.51321655800007,6.578578056000026],[80.53970298100006,6.574030244000028],[80.56753976800007,6.581995780000057],[80.59671269000006,6.579617305000056],[80.60573528100008,6.586138537000068],[80.58169675600004,6.613354],[80.57995435600003,6.629578465000066],[80.57358619800004,6.631840632000035],[80.58353789900008,6.646859803000041],[80.58016756900008,6.654461946000026],[80.52724020200003,6.666089201000034],[80.51493084300006,6.679930157000058],[80.48747004300003,6.675198158000057],[80.47450015500004,6.692486185000064],[80.45205003400008,6.703166754000051],[80.44323448500006,6.68283647800007],[80.45704982000007,6.663503619000039],[80.43758124000004,6.662367466000035],[80.40637193900005,6.672808918000044],[80.41330581500006,6.652444302000049],[80.40354796400004,6.653090900000052],[80.40013585500003,6.647394372000065],[80.40703821900007,6.625630253000054],[80.40068201200006,6.625387915000033],[80.40296411200006,6.616007879000051]]]}},{"type":"Feature","properties":{"district":"Ratnapura","subdivision":"Ratnapura","centroid_lon":80.48058,"centroid_lat":6.73124,"risk_modifier":0.613,"river_prox":0.37,"coast_prox":1.0,"highland":0.415,"zone":"moderate","evac_rank":0,"flood_rank":0},"geometry":{"type":"Polygon","coordinates":[[[80.49304357900007,6.831638324000039],[80.45353131000007,6.833226270000068],[80.44701866200006,6.829666751000047],[80.45122565800006,6.815725996000026],[80.43724772900003,6.816687702000024],[80.41941038400006,6.800741232000064],[80.41041640300006,6.801156753000043],[80.40660412400007,6.792674684000076],[80.37762564500008,6.793667067000058],[80.37403907700008,6.804379009000058],[80.36497708900004,6.799692896000067],[80.36807157600003,6.784402696000029],[80.39049283400004,6.785584259000075],[80.40028907400006,6.752687795000043],[80.37591190100005,6.749547297000049],[80.37966333900005,6.728752749000023],[80.36954683500005,6.729456566000067],[80.36521620200006,6.71490783400003],[80.35324251200007,6.715384693000033],[80.34915753800004,6.723471861000064],[80.34793716800004,6.715654179000069],[80.35821460500006,6.693812303000072],[80.36302619200006,6.699974359000066],[80.37189634800006,6.696249124000076],[80.39015366700005,6.658653245000039],[80.40079484300009,6.650347300000021],[80.41330581500006,6.652444302000049],[80.40501633400004,6.666728246000048],[80.40809204500005,6.673792391000063],[80.42820238100006,6.664258760000052],[80.45704982000007,6.663503619000039],[80.44323448500006,6.68283647800007],[80.45205003400008,6.703166754000051],[80.47450015500004,6.692486185000064],[80.48747004300003,6.675198158000057],[80.51493084300006,6.679930157000058],[80.52724020200003,6.666089201000034],[80.54896708900003,6.660432770000057],[80.57710874100007,6.656450051000036],[80.58049091600003,6.663134119000063],[80.59803454800004,6.66120064200004],[80.61183133200007,6.670698533000063],[80.61341613000008,6.683160285000042],[80.60144334600005,6.699268295000024],[80.60403195900005,6.711638058000062],[80.59062299300007,6.715407482000046],[80.59296830600005,6.721083927000052],[80.58639734800005,6.721553175000054],[80.58312670800007,6.730651349000027],[80.58767670700007,6.745877957000062],[80.61130192100006,6.75944916100002],[80.57102611800008,6.764141887000051],[80.54027345200006,6.776773720000051],[80.52481618700006,6.767931918000045],[80.49788588100006,6.778903720000073],[80.48354149900007,6.795514646000072],[80.49951416200008,6.808619215000022],[80.48852125400003,6.814294394000058],[80.49304357900007,6.831638324000039]]]}},{"type":"Feature","properties":{"district":"Ratnapura","subdivision":"Weligepola","centroid_lon":80.74249,"centroid_lat":6.54114,"risk_modifier":0.7678,"river_prox":0.647,"coast_prox":1.0,"highland":0.294,"zone":"moderate","evac_rank":0,"flood_rank":0},"geometry":{"type":"Polygon","coordinates":[[[80.64980882100008,6.604645723000033],[80.63742259900005,6.601945278000073],[80.67313983200006,6.586135222000053],[80.67639365000008,6.572062300000027],[80.65772840100004,6.57195933600002],[80.65983770600008,6.554810228000065],[80.64209003600007,6.539365068000052],[80.64528555400005,6.528666643000065],[80.68271780100008,6.524409308000031],[80.70257064700007,6.506352913000057],[80.70539765600006,6.489810147000071],[80.73650189400007,6.489635031000034],[80.74743471200009,6.482100557000024],[80.76897186900004,6.480286754000076],[80.79357733800003,6.487745081000071],[80.83162180700003,6.475692011000035],[80.82745267300004,6.489582453000025],[80.83163465100006,6.533692973000029],[80.80237404200005,6.541903869000066],[80.81134912000005,6.567265047000035],[80.80974132300008,6.590995736000025],[80.77054538300007,6.589863463000029],[80.74627651900005,6.582082323000066],[80.73017401500005,6.587585837000063],[80.71820182700003,6.604760938000027],[80.69496693900004,6.602771176000033],[80.68452270200004,6.608137099000032],[80.66796894900006,6.598074490000045],[80.64980882100008,6.604645723000033]]]}},{"type":"Feature","properties":{"district":"Trincomalee","subdivision":"Gomarankadawala","centroid_lon":80.96381,"centroid_lat":8.74546,"risk_modifier":0.55,"river_prox":0.0,"coast_prox":1.0,"highland":0.0,"zone":"safe_zone","evac_rank":1,"flood_rank":0},"geometry":{"type":"Polygon","coordinates":[[[81.05183571900005,8.723115060000055],[81.06485414600007,8.742750105000027],[81.05867775600007,8.755823667000072],[81.00886582900006,8.805517498000029],[81.00758557400007,8.819468809000057],[80.96830724500006,8.827951204000044],[80.96896705200004,8.83611015300005],[80.95099636400005,8.852132145000041],[80.94532307000003,8.867770249000046],[80.92940748300003,8.849030276000065],[80.91875041000003,8.847939876000055],[80.91032625900004,8.822814316000063],[80.88142284400004,8.786818698000047],[80.87747949500005,8.751900745000057],[80.89049289500008,8.741873446000056],[80.88912769500007,8.723504450000064],[80.90955738500008,8.688092351000023],[80.90713870900004,8.66245023700003],[80.91298266200005,8.654793760000075],[80.91797692000006,8.667915538000045],[80.94565707000004,8.648656393000067],[80.99225667500008,8.662132606000057],[81.01647956300008,8.639578149000045],[81.02944893900008,8.65595060000004],[81.03180981500003,8.71176876800007],[81.05183571900005,8.723115060000055]]]}},{"type":"Feature","properties":{"district":"Trincomalee","subdivision":"Horowpathana","centroid_lon":80.85014,"centroid_lat":8.51345,"risk_modifier":0.55,"river_prox":0.0,"coast_prox":1.0,"highland":0.0,"zone":"safe_zone","evac_rank":2,"flood_rank":0},"geometry":{"type":"Polygon","coordinates":[[[80.82079628100007,8.278795306000063],[80.89796690100007,8.279675643000076],[80.90962389100008,8.32529708100003],[80.92854496800004,8.345397115000026],[80.93921797800004,8.342017044000045],[80.92759288000008,8.350836401000038],[80.92715426400008,8.390286833000062],[80.95679021700005,8.443676953000022],[80.97444308100006,8.46088753600003],[80.97295722500007,8.467938942000046],[80.98317463600006,8.466606548000073],[80.99104503000007,8.474017098000047],[80.98919965400006,8.485244063000039],[80.96329114500008,8.487170613000046],[80.96327899700003,8.498859051000068],[80.94695124900005,8.507866106000051],[80.94479929800008,8.555856279000068],[80.91216842000006,8.589606151000055],[80.91189061900008,8.609748152000066],[80.89213997000007,8.621846639000069],[80.89110308400006,8.645690724000076],[80.89915316400004,8.664164989000028],[80.90868214900007,8.667713193000054],[80.91042953900006,8.684915667000041],[80.89136510400004,8.716473535000034],[80.89049289500008,8.741873446000056],[80.85955048400007,8.760539255000026],[80.83527322100008,8.747194659000058],[80.83018869400007,8.738273002000028],[80.82372438800007,8.739245524000069],[80.82336031100004,8.726039842000034],[80.80266302600006,8.71673136100003],[80.80588956600008,8.700834161000046],[80.78325360000008,8.683057460000043],[80.78548560000007,8.641526197000076],[80.76852967800005,8.61939038600002],[80.74440801600008,8.60790852100007],[80.73130921100005,8.586261647000072],[80.71055943400006,8.57171207600004],[80.71936249300006,8.567666012000075],[80.71976473000007,8.559327735000068],[80.70455944800005,8.532063501000039],[80.71470799500008,8.51859543300003],[80.74259649400005,8.514442865000035],[80.73379493400006,8.48786186500007],[80.74892042800008,8.478059662000021],[80.77639186100004,8.472875412000064],[80.79981630800006,8.485425406000047],[80.80420037200008,8.45755540500005],[80.79604543300007,8.450911487000042],[80.80445794700006,8.44292206700004],[80.80295294300004,8.426445967000063],[80.78366821800006,8.409686398000076],[80.80996971500008,8.390651517000038],[80.81316194100003,8.378209606000041],[80.82300657100006,8.372657374000028],[80.80712089200006,8.348731515000054],[80.80708953700008,8.304457398000068],[80.80155465200005,8.291850556000043],[80.81625806400007,8.30108410500003],[80.82079628100007,8.278795306000063]]]}},{"type":"Feature","properties":{"district":"Trincomalee","subdivision":"Kantale","centroid_lon":81.05601,"centroid_lat":8.34619,"risk_modifier":0.55,"river_prox":0.0,"coast_prox":1.0,"highland":0.0,"zone":"moderate","evac_rank":0,"flood_rank":0},"geometry":{"type":"Polygon","coordinates":[[[80.95854315500003,8.32486248300006],[80.97862894800005,8.312340017000054],[80.98632354000006,8.272444776000043],[81.03712128900008,8.278602941000031],[81.07639535000004,8.272429756000065],[81.10677146200004,8.254865344000052],[81.12447148000007,8.263488633000065],[81.13970023600007,8.25893276100004],[81.16423814900008,8.23317787700006],[81.17979727800008,8.22942136000006],[81.18377310800008,8.242604744000062],[81.16910434500005,8.253454370000043],[81.17758635600006,8.25792477300007],[81.16445882400006,8.268567104000056],[81.16666359300007,8.286802131000059],[81.15830114900007,8.298567735000063],[81.16979744100007,8.307313452000074],[81.16730520300007,8.330200493000063],[81.18958917000003,8.337046169000075],[81.19180581400008,8.352012065000054],[81.20739241900003,8.36884787400004],[81.19215042200005,8.37512055600007],[81.17895995500004,8.368539396000074],[81.15807691500004,8.373642177000022],[81.15036108100009,8.382959459000062],[81.12913589700008,8.37930893600003],[81.10594717200007,8.397149498000033],[81.11003801400005,8.411200463000057],[81.08794775700005,8.408599715000037],[81.07167987100007,8.415102683000043],[81.05443223900005,8.410512342000061],[81.04873497600005,8.42338692100003],[81.02778107500006,8.438732691000041],[80.96046748200007,8.448939519000021],[80.92715426400008,8.390286833000062],[80.93071487300006,8.378882249000071],[80.92482344800004,8.366258188000074],[80.92780158400006,8.350258204000056],[80.93707470100009,8.346139033000043],[80.94987045500005,8.321675481000057],[80.95854315500003,8.32486248300006]]]}},{"type":"Feature","properties":{"district":"Trincomalee","subdivision":"Kinniya","centroid_lon":81.1616,"centroid_lat":8.43462,"risk_modifier":0.8299,"river_prox":0.622,"coast_prox":1.0,"highland":0.0,"zone":"moderate","evac_rank":0,"flood_rank":0},"geometry":{"type":"Polygon","coordinates":[[[81.20718838500005,8.36918780600007],[81.20889147300005,8.382528591000039],[81.21712656400007,8.382802877000074],[81.21207573100008,8.387814054000046],[81.21644494400005,8.403802921000022],[81.20867969500006,8.404040482000028],[81.21656338900004,8.40953025300007],[81.20782925500004,8.420448043000022],[81.22198997500004,8.422022955000045],[81.21434460400008,8.429126945000064],[81.21506244800008,8.439423826000052],[81.22225074000005,8.449454072000037],[81.21828959800007,8.456973993000076],[81.22855916600008,8.460279964000051],[81.20023991600004,8.471901115000037],[81.18835161600003,8.505588910000029],[81.16875266900007,8.513770264000073],[81.14762047600004,8.507147521000036],[81.13754955100006,8.491775705000066],[81.13628796000006,8.476618999000038],[81.12922894300004,8.478221702000042],[81.10470832200008,8.461051374000021],[81.09064169400006,8.410211053000069],[81.11003801400005,8.411200463000057],[81.10594717200007,8.397149498000033],[81.12913589700008,8.37930893600003],[81.15036108100009,8.382959459000062],[81.15512329800003,8.374454692000029],[81.17895995500004,8.368539396000074],[81.19215042200005,8.37512055600007],[81.20718838500005,8.36918780600007]]]}},{"type":"Feature","properties":{"district":"Trincomalee","subdivision":"Kuchchaweli","centroid_lon":81.04509,"centroid_lat":8.81432,"risk_modifier":0.55,"river_prox":0.0,"coast_prox":1.0,"highland":0.0,"zone":"moderate","evac_rank":0,"flood_rank":0},"geometry":{"type":"Polygon","coordinates":[[[81.05769347600005,8.733387908000054],[81.11080001400006,8.655712448000031],[81.12141324000004,8.657013053000071],[81.13436494400008,8.643038710000042],[81.13598001700007,8.62774439900005],[81.15126718500005,8.635610193000048],[81.15386402100006,8.648858572000051],[81.16281838500004,8.651568896000072],[81.17252904600008,8.64748514200005],[81.18343809800007,8.625955023000074],[81.21503971400006,8.65479533000007],[81.17276396700004,8.733193407000044],[81.09704565300007,8.821870040000022],[81.08337995500005,8.86000329500007],[81.07554206800006,8.862149549000037],[81.07773381800007,8.868458161000035],[81.06443196100008,8.857196874000067],[81.03832339200005,8.879083122000054],[81.00564655400007,8.938249358000064],[80.99533858200004,8.940814924000051],[80.96524766400006,8.986483082000063],[80.92189515500007,8.988191280000024],[80.89104696200008,8.980201828000077],[80.88896002400008,8.973105070000031],[80.89662787500004,8.967129922000026],[80.88709724900008,8.95533262300006],[80.89443147500003,8.950096176000045],[80.88795397200005,8.948184970000057],[80.89363093100008,8.911687867000069],[80.90218324300008,8.906612102000054],[80.91233441100007,8.911996960000067],[80.90261914800004,8.904254512000023],[80.92675021300005,8.858761440000023],[80.93541316000005,8.855738812000027],[80.94532307000003,8.867770249000046],[80.95099636400005,8.852132145000041],[80.96896705200004,8.83611015300005],[80.96830724500006,8.827951204000044],[81.00758557400007,8.819468809000057],[81.00886582900006,8.805517498000029],[81.05867775600007,8.755823667000072],[81.06485414600007,8.742750105000027],[81.05769347600005,8.733387908000054]]]}},{"type":"Feature","properties":{"district":"Trincomalee","subdivision":"Morawewa","centroid_lon":81.01675,"centroid_lat":8.62583,"risk_modifier":0.55,"river_prox":0.0,"coast_prox":1.0,"highland":0.0,"zone":"moderate","evac_rank":0,"flood_rank":0},"geometry":{"type":"Polygon","coordinates":[[[80.90828002300003,8.667417742000055],[80.89755482900006,8.661892154000043],[80.88918017000003,8.63827223800007],[80.89502543000003,8.633289819000026],[80.89213997000007,8.621846639000069],[80.91189061900008,8.609748152000066],[80.91697147200006,8.582106646000057],[80.94014049500004,8.559861194000064],[80.94771075500006,8.568742479000036],[81.02081570700005,8.543275489000052],[81.06307511300008,8.591514518000054],[81.07103848100007,8.609003704000031],[81.08904631600006,8.610006330000033],[81.11038987600006,8.588766725000028],[81.12439467700005,8.586435218000076],[81.13617099900006,8.628722916000072],[81.13436494400008,8.643038710000042],[81.12141324000004,8.657013053000071],[81.11080001400006,8.655712448000031],[81.05792570000006,8.733418979000021],[81.05183571900005,8.723115060000055],[81.03180981500003,8.71176876800007],[81.02944893900008,8.65595060000004],[81.01647956300008,8.639578149000045],[80.99337210000004,8.661963899000057],[80.94565707000004,8.648656393000067],[80.92690697200004,8.656982854000034],[80.92080514500003,8.667847692000066],[80.91443883800008,8.665310501000022],[80.91298266200005,8.654793760000075],[80.90828002300003,8.667417742000055]]]}},{"type":"Feature","properties":{"district":"Trincomalee","subdivision":"Muthur","centroid_lon":81.2878,"centroid_lat":8.43145,"risk_modifier":0.8749,"river_prox":0.722,"coast_prox":1.0,"highland":0.0,"zone":"moderate","evac_rank":0,"flood_rank":0},"geometry":{"type":"Polygon","coordinates":[[[81.19360528900006,8.35352877400004],[81.21557365800004,8.352486157000044],[81.21114857900005,8.369486238000036],[81.22707330200006,8.362638609000044],[81.24786668500008,8.373045304000073],[81.25180170000004,8.385065883000038],[81.26836583900007,8.373002702000065],[81.26165527500007,8.371469355000045],[81.26164505900005,8.360462901000062],[81.27413715200004,8.363917471000036],[81.26771327900008,8.33775292200005],[81.27683086600007,8.33467151900004],[81.30148163400008,8.367834119000065],[81.31065923900007,8.40290598100006],[81.33667417400005,8.403938768000046],[81.35191097900008,8.41540735700005],[81.36112728800003,8.406094690000032],[81.37075314900005,8.409320017000027],[81.35043959400008,8.497007729000075],[81.31538720100008,8.524806918000024],[81.29995917700006,8.509049620000042],[81.27840465300005,8.506965812000033],[81.28617334300003,8.48526318000006],[81.27675524900008,8.465100109000048],[81.21944381700007,8.458357861000025],[81.22225074000005,8.449454072000037],[81.21396219700006,8.430685733000075],[81.22198997500004,8.422022955000045],[81.20770920000007,8.418879959000037],[81.21645710900003,8.409960085000023],[81.20867969500006,8.404040482000028],[81.21644494400005,8.403802921000022],[81.21207573100008,8.387814054000046],[81.21703225900006,8.382126034000066],[81.20902761600007,8.382706133000056],[81.21136503900004,8.375451321000071],[81.20369322400006,8.372941404000073],[81.20723535800005,8.366919015000065],[81.19360528900006,8.35352877400004]]]}},{"type":"Feature","properties":{"district":"Trincomalee","subdivision":"Seruvila","centroid_lon":81.25234,"centroid_lat":8.29463,"risk_modifier":0.95,"river_prox":0.91,"coast_prox":1.0,"highland":0.0,"zone":"flood_zone","evac_rank":0,"flood_rank":1},"geometry":{"type":"Polygon","coordinates":[[[81.17979727800008,8.22942136000006],[81.20059159500005,8.227471876000038],[81.20081451900006,8.18318636500004],[81.21112900300005,8.180054925000036],[81.20348661500003,8.161443655000028],[81.19678693600008,8.161651722000045],[81.19008930700005,8.151749320000022],[81.20417511700003,8.147863232000077],[81.21633275700003,8.156450086000063],[81.22925555900008,8.155257818000052],[81.23214399500006,8.174098332000028],[81.24112265000008,8.179906875000029],[81.23581426900006,8.196295432000056],[81.24127725600005,8.195750770000075],[81.25000722700008,8.210981497000034],[81.24794160100004,8.225931826000021],[81.25546174600004,8.224785159000021],[81.25529034900006,8.232120482000028],[81.26687914300004,8.234135296000034],[81.26452068100008,8.241995529000064],[81.27120139900006,8.240996728000027],[81.28472392200007,8.261358320000056],[81.30861155500008,8.251378596000052],[81.32279923900006,8.26235017700003],[81.32083500600004,8.294319205000022],[81.33156592000006,8.307205284000077],[81.34536984600004,8.312327527000036],[81.34187212300003,8.320999478000033],[81.34959073600004,8.375507521000031],[81.36018548900006,8.371268964000024],[81.34932771100006,8.391694792000067],[81.33667417400005,8.403938768000046],[81.31065923900007,8.40290598100006],[81.30148163400008,8.367834119000065],[81.27683086600007,8.33467151900004],[81.26771327900008,8.33775292200005],[81.27413715200004,8.363917471000036],[81.26164505900005,8.360462901000062],[81.26165527500007,8.371469355000045],[81.26836583900007,8.373002702000065],[81.25180170000004,8.385065883000038],[81.24786668500008,8.373045304000073],[81.22707330200006,8.362638609000044],[81.21114857900005,8.369486238000036],[81.21557365800004,8.352486157000044],[81.19360528900006,8.35352877400004],[81.18958917000003,8.337046169000075],[81.16774776800008,8.330716860000052],[81.16979744100007,8.307313452000074],[81.15830065800003,8.298065282000039],[81.16666359300007,8.286802131000059],[81.16445882400006,8.268567104000056],[81.17758635600006,8.25792477300007],[81.16910434500005,8.253454370000043],[81.18377310800008,8.242604744000062],[81.17979727800008,8.22942136000006]]]}},{"type":"Feature","properties":{"district":"Trincomalee","subdivision":"Thambalagamuwa","centroid_lon":81.04719,"centroid_lat":8.50656,"risk_modifier":0.6507,"river_prox":0.224,"coast_prox":1.0,"highland":0.0,"zone":"moderate","evac_rank":0,"flood_rank":0},"geometry":{"type":"Polygon","coordinates":[[[80.96046748200007,8.448939519000021],[81.02778107500006,8.438732691000041],[81.04873497600005,8.42338692100003],[81.05443223900005,8.410512342000061],[81.07167987100007,8.415102683000043],[81.08794775700005,8.408599715000037],[81.09167713200003,8.409778500000073],[81.10470832200008,8.461051374000021],[81.13866483500004,8.481319470000074],[81.13846282800006,8.491002037000044],[81.12599119700008,8.492852949000053],[81.11856942800006,8.504655676000027],[81.13093934900007,8.512383108000051],[81.11322000600006,8.54071112500003],[81.12442406100007,8.586427402000027],[81.11038987600006,8.588766725000028],[81.08904631600006,8.610006330000033],[81.07103848100007,8.609003704000031],[81.06307511300008,8.591514518000054],[81.02081570700005,8.543275489000052],[80.94771075500006,8.568742479000036],[80.94014049500004,8.559861194000064],[80.94681195900006,8.546115618000044],[80.94689421400005,8.507976791000033],[80.96327899700003,8.498859051000068],[80.96329114500008,8.487170613000046],[80.99137704300006,8.483253096000055],[80.98774915600006,8.468711413000051],[80.97353251900006,8.468615094000029],[80.97444308100006,8.46088753600003],[80.96046748200007,8.448939519000021]]]}},{"type":"Feature","properties":{"district":"Trincomalee","subdivision":"Town & Gravets","centroid_lon":81.17307,"centroid_lat":8.5824,"risk_modifier":0.9172,"river_prox":0.816,"coast_prox":1.0,"highland":0.0,"zone":"flood_zone","evac_rank":0,"flood_rank":2},"geometry":{"type":"Polygon","coordinates":[[[81.13598001700007,8.62774439900005],[81.11288674600007,8.555103411000061],[81.11975637700004,8.52672723400002],[81.13134439900006,8.512169051000058],[81.14740636000005,8.531721359000073],[81.15077601700006,8.546123539000064],[81.17560429300005,8.525613289000034],[81.17759976600007,8.535813034000057],[81.18280618500006,8.535821657000042],[81.18379066200004,8.51177530700005],[81.19557309700008,8.505674705000047],[81.21059603200007,8.508663881000075],[81.20574326000008,8.529775657000073],[81.19843874300005,8.530416036000076],[81.20336487200007,8.535490894000077],[81.19636646200007,8.536765136000042],[81.20077543300005,8.542400921000024],[81.18968445800004,8.54404362400004],[81.20440037400004,8.55373846200007],[81.19055157100007,8.553904984000042],[81.18841843700005,8.561487893000049],[81.19842254000008,8.562980080000045],[81.19710155400008,8.569386112000075],[81.19057090100006,8.567845569000042],[81.19156612700004,8.573806151000042],[81.19327671100007,8.57424304400007],[81.19383250200008,8.573437988000023],[81.19477250000006,8.573764942000025],[81.19614076700003,8.572670887000072],[81.19644179600004,8.573100452000062],[81.19772991200006,8.572079547000044],[81.19858291700007,8.572204932000034],[81.19833480900007,8.578656530000046],[81.20153459400007,8.568110601000058],[81.21860697800008,8.583855823000022],[81.20555706100004,8.565178495000055],[81.22226609200004,8.57569214700004],[81.23109830100003,8.565354615000047],[81.21975221500009,8.54254680400004],[81.23014096700007,8.547348493000072],[81.22469121100005,8.538926633000074],[81.23004763200004,8.53577640900005],[81.24443336200005,8.548179614000048],[81.23691043900004,8.570156609000037],[81.24406575300003,8.582381964000035],[81.23863064800008,8.576072851000049],[81.23105013700007,8.579873754000062],[81.21814004800007,8.607879842000045],[81.21732164600007,8.620233942000027],[81.22503616100005,8.628617071000065],[81.22260038800005,8.654835344000048],[81.21448441800004,8.662076813000056],[81.21497291500003,8.654675257000065],[81.19993169500003,8.636996110000041],[81.18343809800007,8.625955023000074],[81.17252904600008,8.64748514200005],[81.16281838500004,8.651568896000072],[81.15386402100006,8.648858572000051],[81.15126718500005,8.635610193000048],[81.13598001700007,8.62774439900005]]]}},{"type":"Feature","properties":{"district":"Trincomalee","subdivision":"Verugal","centroid_lon":81.36334,"centroid_lat":8.31888,"risk_modifier":0.7302,"river_prox":0.4,"coast_prox":1.0,"highland":0.0,"zone":"moderate","evac_rank":0,"flood_rank":0},"geometry":{"type":"Polygon","coordinates":[[[81.40174418600003,8.265744924000046],[81.38679296200007,8.329907814000023],[81.39096265600006,8.359246805000055],[81.38049698800006,8.373068429000057],[81.37075314900005,8.409320017000027],[81.36112728800003,8.406094690000032],[81.35173853100008,8.415356158000066],[81.33643568900004,8.399662398000032],[81.34948792600005,8.39152609200005],[81.36018548900006,8.371268964000024],[81.34959073600004,8.375507521000031],[81.34187212300003,8.320999478000033],[81.34536984600004,8.312327527000036],[81.32389597000008,8.29977657400002],[81.32029752300008,8.268904548000023],[81.32279923900006,8.26235017700003],[81.35216587800005,8.268586498000047],[81.35245886800004,8.257422950000034],[81.36942540900003,8.252857144000075],[81.38390505900009,8.253145901000039],[81.39114918600006,8.261266857000066],[81.39413311300007,8.248078626000051],[81.39895374400004,8.24914945200004],[81.40174418600003,8.265744924000046]]]}},{"type":"Feature","properties":{"district":"Vavuniya","subdivision":"Kebithigollewa","centroid_lon":80.70618,"centroid_lat":8.71595,"risk_modifier":0.55,"river_prox":0.0,"coast_prox":1.0,"highland":0.0,"zone":"safe_zone","evac_rank":1,"flood_rank":0},"geometry":{"type":"Polygon","coordinates":[[[80.91148357000003,8.826881891000028],[80.87408008300008,8.825930311000036],[80.85693834800009,8.811417449000032],[80.83459008400007,8.805733813000074],[80.82482083600007,8.792268318000026],[80.80385732500008,8.78870435400006],[80.80500350900007,8.801428624000039],[80.78854832200005,8.80207940400004],[80.79465000400006,8.788778402000048],[80.78811074300006,8.786749315000066],[80.78775792900007,8.770456728000056],[80.77816251900003,8.75561028800007],[80.77707569100005,8.792036300000063],[80.76782439000004,8.784871572000043],[80.76735051700007,8.795491465000055],[80.75388468400007,8.784710055000062],[80.75248789000005,8.79111524600006],[80.74620360800003,8.786984424000025],[80.74571443000008,8.793509710000023],[80.73381347100008,8.771236362000025],[80.72601275500006,8.778285882000034],[80.73313268400005,8.791291288000025],[80.72714726100008,8.801865131000056],[80.71419345000004,8.804704915000059],[80.72760932500006,8.810986251000031],[80.68608377400005,8.839613522000036],[80.66872974400007,8.87078034800004],[80.59423009400007,8.869680122000034],[80.58974226300006,8.847187445000031],[80.62325701400005,8.838367050000045],[80.65040485400004,8.794506431000059],[80.62274064000007,8.769763399000055],[80.61484103000004,8.751695895000069],[80.59985703800004,8.745483523000075],[80.58798629100005,8.723427220000076],[80.56948968800003,8.717340947000025],[80.56675542600004,8.69995119300006],[80.58093061800008,8.692194338000036],[80.59717723800009,8.647186508000061],[80.61059411700006,8.639557504000038],[80.61752080600007,8.62587251900004],[80.64133270600007,8.622422598000071],[80.62346820300007,8.591455723000024],[80.63954970100008,8.587171126000044],[80.65220619800004,8.557008988000064],[80.67436389400007,8.549667591000059],[80.70402947600007,8.56397223600004],[80.73130921100005,8.586261647000072],[80.74440801600008,8.60790852100007],[80.76852967800005,8.61939038600002],[80.78626692800003,8.643468924000047],[80.78325360000008,8.683057460000043],[80.80588956600008,8.700834161000046],[80.80266302600006,8.71673136100003],[80.82336031100004,8.726039842000034],[80.82348610700006,8.738995518000024],[80.83035269100003,8.73837850700005],[80.84950206200006,8.756427355000028],[80.85955048400007,8.760539255000026],[80.87825458700007,8.750374411000053],[80.88160834200005,8.787365798000053],[80.91148357000003,8.826881891000028]]]}},{"type":"Feature","properties":{"district":"Vavuniya","subdivision":"Madhu","centroid_lon":80.22366,"centroid_lat":8.84618,"risk_modifier":0.7926,"river_prox":0.539,"coast_prox":1.0,"highland":0.0,"zone":"moderate","evac_rank":0,"flood_rank":0},"geometry":{"type":"Polygon","coordinates":[[[80.33790502000005,8.958822647000034],[80.17247504000005,8.95007021300006],[80.17210904000007,8.944656595000026],[80.14225243500005,8.939032222000037],[80.13412348900005,8.90358399400003],[80.13935937000008,8.851991245000022],[80.07829081600005,8.848763397000027],[80.07916709600005,8.826350018000028],[80.08441513100007,8.824306281000077],[80.08016695300006,8.813256663000061],[80.08813481100003,8.815177492000032],[80.09950450000008,8.805859846000033],[80.09167161500005,8.78938194500006],[80.07986783300004,8.782462343000077],[80.08053344400008,8.767375013000049],[80.09119553700003,8.76777155800005],[80.09498637900003,8.748299967000037],[80.13892373100003,8.737636154000029],[80.14331631100004,8.657186011000022],[80.23314524300008,8.68018255100003],[80.19208539000005,8.732765376000032],[80.16667443200004,8.750478165000061],[80.17889061600005,8.773104273000058],[80.19705972500003,8.765213164000045],[80.22617362100004,8.826722179000058],[80.29516683400004,8.819742096000027],[80.38482687500004,8.846557863000044],[80.39859920200007,8.859918685000025],[80.37452838000007,8.941550816000074],[80.33790502000005,8.958822647000034]]]}},{"type":"Feature","properties":{"district":"Vavuniya","subdivision":"Medawachchiya","centroid_lon":80.49454,"centroid_lat":8.58825,"risk_modifier":0.55,"river_prox":0.0,"coast_prox":1.0,"highland":0.0,"zone":"moderate","evac_rank":0,"flood_rank":0},"geometry":{"type":"Polygon","coordinates":[[[80.56675542600004,8.69995119300006],[80.55180089800007,8.69651609400006],[80.54514031800005,8.682001034000052],[80.52786758100007,8.67374819400004],[80.51714630200007,8.658356940000033],[80.50398489800006,8.65791139700002],[80.44588597800004,8.69178865300006],[80.42228826000007,8.673740209000073],[80.41997888500003,8.662193096000067],[80.40723821200004,8.658879376000073],[80.39717808600005,8.633727087000068],[80.37819390800007,8.621399845000042],[80.37677446300006,8.580297119000022],[80.35062962600006,8.572151046000045],[80.33791378300003,8.54697311700005],[80.37922498900008,8.519819791000032],[80.39337399700008,8.521587474000057],[80.45437868300007,8.490452273000074],[80.46734300900005,8.49405968000002],[80.47469669500003,8.505052870000043],[80.49801148800003,8.51116498700003],[80.51704676500003,8.509359546000042],[80.53996484200007,8.49029222400003],[80.56442530100009,8.493023838000056],[80.57321996800005,8.500233516000037],[80.58476453200007,8.498036553000077],[80.59661281000007,8.514387817000056],[80.59360259000005,8.549471666000045],[80.62091579000008,8.582302649000042],[80.64164371400005,8.621578998000075],[80.61752080600007,8.62587251900004],[80.61059411700006,8.639557504000038],[80.59717723800009,8.647186508000061],[80.58093061800008,8.692194338000036],[80.56675542600004,8.69995119300006]]]}},{"type":"Feature","properties":{"district":"Vavuniya","subdivision":"Padaviya","centroid_lon":80.78414,"centroid_lat":8.85052,"risk_modifier":0.55,"river_prox":0.0,"coast_prox":1.0,"highland":0.0,"zone":"moderate","evac_rank":0,"flood_rank":0},"geometry":{"type":"Polygon","coordinates":[[[80.91148357000003,8.826881891000028],[80.87105218800008,8.878985005000061],[80.82779140300005,8.899677746000066],[80.81014208000005,8.916036941000073],[80.78544713700006,8.921396583000046],[80.75233371700006,8.905359348000047],[80.71151935300009,8.899286123000024],[80.66613561000008,8.871796563000032],[80.68608377400005,8.839613522000036],[80.72760932500006,8.810986251000031],[80.71419345000004,8.804704915000059],[80.72714726100008,8.801865131000056],[80.73313268400005,8.791291288000025],[80.72601275500006,8.778285882000034],[80.73381347100008,8.771236362000025],[80.74571443000008,8.793509710000023],[80.74620360800003,8.786984424000025],[80.75248789000005,8.79111524600006],[80.75388468400007,8.784710055000062],[80.76735051700007,8.795491465000055],[80.76782439000004,8.784871572000043],[80.77707569100005,8.792036300000063],[80.77816251900003,8.75561028800007],[80.78775792900007,8.770456728000056],[80.78811074300006,8.786749315000066],[80.79465000400006,8.788778402000048],[80.78854832200005,8.80207940400004],[80.80500350900007,8.801428624000039],[80.80385732500008,8.78870435400006],[80.82482083600007,8.792268318000026],[80.83459008400007,8.805733813000074],[80.85693834800009,8.811417449000032],[80.87408008300008,8.825930311000036],[80.90146497600006,8.824786544000062],[80.91148357000003,8.826881891000028]]]}},{"type":"Feature","properties":{"district":"Vavuniya","subdivision":"Vavuniya","centroid_lon":80.45417,"centroid_lat":8.83447,"risk_modifier":0.8395,"river_prox":0.643,"coast_prox":1.0,"highland":0.0,"zone":"flood_zone","evac_rank":0,"flood_rank":1},"geometry":{"type":"Polygon","coordinates":[[[80.59034408100007,8.846398177000026],[80.59668210200005,8.91095961000002],[80.58321598100008,8.910165805000076],[80.57426729300005,8.92562699900003],[80.54376420500006,8.93784892900004],[80.51642669300008,8.92724299200006],[80.51064474400005,8.940902292000033],[80.48425497300008,8.955018147000033],[80.39300873800005,8.960396550000041],[80.37286721500004,8.979949009000052],[80.33790502000005,8.958822647000034],[80.37452838000007,8.941550816000074],[80.39859920200007,8.859918685000025],[80.38731293100005,8.84795331600003],[80.36151492900007,8.83777475100004],[80.35444455900006,8.841577123000036],[80.29516683400004,8.819742096000027],[80.27008248000004,8.821991018000062],[80.30359863200005,8.766693118000035],[80.29700491800008,8.760925985000029],[80.30143557800005,8.752491920000068],[80.33890224500004,8.770290601000056],[80.35279045200008,8.742361352000046],[80.37138065800008,8.732777200000044],[80.37468503700006,8.737781596000048],[80.38544821400006,8.734596226000065],[80.38431770700004,8.724742056000025],[80.42759734100008,8.734923061000075],[80.44973039700005,8.709323720000043],[80.46903596700008,8.715679357000056],[80.47261686700006,8.724718690000032],[80.48769258300007,8.720557277000069],[80.50077614200006,8.725295781000057],[80.49762310400007,8.704040956000028],[80.48534548000003,8.692935070000033],[80.48730712400004,8.685586984000054],[80.50411487300005,8.686968999000044],[80.52291662400006,8.666245420000052],[80.54514031800005,8.682001034000052],[80.55094396200008,8.695722701000022],[80.52657503100005,8.70796733700007],[80.52830342900006,8.715090734000057],[80.51744244200006,8.725698998000041],[80.52522116900008,8.729599680000035],[80.52221691700004,8.749095960000034],[80.51428969700004,8.75628415600005],[80.52918323600005,8.773222548000035],[80.54055690000007,8.768527360000064],[80.55152149600008,8.803290704000062],[80.53518481200007,8.80555780800006],[80.53844804200008,8.777736859000072],[80.52986801200007,8.777890126000045],[80.51944189000005,8.78546926200005],[80.51615742600006,8.805890386000044],[80.50334432300008,8.809866472000067],[80.50385166200005,8.823689720000061],[80.52255319900007,8.821975211000051],[80.51905658900006,8.806683547000034],[80.53448796100008,8.806183825000062],[80.52834388300005,8.821289368000066],[80.54450705300007,8.824522098000045],[80.56013825600007,8.807617840000034],[80.56348704300007,8.815888229000052],[80.58495163100008,8.806527305000031],[80.59778053200006,8.826799470000026],[80.60891661700003,8.833147358000076],[80.62961885500005,8.828086049000035],[80.62325701400005,8.838367050000045],[80.59034408100007,8.846398177000026]],[[80.49090144400003,8.802739303000067],[80.50479261700008,8.803835349000053],[80.50243903100005,8.790956150000056],[80.49090144400003,8.802739303000067]]]}},{"type":"Feature","properties":{"district":"Vavuniya","subdivision":"Vavuniya North","centroid_lon":80.57392,"centroid_lat":9.00417,"risk_modifier":0.55,"river_prox":0.0,"coast_prox":1.0,"highland":0.0,"zone":"moderate","evac_rank":0,"flood_rank":0},"geometry":{"type":"Polygon","coordinates":[[[80.66613561000008,8.871796563000032],[80.71151935300009,8.899286123000024],[80.74303236000003,8.902962554000055],[80.73656345000006,8.929489907000061],[80.71018161600006,8.945823202000042],[80.70118769100003,8.984071550000067],[80.72896472200006,9.011425108000026],[80.72334831500007,9.023545890000037],[80.74135879700003,9.035593946000063],[80.71543719100003,9.050258369000062],[80.67616462600006,9.02955580500003],[80.67477139300007,9.041617770000073],[80.68546202100003,9.049843099000043],[80.69028550200005,9.074195771000063],[80.68069002000004,9.083623289000059],[80.66293918000008,9.073966174000077],[80.64959826600005,9.077691341000047],[80.64542100300008,9.115323493000062],[80.63702429900007,9.11946742300006],[80.57996362900008,9.12595129500005],[80.58324021900006,9.111923090000062],[80.55900714400008,9.107391730000074],[80.52881707100005,9.076501389000043],[80.51313110200005,9.075050560000022],[80.50837803700006,9.09371586900005],[80.49302481100005,9.113643181000043],[80.40301188700005,9.11538327300002],[80.40297660000004,9.090496392000034],[80.42387428400008,9.090688184000044],[80.42524349600006,9.04479537700007],[80.43251337200007,9.031201381000074],[80.37286721500004,8.979949009000052],[80.38995174400003,8.962315948000025],[80.48425497300008,8.955018147000033],[80.51064474400005,8.940902292000033],[80.51642669300008,8.92724299200006],[80.54376420500006,8.93784892900004],[80.57426729300005,8.92562699900003],[80.58321598100008,8.910165805000076],[80.59668210200005,8.91095961000002],[80.59180514500008,8.868690464000053],[80.66613561000008,8.871796563000032]]]}},{"type":"Feature","properties":{"district":"Vavuniya","subdivision":"Vavuniya South","centroid_lon":80.51266,"centroid_lat":8.73637,"risk_modifier":0.6765,"river_prox":0.281,"coast_prox":1.0,"highland":0.0,"zone":"moderate","evac_rank":0,"flood_rank":0},"geometry":{"type":"MultiPolygon","coordinates":[[[[80.37904474000004,8.588202679000062],[80.35890027400006,8.597194706000039],[80.34808999800003,8.591831422000041],[80.34440017600008,8.566100465000034],[80.35821340800004,8.575464012000054],[80.36825586800006,8.574276614000041],[80.37904474000004,8.588202679000062]]],[[[80.38665469000006,8.625655383000037],[80.38207375800005,8.63388868100003],[80.37009202800004,8.622736746000044],[80.37785246100003,8.620587241000067],[80.38665469000006,8.625655383000037]]],[[[80.52291662400006,8.666245420000052],[80.50411487300005,8.686968999000044],[80.48730712400004,8.685586984000054],[80.48534548000003,8.692935070000033],[80.49762310400007,8.704040956000028],[80.50077614200006,8.725295781000057],[80.48769258300007,8.720557277000069],[80.47261686700006,8.724718690000032],[80.46965025000003,8.716139914000053],[80.45623713500004,8.714684637000062],[80.44764794600007,8.703032002000043],[80.41115870400006,8.689614997000035],[80.40606427300008,8.699393429000054],[80.40887023000005,8.711790256000029],[80.39120450200005,8.727993948000062],[80.37724414500008,8.715872363000074],[80.37368276100005,8.700589614000023],[80.35120794900007,8.695224901000074],[80.36181514800006,8.685009836000063],[80.35778632900008,8.671495675000074],[80.38365955900008,8.672361849000026],[80.37867111400004,8.657814321000046],[80.40046214600005,8.655813500000022],[80.39477254300004,8.648389804000033],[80.40187903900005,8.64270119400004],[80.40723821200004,8.658879376000073],[80.41997888500003,8.662193096000067],[80.42228826000007,8.673740209000073],[80.44806118200006,8.69301073400004],[80.50398489800006,8.65791139700002],[80.51802351700007,8.658706768000059],[80.52291662400006,8.666245420000052]],[[80.39877799500005,8.706853911000053],[80.40525348200003,8.701136870000028],[80.39012370200004,8.693744770000023],[80.38768020500004,8.70179270500006],[80.39877799500005,8.706853911000053]]],[[[80.35963407400004,8.740193168000076],[80.35546349200007,8.734383320000063],[80.34306267200003,8.734350064000068],[80.34036381800007,8.715456999000025],[80.34848983600006,8.709375604000059],[80.35470984900007,8.719004349000045],[80.36348982200008,8.719341214000053],[80.35934227400008,8.728466457000025],[80.36722983600004,8.735928269000055],[80.35963407400004,8.740193168000076]]],[[[80.50479261700008,8.803835349000053],[80.49090144400003,8.802739303000067],[80.50243903100005,8.790956150000056],[80.50479261700008,8.803835349000053]]],[[[80.62961885500005,8.828086049000035],[80.60891661700003,8.833147358000076],[80.59778053200006,8.826799470000026],[80.58495163100008,8.806527305000031],[80.56348704300007,8.815888229000052],[80.56013825600007,8.807617840000034],[80.54450705300007,8.824522098000045],[80.52834388300005,8.821289368000066],[80.53448796100008,8.806183825000062],[80.51905658900006,8.806683547000034],[80.52255319900007,8.821975211000051],[80.50405224000008,8.824086144000034],[80.50334432300008,8.809866472000067],[80.51615742600006,8.805890386000044],[80.51545222000004,8.793976747000045],[80.52655878900003,8.779330895000044],[80.53844804200008,8.777736859000072],[80.53518481200007,8.80555780800006],[80.55152149600008,8.803290704000062],[80.54055690000007,8.768527360000064],[80.52918323600005,8.773222548000035],[80.51428969700004,8.75628415600005],[80.52221691700004,8.749095960000034],[80.52522116900008,8.729599680000035],[80.51744244200006,8.725698998000041],[80.52830342900006,8.715090734000057],[80.52657503100005,8.70796733700007],[80.55094396200008,8.695722701000022],[80.56669108900007,8.699876198000027],[80.56948968800003,8.717340947000025],[80.58798629100005,8.723427220000076],[80.59985703800004,8.745483523000075],[80.61484103000004,8.751695895000069],[80.63211688200005,8.780862771000045],[80.64753818500003,8.788943265000057],[80.65045618500005,8.798610082000039],[80.62961885500005,8.828086049000035]]]]}},{"type":"Feature","properties":{"district":"Vavuniya","subdivision":"Vengalacheddikulam","centroid_lon":80.29504,"centroid_lat":8.69194,"risk_modifier":0.6234,"river_prox":0.163,"coast_prox":1.0,"highland":0.0,"zone":"moderate","evac_rank":0,"flood_rank":0},"geometry":{"type":"MultiPolygon","coordinates":[[[[80.39877799500005,8.706853911000053],[80.38768020500004,8.70179270500006],[80.39012370200004,8.693744770000023],[80.40525348200003,8.701136870000028],[80.39877799500005,8.706853911000053]]],[[[80.39335841200005,8.72712464600005],[80.40887023000005,8.711790256000029],[80.40606427300008,8.699393429000054],[80.41115870400006,8.689614997000035],[80.45294784500004,8.707138421000025],[80.42759734100008,8.734923061000075],[80.39335841200005,8.72712464600005]]],[[[80.23314524300008,8.68018255100003],[80.23406088200005,8.628657015000044],[80.24770459700005,8.614930671000025],[80.25627619100004,8.617899462000025],[80.27102792000005,8.611270038000043],[80.28573541900005,8.559114012000066],[80.30272069700004,8.558459060000075],[80.31510818600003,8.547847216000036],[80.33791378300003,8.54697311700005],[80.34808999800003,8.591831422000041],[80.35890027400006,8.597194706000039],[80.37904474000004,8.588202679000062],[80.37785246100003,8.620587241000067],[80.37118440400008,8.626922557000057],[80.38207375800005,8.63388868100003],[80.38665469000006,8.625655383000037],[80.40187903900005,8.64270119400004],[80.39477254300004,8.648389804000033],[80.40046214600005,8.655813500000022],[80.37867111400004,8.657814321000046],[80.38365955900008,8.672361849000026],[80.35778632900008,8.671495675000074],[80.36181514800006,8.685009836000063],[80.35107982100004,8.693424436000043],[80.37368276100005,8.700589614000023],[80.38544821400006,8.734596226000065],[80.36227907300008,8.736081370000022],[80.36348982200008,8.719341214000053],[80.35470984900007,8.719004349000045],[80.34848983600006,8.709375604000059],[80.34036381800007,8.715456999000025],[80.34306267200003,8.734350064000068],[80.35546349200007,8.734383320000063],[80.35963407400004,8.740193168000076],[80.35279045200008,8.742361352000046],[80.33890224500004,8.770290601000056],[80.30143557800005,8.752491920000068],[80.29700491800008,8.760925985000029],[80.30359863200005,8.766693118000035],[80.27006825300003,8.822173706000058],[80.22675136400005,8.82686510700006],[80.19705972500003,8.765213164000045],[80.17889061600005,8.773104273000058],[80.16667443200004,8.750478165000061],[80.19208539000005,8.732765376000032],[80.23314524300008,8.68018255100003]]]]}}]}