{"type":"FeatureCollection","features":[{"type":"Feature","properties":{"district":"Ampara","centroid_lon":81.5825,"centroid_lat":7.22661},"geometry":{"type":"Polygon","coordinates":[[[81.73109808300006,6.958470528000021],[81.61586797600006,6.980796806000058],[81.61998249200008,6.997859380000023],[81.61303741600005,7.002526894000027],[81.61260720000007,7.017361376000053],[81.60571159600005,7.028429505000076],[81.61706796900006,7.048835550000035],[81.61171888400008,7.067237780000028],[81.59190158000007,7.070291403000056],[81.58831317100004,7.075264465000032],[81.55868128200007,7.081572395000023],[81.51845621800004,7.098455413000067],[81.50978910500004,7.117285005000042],[81.51174201700007,7.136723189000065],[81.50026892100004,7.146323452000047],[81.49951990800008,7.156795849000048],[81.47983895700008,7.164046398000039],[81.47970996700008,7.159428969000032],[81.47380729900004,7.162147283000024],[81.47344704100004,7.153212291000045],[81.46889275800004,7.154388641000025],[81.47189129100008,7.140056103000063],[81.46323451100005,7.148880802000065],[81.45501259200006,7.13165573200007],[81.45962254200003,7.129387595000026],[81.45528425200007,7.126493301000039],[81.45569749900005,7.109061404000045],[81.46866356800007,7.069557511000028],[81.45445731900008,7.055781869000043],[81.45831403700004,7.045368344000053],[81.43495930700004,7.063864095000042],[81.42381624000006,7.064555799000061],[81.41894693200004,7.055047146000049],[81.43199424000005,7.034612785000036],[81.45221886000007,7.027218174000041],[81.45453715800005,7.022102418000031],[81.46846995000004,7.018257361000053],[81.47978850000004,7.022643741000024],[81.49069242300004,7.016277088000038],[81.49071056200006,6.999429726000074],[81.49802601700003,6.995270942000047],[81.49930488000007,6.982246351000072],[81.50939476800005,6.965869409000049],[81.51572004300004,6.933745501000033],[81.52554566200007,6.93346682300006],[81.52285580100005,6.920411642000033],[81.52714961300006,6.914770832000045],[81.52037415300003,6.912854777000064],[81.51396494400007,6.920813338000073],[81.50863137000005,6.917240733000028],[81.50928826600006,6.924698048000039],[81.48259732000008,6.921671469000046],[81.48706602300007,6.924784069000054],[81.48486942600005,6.934895562000065],[81.47784103300006,6.936592889000053],[81.47367938100007,6.92922571500003],[81.46649512900007,6.933619635000071],[81.44517593800003,6.91320124300006],[81.44217741900007,6.91770630700006],[81.43573182900008,6.913265287000058],[81.41304744900003,6.922335366000027],[81.38710599800004,6.919584059000044],[81.38141137000008,6.911176739000041],[81.37024321300004,6.912633632000052],[81.36853825800006,6.90491522700006],[81.36012528200007,6.903243002000067],[81.35074311900007,6.903118512000049],[81.33872050700006,6.91136718100006],[81.34347626600004,6.913674344000071],[81.34504985600006,6.924360422000063],[81.33734405300004,6.923395],[81.32424010600005,6.933388986000068],[81.32496472600008,6.942207285000052],[81.31363652400006,6.965783914000042],[81.31627487900005,6.971353683000075],[81.30973885400005,7.015122271000052],[81.32420597600003,7.01594003200006],[81.34318753400004,7.043509675000053],[81.35737938300008,7.049619929000073],[81.35664943200004,7.06511851700003],[81.36650909600007,7.076072975000045],[81.38197873700005,7.081291098000065],[81.37534581100005,7.093857798000045],[81.38516098700006,7.104795655000032],[81.40049454800004,7.106727264000028],[81.41433337700005,7.114504397000076],[81.43053125600005,7.157966643000066],[81.43010881400005,7.167510757000059],[81.44461833700007,7.188334178000048],[81.43387662100008,7.196486561000029],[81.41858341900007,7.189250357000049],[81.39272033800006,7.208728038000061],[81.38584484800003,7.229129063000073],[81.38982579000003,7.238037034000058],[81.38305523100007,7.246095867000065],[81.38079087900007,7.259046395000041],[81.36689158600007,7.265583344000049],[81.36998031500008,7.291039247000072],[81.34782611600008,7.314755514000069],[81.36719213900005,7.327551424000035],[81.35804192900008,7.33961077500004],[81.32961807700008,7.333575172000053],[81.31865308800008,7.337893613000062],[81.31420004400007,7.316427472000044],[81.32255264100007,7.298023459000035],[81.31516374400007,7.277845196000044],[81.31952543200003,7.26485238600003],[81.29971813600008,7.256518494000034],[81.28349932200007,7.241934049000065],[81.28504777200004,7.249337895000053],[81.27526479700003,7.256689106000067],[81.27797359900006,7.262191298000062],[81.26614372800003,7.283062469000072],[81.26945566300003,7.292607020000048],[81.26099072200003,7.311884735000035],[81.24416077900008,7.327036128000032],[81.24442499200006,7.334386942000037],[81.23569482200008,7.342575731000068],[81.22808925000004,7.333373508000022],[81.21998263500006,7.331383973000072],[81.21321370200008,7.346439524000061],[81.20805507900008,7.347155928000063],[81.20155644200008,7.367429283000035],[81.19265616200005,7.375832873000036],[81.20030032200003,7.391100774000051],[81.18673175400005,7.438216820000036],[81.18104668600006,7.442184458000042],[81.19195652500008,7.45698997900007],[81.19037473400005,7.465059733000032],[81.19724748200008,7.469331348000026],[81.19701477000007,7.498090527000045],[81.20542873900007,7.516853454000056],[81.20316486400003,7.557296293000036],[81.18737681100004,7.572503608000034],[81.20308498500003,7.591661237000039],[81.20817350200008,7.610917799000049],[81.21989885400006,7.590028892000021],[81.24984740600007,7.592307624000057],[81.25935608100008,7.585473063000052],[81.29988498500006,7.522506648000046],[81.27782197600004,7.511069476000046],[81.30204187000004,7.47867853200006],[81.30211757400008,7.455636686000048],[81.31058823800004,7.45457164000004],[81.32022897000007,7.443063857000027],[81.30442650100008,7.418336275000058],[81.31045417500007,7.414807370000062],[81.30129121100003,7.410092635000069],[81.29865308000007,7.402458772000045],[81.28617033600005,7.405652544000077],[81.29064023400008,7.395995192000044],[81.29402632400007,7.391533413000047],[81.31700402900003,7.401541287000043],[81.32540357300007,7.397333304000028],[81.31850636900003,7.388758835000033],[81.32340223900007,7.381056661000059],[81.36319788200007,7.356917095000028],[81.37233997500005,7.357406737000076],[81.38455703100004,7.369296620000057],[81.37214392500005,7.395307500000058],[81.37276496100003,7.409045193000054],[81.38483239500005,7.406506205000028],[81.40416356200006,7.415564068000037],[81.40762412700008,7.421768697000061],[81.40510909200003,7.431354100000021],[81.43619212200008,7.443510127000025],[81.45318810400005,7.458609976000048],[81.48081854200007,7.456693260000065],[81.49255555700006,7.513327403000062],[81.52193876900003,7.507666763000032],[81.61549851000007,7.507333725000024],[81.64799901200007,7.523366790000068],[81.64594826000007,7.503389867000067],[81.65942235700004,7.469925233000026],[81.65516808800004,7.454114165000021],[81.66102329400007,7.452643616000046],[81.66208276200007,7.399109662000058],[81.67002437300005,7.404355383000052],[81.67208400300007,7.413661310000066],[81.69463281800006,7.423515665000025],[81.72385277600006,7.454711167000028],[81.74972417600003,7.455504208000036],[81.77227569000007,7.483940950000033],[81.79308562300008,7.466015803000062],[81.78440180000007,7.451496044000066],[81.78635096900007,7.439262024000072],[81.80317642100005,7.44069896600007],[81.81084815600008,7.460485751000022],[81.81610996000006,7.459572754000021],[81.82246314800005,7.433397103000061],[81.83700208300007,7.414028675000054],[81.86419343800003,7.322607995000055],[81.86798527700006,7.274877618000062],[81.86380464500007,7.269279199000039],[81.86060464900004,7.229859571000077],[81.85607029200008,7.103646458000071],[81.86819882700007,7.043378792000055],[81.87719996700008,7.022022415000038],[81.86415300800007,6.985290494000026],[81.86352340500008,6.964162289000058],[81.84211722200007,6.906891032000033],[81.84655686800005,6.896739790000026],[81.84145268200007,6.884344949000024],[81.84440703500007,6.871393359000024],[81.83143644800003,6.856479475000071],[81.83022307200008,6.842992218000063],[81.83848741300005,6.836397061000071],[81.82431253700008,6.822424770000055],[81.82302307100008,6.809489165000059],[81.81597082600007,6.815579509000031],[81.77717495500008,6.822466629000075],[81.76996350600007,6.833008992000032],[81.75851910300008,6.838226832000032],[81.76256781500007,6.893902855000022],[81.73109808300006,6.958470528000021]]]}},{"type":"Feature","properties":{"district":"Anuradhapura","centroid_lon":80.38925,"centroid_lat":8.26701},"geometry":{"type":"Polygon","coordinates":[[[80.43281472600006,7.945819820000054],[80.40623704500007,7.952697425000053],[80.39916595300008,7.965214126000035],[80.38809248700005,7.966971891000071],[80.38306164900007,7.960386035000056],[80.38136718900006,7.938717182000062],[80.36629012900005,7.91114963800004],[80.37676321900005,7.910180149000041],[80.37766509900007,7.903025506000063],[80.37691121200004,7.88628963900004],[80.36951117500007,7.87922992700004],[80.35419749500005,7.880917217000047],[80.34664990400006,7.887387870000055],[80.33698046800004,7.884261477000052],[80.32845826000005,7.893698877000077],[80.31638733600005,7.891849258000036],[80.31033579900003,7.896693184000071],[80.30265969100003,7.892861696000068],[80.28170632100006,7.899211471000058],[80.27011420300005,7.91891982900006],[80.26738080800004,7.935154537000074],[80.25616651300004,7.946504790000063],[80.25954545000008,7.967790470000068],[80.24676869300004,7.979778405000047],[80.21887787100007,7.972373502000039],[80.21170564100004,7.956393720000051],[80.19093672400004,7.948481073000039],[80.18049665400008,7.951794723000035],[80.16615802700005,7.949001317000068],[80.15927962600006,7.957620622000036],[80.13894556400004,7.954462899000021],[80.13251136200006,7.959259068000051],[80.13198987400006,7.971218771000053],[80.14757659500003,7.99820420900005],[80.14141631900003,8.006619409000052],[80.14634436600005,8.01760882700006],[80.14380136600005,8.040083177000042],[80.15066185100005,8.067141632000073],[80.12633537400006,8.07762304800002],[80.11293441600003,8.096332683000071],[80.10576439200008,8.151536604000057],[80.09661871600008,8.167146910000042],[80.10186248900004,8.18936504800007],[80.09411242200008,8.208625488000052],[80.08417604200008,8.210627947000035],[80.07708241100005,8.22287076400005],[80.06095713500008,8.218947101000026],[80.03527694400003,8.236271049000038],[80.02153832900007,8.224475633000054],[79.99790978700008,8.227548869000032],[79.99429703500005,8.25350059300007],[79.98048700900006,8.277469968000048],[79.98287216300008,8.285896154000056],[79.97269888200003,8.338113161000024],[79.94967687800005,8.369585886000038],[79.95326498900005,8.394736142000056],[79.96182911000005,8.399455488000058],[79.97915818700005,8.39933770600004],[79.98919371200003,8.415564313000061],[79.98683289600007,8.421685799000045],[80.01311642700006,8.439903523000055],[80.03018634800003,8.46606450400003],[80.04105334900004,8.498764730000062],[80.03089061700007,8.526174596000033],[80.05075573000005,8.525534767000067],[80.05385658600005,8.639157940000075],[80.04192437900008,8.674416220000069],[80.07728374600003,8.654230521000045],[80.08346304400004,8.657046628000046],[80.11282731400007,8.649372495000023],[80.23314524300008,8.68018255100003],[80.23388725900008,8.629022831000043],[80.24770459700005,8.614930671000025],[80.25627619100004,8.617899462000025],[80.27235814800008,8.609788378000076],[80.27175892200006,8.599248357000022],[80.27925400700008,8.589609988000063],[80.27730309600008,8.583159520000038],[80.28257247300007,8.57948766100003],[80.28573541900005,8.559114012000066],[80.30272069700004,8.558459060000075],[80.31510818600003,8.547847216000036],[80.34048354900006,8.547191940000062],[80.37922498900008,8.519819791000032],[80.39337399700008,8.521587474000057],[80.41328817700008,8.50928007400006],[80.43187228300008,8.506283008000025],[80.44079807400004,8.495430873000032],[80.45437868300007,8.490452273000074],[80.46734300900005,8.49405968000002],[80.47469669500003,8.505052870000043],[80.48658930400006,8.504965041000048],[80.49801148800003,8.51116498700003],[80.51704676500003,8.509359546000042],[80.53996484200007,8.49029222400003],[80.56442530100009,8.493023838000056],[80.57321996800005,8.500233516000037],[80.58476453200007,8.498036553000077],[80.59661281000007,8.514387817000056],[80.59360259000005,8.549471666000045],[80.62419935200006,8.587849082000048],[80.63954970100008,8.587171126000044],[80.65169766300005,8.557521965000035],[80.66940246700005,8.550288602000023],[80.70402947600007,8.56397223600004],[80.71055943400006,8.57171207600004],[80.71936249300006,8.567666012000075],[80.71853820500007,8.555382132000034],[80.71114361700006,8.551172010000073],[80.70455944800005,8.532063501000039],[80.71470799500008,8.51859543300003],[80.74259649400005,8.514442865000035],[80.73317249300004,8.491494317000047],[80.74280566700008,8.481103620000056],[80.77639186100004,8.472875412000064],[80.78024848800004,8.478127495000024],[80.79107145200004,8.477175275000036],[80.79696042100005,8.486908687000039],[80.79981630800006,8.485425406000047],[80.80420037200008,8.45755540500005],[80.79604543300007,8.450911487000042],[80.79892968300004,8.443576563000022],[80.80445794700006,8.44292206700004],[80.80295294300004,8.426445967000063],[80.78366821800006,8.409686398000076],[80.79063153100003,8.40873016100005],[80.80008555700005,8.393162705000066],[80.80996971500008,8.390651517000038],[80.81316194100003,8.378209606000041],[80.82300657100006,8.372657374000028],[80.81939341000003,8.361591692000047],[80.80712089200006,8.348731515000054],[80.80395911100004,8.313619681000034],[80.80708953700008,8.304457398000068],[80.80155465200005,8.291850556000043],[80.81625806400007,8.30108410500003],[80.82079628100007,8.278795306000063],[80.80384415300006,8.278637149000076],[80.78750049000007,8.230111900000054],[80.77260761500008,8.230352180000068],[80.76897124800007,8.224488192000024],[80.75058373000007,8.222093710000024],[80.74650127800004,8.212891932000048],[80.73909639000004,8.216308989000026],[80.74058291200004,8.211644077000074],[80.73432967400004,8.211236171000053],[80.73185789400003,8.205895959000031],[80.74098178200006,8.196710048000057],[80.73645825700004,8.19336942800004],[80.73275768900004,8.198242745000073],[80.72966985300008,8.189738440000042],[80.72838992000004,8.192159055000047],[80.71508177700008,8.192485340000076],[80.72137069000007,8.173207510000054],[80.72634842900004,8.176714063000077],[80.72798816400007,8.170349730000055],[80.73432248500006,8.169761476000076],[80.72769583000007,8.151285476000055],[80.72769318100006,8.131418128000064],[80.70273547000005,8.120998970000073],[80.68976203900007,8.108244042000024],[80.66384666900007,8.10929174000006],[80.67253343500005,8.093003133000025],[80.66290690600005,8.084823079000046],[80.66313230700007,8.068546757000036],[80.64917609500003,8.063791667000032],[80.66044366400007,8.052445478000038],[80.66452520100006,8.037519656000029],[80.66049600600007,8.002282689000026],[80.66678907900007,7.993102056000055],[80.66480788600006,7.988899865000064],[80.66081897400005,7.992937150000046],[80.65472067400003,7.99008599800004],[80.65969163300008,7.964511101000028],[80.65061145700008,7.943475351000075],[80.65186462900004,7.913509723000061],[80.63018622200008,7.899950751000063],[80.63618801600006,7.888147037000067],[80.62111668400007,7.883562120000022],[80.62150539100008,7.869777326000076],[80.61376653500008,7.866611540000065],[80.61201321400006,7.860319428000025],[80.59834849900005,7.855220748000022],[80.59239699300008,7.857273380000038],[80.58873610200004,7.867114209000022],[80.57231589300005,7.868826840000054],[80.56171381100006,7.848428553000076],[80.52402090300006,7.826807506000023],[80.50009719600007,7.82680457500004],[80.49949933200008,7.816842836000035],[80.48999524400006,7.819014356000025],[80.48177785900003,7.823178212000073],[80.47654541400004,7.841853645000072],[80.46676072700006,7.84976683800005],[80.47294509100004,7.856621732000065],[80.47780997900009,7.880693145000066],[80.46251819400004,7.909215871000072],[80.45828907400005,7.945284824000055],[80.44653364400006,7.954410232000043],[80.43281472600006,7.945819820000054]]]}},{"type":"Feature","properties":{"district":"Badulla","centroid_lon":81.1193,"centroid_lat":7.17588},"geometry":{"type":"Polygon","coordinates":[[[81.02680239100005,6.786385904000042],[81.01558849800006,6.770756177000067],[80.99297974200005,6.768605681000054],[80.97091914500004,6.751440208000076],[80.95830427800007,6.749184663000051],[80.95849608900005,6.754895973000032],[80.94396184200008,6.753684484000075],[80.95116266500008,6.763063],[80.91542775300007,6.772359521000055],[80.90786533600004,6.777242389000037],[80.90912004600006,6.786183021000056],[80.90030147100003,6.790128010000046],[80.91326115700008,6.79751449500003],[80.91085879600007,6.801200652000034],[80.91478377400006,6.805806834000066],[80.92084768300003,6.805746537000061],[80.94604666800006,6.839872128000025],[80.95742132400005,6.907643543000063],[80.95690166600008,6.91402871300005],[80.95241761700004,6.915407561000052],[80.95670821000004,6.923684112000046],[80.94824751700008,6.928155134000065],[80.96469528900008,6.963263893000033],[80.97415933200006,6.965525175000039],[80.97782185600005,6.975935203000063],[80.98667791900004,6.976966463000053],[80.98188233300004,6.980333090000045],[80.98424602200004,6.996028903000024],[80.97552491300007,7.007155244000046],[80.96638910700005,7.007188883000026],[80.95978643400008,7.021858599000041],[80.95903408600003,7.041523915000028],[80.96504684800004,7.060990939000021],[80.95581171200007,7.062419175000059],[80.95397909900004,7.071349124000051],[80.96285788100005,7.078741271000069],[80.95077424900006,7.089552482000045],[80.94948775700004,7.101137276000031],[80.96419016200008,7.121942729000068],[80.94895882500003,7.129379498000048],[80.94771891700003,7.138929636000057],[80.95088391800005,7.145676128000048],[80.96065483500007,7.142169164000052],[80.96074759400005,7.158252530000027],[80.94097878500008,7.197413980000022],[80.97023530100006,7.196815369000035],[80.97917073700006,7.212822424000024],[81.00524057100006,7.215593460000036],[81.01441616400007,7.232233554000061],[80.97444078700005,7.362505183000053],[80.97947865000003,7.395867981000038],[80.96687489900006,7.413270041000033],[80.97193940800008,7.427504789000068],[80.96945356200007,7.568833893000033],[80.97546591800005,7.586664515000052],[80.97752495600008,7.621320383000068],[80.98349646700007,7.617333875000043],[80.98394342800003,7.609361012000022],[81.00398425600008,7.602201210000032],[81.01237148300004,7.593672477000041],[81.01236632600006,7.551036769000063],[81.01848264800003,7.540434263000066],[81.02697455500004,7.536044674000038],[81.03838713500005,7.504136424000023],[81.07586349400003,7.510628153000027],[81.13112463500005,7.55743755900005],[81.18392914100008,7.572498719000066],[81.19122639300008,7.569501847000026],[81.20330251100006,7.556870699000058],[81.20542873900007,7.516853454000056],[81.19701477000007,7.498090527000045],[81.19724748200008,7.469331348000026],[81.19037473400005,7.465059733000032],[81.19195652500008,7.45698997900007],[81.18106789000007,7.441782461000059],[81.18673175400005,7.438216820000036],[81.20030032200003,7.391100774000051],[81.19265616200005,7.375832873000036],[81.20155644200008,7.367429283000035],[81.20809334600006,7.347088357000075],[81.21321370200008,7.346439524000061],[81.21998263500006,7.331383973000072],[81.22808925000004,7.333373508000022],[81.23569482200008,7.342575731000068],[81.24442499200006,7.334386942000037],[81.24416077900008,7.327036128000032],[81.26099072200003,7.311884735000035],[81.26945566300003,7.292607020000048],[81.26614372800003,7.283062469000072],[81.27797359900006,7.262191298000062],[81.27526479700003,7.256689106000067],[81.28504777200004,7.249337895000053],[81.28349932200007,7.241934049000065],[81.29971813600008,7.256518494000034],[81.31952543200003,7.26485238600003],[81.31516374400007,7.277845196000044],[81.32255264100007,7.298023459000035],[81.31420004400007,7.316427472000044],[81.31865308800008,7.337893613000062],[81.32961807700008,7.333575172000053],[81.35804192900008,7.33961077500004],[81.36719213900005,7.327551424000035],[81.34782611600008,7.314755514000069],[81.36998031500008,7.291039247000072],[81.36689158600007,7.265583344000049],[81.38079087900007,7.259046395000041],[81.38305523100007,7.246095867000065],[81.38982579000003,7.238037034000058],[81.38584484800003,7.229129063000073],[81.39272033800006,7.208728038000061],[81.41858341900007,7.189250357000049],[81.43387662100008,7.196486561000029],[81.44469303100004,7.187676287000045],[81.43010881400005,7.167510757000059],[81.43053125600005,7.157966643000066],[81.41504876700003,7.115471127000035],[81.40049454800004,7.106727264000028],[81.38516098700006,7.104795655000032],[81.37625934700003,7.094111343000066],[81.36362485500007,7.093790154000033],[81.34447273000006,7.105255140000054],[81.33840138000005,7.130557214000021],[81.34381270500006,7.137452333000056],[81.33490807800007,7.143245643000057],[81.33384817300004,7.155210444000033],[81.26842686900005,7.139515238000058],[81.25759333800005,7.128386573000057],[81.25221240000008,7.137648477000027],[81.24791181300003,7.135096311000041],[81.24747818800006,7.114362328000027],[81.23225159900005,7.109772128000031],[81.23436183700005,7.098242106000043],[81.22492755700006,7.089406684000039],[81.24120379700008,7.047004694000066],[81.24313808500006,7.022105562000036],[81.23489106800008,6.990998129000047],[81.22894639400005,6.989568704000021],[81.23174920700006,6.962236045000054],[81.22013832200008,6.964285827000026],[81.21722110100006,6.957018145000063],[81.22531951000008,6.94510811400005],[81.20524564900006,6.93877399400003],[81.19888309100008,6.930536494000023],[81.20558471600003,6.925256263000051],[81.20199957200003,6.920258797000031],[81.18511473200005,6.920481107000057],[81.17959957200003,6.927699178000069],[81.17520468200007,6.902231384000061],[81.16510518400008,6.900826701000028],[81.15504009200004,6.888653329000022],[81.11215767800007,6.872085310000045],[81.10914000100007,6.863557191000041],[81.13554638000005,6.840215336000028],[81.12968782700005,6.833197392000045],[81.11361094600005,6.82737220000007],[81.09548707200008,6.828120454000043],[81.09251861400008,6.823724808000065],[81.09685251800005,6.811423182000055],[81.08441634800005,6.806820405000053],[81.07871527600008,6.813773825000055],[81.06417254500008,6.81311065500006],[81.04257824900003,6.790212616000076],[81.02680239100005,6.786385904000042]]]}},{"type":"Feature","properties":{"district":"Batticaloa","centroid_lon":81.46626,"centroid_lat":7.67719},"geometry":{"type":"MultiPolygon","coordinates":[[[[81.49209274500004,7.511862262000022],[81.47770008000003,7.453999630000055],[81.45318810400005,7.458609976000048],[81.43619212200008,7.443510127000025],[81.40510909200003,7.431354100000021],[81.40762412700008,7.421768697000061],[81.40416356200006,7.415564068000037],[81.38483239500005,7.406506205000028],[81.37276496100003,7.409045193000054],[81.37214392500005,7.395307500000058],[81.38455703100004,7.369296620000057],[81.37233997500005,7.357406737000076],[81.36319788200007,7.356917095000028],[81.34263893600007,7.366390641000066],[81.32340223900007,7.381056661000059],[81.31850636900003,7.388758835000033],[81.32540357300007,7.397333304000028],[81.31700402900003,7.401541287000043],[81.29402632400007,7.391533413000047],[81.29064023400008,7.395995192000044],[81.28617033600005,7.405652544000077],[81.29865308000007,7.402458772000045],[81.30129121100003,7.410092635000069],[81.31045417500007,7.414807370000062],[81.30442650100008,7.418336275000058],[81.32022897000007,7.443063857000027],[81.31058823800004,7.45457164000004],[81.30211757400008,7.455636686000048],[81.30204187000004,7.47867853200006],[81.27782197600004,7.511069476000046],[81.29988498500006,7.522506648000046],[81.25935608100008,7.585473063000052],[81.24984740600007,7.592307624000057],[81.21989885400006,7.590028892000021],[81.20363308100008,7.620583188000069],[81.21405386600009,7.644854353000028],[81.20983163800008,7.652428249000025],[81.21894922400008,7.652460157000064],[81.22146925700008,7.672774685000036],[81.23903752500007,7.681237645000067],[81.23581079400003,7.689040343000045],[81.23944667300003,7.693613967000033],[81.23618273900007,7.707688374000043],[81.23918029500004,7.714913508000052],[81.23223447800007,7.722428205000028],[81.23849429000006,7.73800446000007],[81.23584553900008,7.759661871000048],[81.22442804600007,7.782362966000051],[81.22826649000007,7.79415619100007],[81.22284860400003,7.820837589000064],[81.23031572700006,7.845315976000052],[81.22473018500006,7.867048154000031],[81.23471815700003,7.887263445000031],[81.23501125700005,7.921113958000035],[81.25180731000006,7.936614898000073],[81.27274613100008,7.93702544000007],[81.28752445400005,7.947473161000062],[81.29564453400008,7.946362562000047],[81.30465079200007,7.936297388000071],[81.33741566400005,7.935978155000043],[81.33367048000008,7.963684740000076],[81.37598662100004,7.966145097000037],[81.41231915700007,7.963687349000054],[81.43082561300008,7.951566865000075],[81.45469729000007,7.951673171000039],[81.46886617100006,7.944668688000036],[81.52044251900008,7.945926052000061],[81.52333411500007,7.933768382000039],[81.51150304200007,7.921394544000066],[81.51079396100005,7.911795489000042],[81.51289805200008,7.905552940000064],[81.50922893600006,7.901083247000031],[81.50857332700008,7.902326685000048],[81.50735055400008,7.90276695600005],[81.50549106000005,7.901185135000048],[81.50500731400007,7.904194118000021],[81.50240279800005,7.905071208000038],[81.50540977000009,7.900966627000059],[81.50926182700005,7.900400378000029],[81.51075601100007,7.896430905000045],[81.50792566600006,7.893747692000034],[81.50737056500003,7.891727686000024],[81.51027424400007,7.894960516000026],[81.51461834200006,7.888392196000041],[81.51516227700006,7.890999562000047],[81.52181067500004,7.857485822000058],[81.52537095000008,7.859891915000048],[81.52942020000006,7.855787891000034],[81.54560197300003,7.827623767000034],[81.53844699100006,7.826141904000053],[81.53371786200006,7.83274066000007],[81.52995287600004,7.826173441000037],[81.51166017500003,7.830734856000049],[81.51505360600004,7.811376038000049],[81.51492286100006,7.816442765000033],[81.52274397300005,7.816315538000026],[81.52634789100006,7.821779203000062],[81.54191658600007,7.818591591000029],[81.54925892900008,7.831696979000071],[81.53917552100006,7.842183743000021],[81.54206623500005,7.84771958400006],[81.53913145100006,7.845648052000058],[81.52371535900005,7.863739002000045],[81.52384812300005,7.873495870000056],[81.51765263600004,7.878911277000043],[81.51727189300004,7.880931722000071],[81.51786190300004,7.879893479000032],[81.52011128500004,7.883927938000056],[81.52074822100008,7.886643731000049],[81.51389944500005,7.901429364000023],[81.51418808200003,7.898605644000043],[81.51202976000008,7.899532997000051],[81.51133656400003,7.900660758000072],[81.51078961500008,7.902526323000075],[81.51268593500004,7.899619639000036],[81.51354117300008,7.903708567000024],[81.51518873300006,7.90077500700005],[81.51780352900005,7.906457968000041],[81.51375647100008,7.921282029000054],[81.52432897900007,7.926986247000059],[81.51825852900004,7.921506027000021],[81.51793608000008,7.917525402000024],[81.52433776700008,7.926030917000048],[81.54886250300007,7.932476353000027],[81.55523780500005,7.942836396000075],[81.56157695900004,7.926787096000055],[81.57368747500004,7.926689074000024],[81.58102596500004,7.919726156000024],[81.56669053100006,7.917330635000042],[81.56183137400006,7.895484650000071],[81.56783320300008,7.867819524000026],[81.58104784900007,7.842686782000044],[81.60412836100005,7.823469715000044],[81.61837314700006,7.828328831000022],[81.64127510100008,7.787700620000066],[81.66861474700005,7.765436737000073],[81.68374600800007,7.759918652000067],[81.68077793100008,7.760383361000038],[81.68429847600004,7.75531645500007],[81.68054375700007,7.756757700000037],[81.68418898800007,7.750155210000059],[81.70277195800008,7.729494241000054],[81.70353877700006,7.720279216000051],[81.69835297200007,7.713940308000076],[81.67559795700004,7.729191016000073],[81.68100218800004,7.71813918600003],[81.67766422000005,7.709262051000053],[81.68168874400004,7.709795154000062],[81.68558462400006,7.70114779000005],[81.68212753700004,7.692186499000059],[81.67021467900008,7.692015549000075],[81.66258526700005,7.723137705000056],[81.66483842800005,7.733133076000058],[81.64881114300005,7.747994173000052],[81.63808836300007,7.746623149000072],[81.61491861500008,7.765531461000023],[81.59881564400007,7.770887240000036],[81.59238492900005,7.76555765300003],[81.59359291000004,7.758752794000031],[81.58322446100004,7.75480581000005],[81.58647603800006,7.750255077000077],[81.57811741000006,7.743205561000025],[81.57770562000007,7.728498930000057],[81.57329408000004,7.729015968000056],[81.56548863000006,7.720750033000058],[81.57025260100005,7.719410434000054],[81.57513605000008,7.728695023000057],[81.57749555900006,7.723811917000035],[81.60782153300005,7.711258217000022],[81.61770062700003,7.734508639000069],[81.63273838200007,7.722210802000063],[81.65495784200004,7.721086888000059],[81.65350233700008,7.714300275000028],[81.65063690600005,7.716452257000071],[81.63331945900006,7.704049476000023],[81.63841185400008,7.699573233000024],[81.64175224900004,7.706299236000064],[81.64872106200005,7.707333091000066],[81.65047830700007,7.69911350600006],[81.66477886900003,7.689861691000033],[81.66235727400004,7.685992342000077],[81.66834117500008,7.668010712000068],[81.67179349100007,7.670501767000076],[81.66988141200005,7.680742815000031],[81.68336069200006,7.678696084000023],[81.69519655400006,7.655536156000039],[81.68622406400004,7.652331315000026],[81.68435775900008,7.638379709000048],[81.69029822100003,7.639324707000071],[81.69106304400003,7.634879840000053],[81.68710342200006,7.632565167000052],[81.69865070100008,7.632540565000056],[81.70276801300008,7.641144456000063],[81.70949796600007,7.628203378000023],[81.71030026900007,7.636890314000027],[81.71880405600007,7.647739581000053],[81.72848417600005,7.628313595000066],[81.72575054300006,7.624598191000075],[81.72570914800008,7.621048008000059],[81.72981764700006,7.62555401700007],[81.73317569400007,7.622982611000054],[81.73271326700007,7.627039570000022],[81.74044725000005,7.620402923000029],[81.75296298700005,7.598053136000033],[81.75078786000006,7.593708008000021],[81.74483710900006,7.599075744000061],[81.74371384700004,7.598265090000041],[81.74758396000004,7.589912500000025],[81.76864866400007,7.578976468000064],[81.75800491400008,7.565278325000065],[81.74951113700007,7.561565081000026],[81.74498461100006,7.56511411200006],[81.74372727300005,7.561846591000062],[81.75405527200007,7.552086565000025],[81.75594849100008,7.558058678000066],[81.76265893500005,7.560309294000035],[81.76926055400008,7.546502365000038],[81.76755821700004,7.536728224000058],[81.76026589400004,7.534857951000049],[81.73898506200004,7.546483777000049],[81.74101095300006,7.530429411000057],[81.74536435300007,7.52775626500005],[81.75203726700005,7.53482785500006],[81.76412795400006,7.533769301000063],[81.76962823500008,7.522142992000056],[81.77977166200003,7.519790791000048],[81.76682261100007,7.511367505000067],[81.76521670500006,7.501535545000024],[81.74424479300006,7.509390570000051],[81.74966282700007,7.506594931000052],[81.75676046800004,7.487833328000022],[81.76713630100005,7.482648675000064],[81.76522600600003,7.477480641000056],[81.75739265700008,7.478271620000044],[81.75000070800007,7.45574655300004],[81.72385277600006,7.454711167000028],[81.69463281800006,7.423515665000025],[81.67208400300007,7.413661310000066],[81.67002437300005,7.404355383000052],[81.66208276200007,7.399109662000058],[81.66102329400007,7.452643616000046],[81.65516808800004,7.454114165000021],[81.65942235700004,7.469925233000026],[81.64594826000007,7.503389867000067],[81.64799901200007,7.523366790000068],[81.61549851000007,7.507333725000024],[81.52193876900003,7.507666763000032],[81.49209274500004,7.511862262000022]]],[[[81.51633654800008,7.892888768000034],[81.52045336200007,7.886638652000045],[81.51899258500003,7.883686485000055],[81.51700057200003,7.888517613000033],[81.51633654800008,7.892888768000034]]],[[[81.51182144000006,7.895261072000039],[81.51564746400004,7.893716763000043],[81.51395404300007,7.890758210000058],[81.51182144000006,7.895261072000039]]],[[[81.50811146600006,7.901559776000056],[81.50780833000005,7.902469369000073],[81.50852808800005,7.902133703000061],[81.50811146600006,7.901559776000056]]],[[[81.51473904200003,7.902870030000031],[81.51523184400008,7.904337951000059],[81.51632868700005,7.904871781000054],[81.51473904200003,7.902870030000031]]],[[[81.51707865900005,7.906020162000061],[81.51694763600005,7.906765568000026],[81.51704390500004,7.907251267000049],[81.51707865900005,7.906020162000061]]],[[[81.51135722100008,7.912511936000044],[81.51627912000004,7.90998770300007],[81.51411740500004,7.906916237000075],[81.51135722100008,7.912511936000044]]],[[[81.51151796800008,7.911524475000022],[81.51111395600003,7.911444011000071],[81.51107325500004,7.912111297000024],[81.51151796800008,7.911524475000022]]],[[[81.52068953700007,7.928572913000039],[81.52170310600007,7.92879417100005],[81.52808863800004,7.928215655000031],[81.52068953700007,7.928572913000039]]],[[[81.52135080200003,7.931595668000057],[81.52158358200006,7.931462052000029],[81.51980107400004,7.928766575000054],[81.52135080200003,7.931595668000057]]],[[[81.52362803200003,7.934234721000053],[81.54335758000008,7.946964997000066],[81.54794694400005,7.940942718000031],[81.53521721700008,7.93198065100006],[81.52362803200003,7.934234721000053]]],[[[81.81611943300004,7.459683769000037],[81.80371412100004,7.448664908000069],[81.80328587700006,7.440783798000041],[81.79363682600007,7.43946720200006],[81.79510997200003,7.458530564000057],[81.80282230400007,7.451134435000029],[81.80602779200007,7.457932431000074],[81.80714589300004,7.477348516000063],[81.80108580700005,7.484494962000042],[81.80309793800006,7.498640505000026],[81.79713849000007,7.49418369600005],[81.79730065600006,7.477310845000034],[81.79350818600005,7.474364960000059],[81.78347264600006,7.478036855000028],[81.76796518900005,7.497123650000049],[81.76845695300005,7.508507425000062],[81.78108785000006,7.51930726300003],[81.77026960100005,7.556067613000039],[81.77526671200008,7.570901971000069],[81.77242772800008,7.578175521000048],[81.77875527200007,7.58310446400003],[81.76367429300007,7.592906577000065],[81.75087079500008,7.623441470000046],[81.75019934700003,7.635987079000074],[81.74560811600008,7.641127107000045],[81.73061311900005,7.637815816000057],[81.71883727100004,7.657045289000052],[81.72494214400007,7.666575502000057],[81.70569437500006,7.711943269000074],[81.70966861700003,7.729659635000075],[81.68476633400007,7.760754597000073],[81.70657025600008,7.739431739000054],[81.77816118800007,7.615757789000043],[81.79852097100007,7.553374530000042],[81.81430049500005,7.474018545000035],[81.81611943300004,7.459683769000037]],[[81.80389677100004,7.497014840000077],[81.80763379800004,7.476970676000064],[81.80955706100008,7.475847735000059],[81.81151182300005,7.467957854000076],[81.81348150400004,7.464765544000045],[81.81443717300004,7.464224892000061],[81.80389677100004,7.497014840000077]]],[[[81.76918211100008,7.536048390000076],[81.76943301500006,7.536897875000022],[81.76963548100008,7.536550826000052],[81.76918211100008,7.536048390000076]]],[[[81.73082900900005,7.634592330000032],[81.72928540700008,7.635572319000062],[81.72986454300008,7.636005154000031],[81.73082900900005,7.634592330000032]]],[[[81.72665960000006,7.637258906000056],[81.72400693200007,7.640332447000048],[81.72587067900008,7.642159501000037],[81.72665960000006,7.637258906000056]]],[[[81.69392231900008,7.64696026300004],[81.69217367700008,7.647933283000043],[81.69283294700006,7.648858477000033],[81.69392231900008,7.64696026300004]]],[[[81.70180442100008,7.648642171000063],[81.69607992500005,7.651979993000054],[81.69892114200007,7.655716874000063],[81.70219902100007,7.65366547800005],[81.70180442100008,7.648642171000063]]],[[[81.70751316600007,7.688065674000029],[81.69303691600004,7.670544392000068],[81.68846671100005,7.686205751000045],[81.69069219200009,7.700551469000061],[81.69518168800005,7.703809899000021],[81.70297273100005,7.701137220000021],[81.70751316600007,7.688065674000029]]],[[[81.66391887600008,7.702565784000058],[81.66093855300005,7.696420173000035],[81.65711728400004,7.698844850000057],[81.65833362000006,7.702362188000052],[81.66391887600008,7.702565784000058]]],[[[81.69616159900005,7.713986010000042],[81.70102943500007,7.711735685000065],[81.69877539000004,7.708054290000064],[81.68791444700008,7.702870268000026],[81.68330588800006,7.712239210000064],[81.68603468200007,7.708952642000042],[81.69616159900005,7.713986010000042]]]]}},{"type":"Feature","properties":{"district":"Colombo","centroid_lon":79.97015,"centroid_lat":6.87567},"geometry":{"type":"Polygon","coordinates":[[[79.91652020700008,6.758002250000061],[79.89128450300007,6.777108011000053],[79.88432772700008,6.77293131600004],[79.89953209500004,6.731272693000051],[79.89896364500004,6.714996162000034],[79.86067262000006,6.824631951000072],[79.86029266200006,6.848662302000037],[79.84031550700007,6.929532212000026],[79.83817467900008,6.924837903000025],[79.83353899500008,6.922572590000073],[79.83219836200004,6.92231378300005],[79.82834784000005,6.922313816000042],[79.83593340800007,6.924964063000061],[79.82040252800005,6.94471577500002],[79.82052513100007,6.957141893000028],[79.82882291400006,6.96561605900007],[79.82113616500004,6.956829714000037],[79.82167241300004,6.944309905000068],[79.83696294000003,6.945004421000021],[79.83769953000007,6.95148467100006],[79.84007423000008,6.945482466000044],[79.84241036200007,6.954419722000068],[79.83778877500004,6.960440270000049],[79.84273182400005,6.955461154000034],[79.84410144100008,6.951468409000029],[79.84079097700004,6.939565253000069],[79.84705109200007,6.938712385000031],[79.85534974700005,6.956143594000025],[79.85116996100004,6.960787736000043],[79.86250576700007,6.964934010000036],[79.86709415800004,6.974289215000056],[79.86604420600008,7.000552844000026],[79.84015711300003,7.111703522000028],[79.87662403000007,7.095396368000024],[79.87479520000005,7.064406201000054],[79.88541723900005,7.035247768000033],[79.90640662000004,7.035487758000045],[79.91412282100003,7.027270586000043],[79.91418379300006,7.018630067000061],[79.93220454700008,7.020688680000035],[79.93699845500004,7.008876149000059],[79.92933897700004,7.001230460000045],[79.90150940300003,7.005745905000026],[79.89815931700008,7.009927883000046],[79.89672265200005,7.005795413000044],[79.90695076000003,6.989427885000055],[79.91604168300006,6.985981808000076],[79.92719054600008,6.992747880000024],[79.93685582400008,6.990814606000072],[79.93614181000004,6.977512388000036],[79.92436193900005,6.969746096000051],[79.92500182800006,6.950963639000065],[79.93225407000006,6.950003347000063],[79.94173353000008,6.938112748000037],[79.95268779500003,6.942817200000036],[79.98370606700007,6.935051872000031],[79.99175373000008,6.943903498000054],[80.01138579700006,6.946605552000051],[80.01785636000005,6.924478032000025],[80.05064040300005,6.913015508000058],[80.05288712800007,6.907155613000043],[80.06281139500004,6.908228087000055],[80.07080045400005,6.875002072000029],[80.08169396100004,6.859978114000057],[80.09649888200005,6.861210645000028],[80.09912765000007,6.873079413000028],[80.11032572800008,6.870287355000073],[80.11202459100008,6.881890430000055],[80.12374426300005,6.887868197000046],[80.14061053600005,6.878122417000043],[80.14621748700006,6.868977929000039],[80.15903683100004,6.873027727000022],[80.16864409300007,6.864216719000069],[80.17719078100004,6.865320378000035],[80.17350121400005,6.857422716000031],[80.19273175500007,6.851199747000067],[80.20089992000004,6.830001663000075],[80.19698798200005,6.813992055000028],[80.18721333400003,6.81442525500006],[80.18540923900008,6.81833522200003],[80.17765665000007,6.814110694000021],[80.17207499100004,6.821336322000036],[80.16471978800007,6.816242680000073],[80.14684804300003,6.826125881000053],[80.11427015000004,6.805027204000055],[80.12411587200006,6.78187904400005],[80.12133458200003,6.770491180000022],[80.10723012700004,6.770982536000076],[80.09582009900004,6.794566092000025],[80.09573498000003,6.803936678000071],[80.08761682400007,6.814979039000036],[80.08300863500006,6.812534934000041],[80.07780685000006,6.816477493000036],[80.06083584800007,6.790524384000037],[80.04118267400008,6.797761127000058],[80.03413354100007,6.806025060000024],[80.02591920000003,6.792613705000065],[80.00230979500003,6.777847165000026],[80.00082664700005,6.770606493000059],[79.97628484300003,6.758020127000066],[79.95175973700003,6.758405282000069],[79.94835730400007,6.763073175000045],[79.94346217400005,6.749284448000026],[79.92484305700003,6.747181675000036],[79.91643439700005,6.750023565000049],[79.91652020700008,6.758002250000061]]]}},{"type":"Feature","properties":{"district":"Galle","centroid_lon":80.27104,"centroid_lat":6.19851},"geometry":{"type":"MultiPolygon","coordinates":[[[[80.23961851000007,6.028177514000049],[80.23495404600004,6.032648398000049],[80.22687958500006,6.030209073000037],[80.22968830700006,6.034166322000033],[80.22247102200004,6.036224803000039],[80.21635800700005,6.032742527000039],[80.21535726400003,6.023263281000027],[80.20685125600005,6.035638297000048],[80.18809143400006,6.043721419000065],[80.16679147100007,6.066344281000056],[80.12146525500003,6.100626060000025],[80.12079315500006,6.111072837000052],[80.09748909700005,6.130937269000071],[80.09711123900007,6.146652036000035],[80.08647994400008,6.166636858000061],[80.06026468200008,6.191901940000037],[80.06076832500008,6.204774384000075],[80.04330264700008,6.244945041000051],[80.05350925900007,6.243262623000021],[80.06414536200003,6.256849387000045],[80.05844959500007,6.272922094000023],[80.06405294100006,6.280964096000048],[80.06043957900005,6.296480884000061],[80.06830883900005,6.301797779000026],[80.06660725800003,6.31495988000006],[80.07893575100007,6.322431146000042],[80.07258275200007,6.350925670000038],[80.06231025000005,6.357632176000038],[80.07101550800007,6.367337003000046],[80.07271316300006,6.377026585000067],[80.07911542500005,6.379015398000035],[80.09393453700005,6.362635019000038],[80.10349888200005,6.362280456000065],[80.11118287700003,6.343332701000065],[80.11950961100007,6.34118670600003],[80.12131188700005,6.333118587000058],[80.13838522400005,6.335991032000038],[80.13112161800007,6.348344327000063],[80.13011403200005,6.367598685000075],[80.15238329700009,6.367383009000037],[80.18771291600007,6.354184994000036],[80.20554809400005,6.359500481000055],[80.20428862000006,6.372063299000047],[80.21006901500004,6.371097557000041],[80.21578805000007,6.379910174000031],[80.23689920900006,6.376618214000075],[80.26534660600004,6.350489886000048],[80.27354536600006,6.348533477000046],[80.29538473900004,6.324535222000065],[80.29917554200006,6.334580029000051],[80.28825110400004,6.369981276000033],[80.28742448100007,6.390766432000021],[80.29376169700004,6.396004593000043],[80.31430695800003,6.39908894000007],[80.36982926800005,6.318790972000045],[80.38390709700008,6.332080695000059],[80.40675676100005,6.333615020000025],[80.41020963600005,6.325743568000064],[80.42755115400007,6.317191467000043],[80.42982502800004,6.309612612000024],[80.44324700900006,6.301847488000021],[80.45164818700005,6.287258940000072],[80.45744783800006,6.290067285000021],[80.46444092400003,6.28131094500003],[80.47674107500006,6.282308990000047],[80.48288057700006,6.270025128000043],[80.49573824500004,6.272557745000029],[80.49932338600007,6.249252548000072],[80.51313913700005,6.236544924000043],[80.51383007900006,6.226672681000025],[80.52210550300003,6.228383449000034],[80.52514840300006,6.235134426000059],[80.54499553800008,6.235694497000054],[80.53997045000006,6.228697901000032],[80.55049869100003,6.220835056000055],[80.55129037400008,6.212632818000031],[80.54646775000003,6.209360222000043],[80.54939179000007,6.199890286000027],[80.54362075500006,6.190900714000065],[80.53325597800006,6.186012305000077],[80.53388365900008,6.177532841000072],[80.52876340900008,6.17795564000005],[80.52518617900006,6.166754055000069],[80.51023081600005,6.174580543000047],[80.49552864600008,6.175719806000075],[80.49335286200005,6.162144785000066],[80.48230016800005,6.158798546000071],[80.46902920100007,6.18268428500005],[80.45041949300008,6.177149479000036],[80.44969305600006,6.21564406300007],[80.43945928900007,6.225801628000056],[80.42164052500004,6.213029197000026],[80.38410045600006,6.219496520000064],[80.40067474300008,6.191600091000055],[80.38508343300003,6.185849619000066],[80.39372007400004,6.17070934000003],[80.38127945700006,6.164287637000029],[80.38270896800003,6.138015114000041],[80.39944100600007,6.126373604000037],[80.40396736200006,6.112628046000054],[80.41942422800008,6.109380921000025],[80.41972950500008,6.104037705000053],[80.43567112900007,6.091867980000075],[80.41090439200008,6.07278108600002],[80.40283636300006,6.054733476000024],[80.39866913800006,6.052724354000077],[80.39109673600007,6.058003734000067],[80.38532634200004,6.054195074000063],[80.38717983200007,6.035771287000046],[80.41088533400006,6.032804748000046],[80.42205322500007,6.019625113000075],[80.40795367800007,6.012150244000054],[80.39856225800008,6.014487710000026],[80.38838396000006,6.010111250000023],[80.37946275100006,5.983408720000057],[80.38401462700006,5.972342142000059],[80.37971047900004,5.96444961900005],[80.31459077000005,5.990282586000035],[80.26253954500004,5.998862939000048],[80.24753181900007,6.009245177000025],[80.24109893700006,6.005190731000027],[80.23265804900007,6.017221732000053],[80.23795378100004,6.019177857000045],[80.23961851000007,6.028177514000049]]],[[[80.09696487700006,6.13500625000006],[80.09555491300006,6.136376904000031],[80.09662195300007,6.139252889000034],[80.09696487700006,6.13500625000006]]]]}},{"type":"Feature","properties":{"district":"Gampaha","centroid_lon":80.25592,"centroid_lat":7.38218},"geometry":{"type":"MultiPolygon","coordinates":[[[[80.01201526900007,6.946044293000057],[79.99175373000008,6.943903498000054],[79.98370606700007,6.935051872000031],[79.95268779500003,6.942817200000036],[79.94173353000008,6.938112748000037],[79.93225407000006,6.950003347000063],[79.92500182800006,6.950963639000065],[79.92436193900005,6.969746096000051],[79.93614181000004,6.977512388000036],[79.93685582400008,6.990814606000072],[79.92719054600008,6.992747880000024],[79.91604168300006,6.985981808000076],[79.90695076000003,6.989427885000055],[79.89672265200005,7.005795413000044],[79.89815931700008,7.009927883000046],[79.90150940300003,7.005745905000026],[79.92933897700004,7.001230460000045],[79.93699845500004,7.008876149000059],[79.93220454700008,7.020688680000035],[79.91418379300006,7.018630067000061],[79.91412282100003,7.027270586000043],[79.90640662000004,7.035487758000045],[79.88541723900005,7.035247768000033],[79.87479520000005,7.064406201000054],[79.87662403000007,7.095396368000024],[79.85091784500008,7.106217815000036],[79.85747764600006,7.111992841000074],[79.86042429500003,7.125836763000052],[79.86450484900007,7.110754132000068],[79.86995806800007,7.121315802000026],[79.86478721700007,7.165503788000024],[79.85049789800007,7.194777081000041],[79.84608692100005,7.198974666000026],[79.83406462400006,7.194442430000038],[79.83614496300004,7.189805196000066],[79.83113523400004,7.184903610000049],[79.82224665700005,7.189162038000063],[79.82086538800007,7.182887774000051],[79.83005434800003,7.151531454000065],[79.83675490200005,7.145933073000037],[79.83646327700006,7.130335319000039],[79.84527705300007,7.11969077200007],[79.84053658400006,7.111742376000052],[79.81790541400005,7.184894992000068],[79.81717148100006,7.206679364000024],[79.82382914900006,7.207947606000062],[79.82786446400007,7.198271317000035],[79.83153446500006,7.198999021000077],[79.82797717800008,7.205254746000037],[79.83273370800003,7.20785756600003],[79.82647804800007,7.205823587000054],[79.82643499400007,7.20952430400007],[79.83701916200005,7.223858972000073],[79.83951390900006,7.266802687000052],[79.79095213200003,7.519632347000027],[79.81152976300007,7.519155610000041],[79.81211146500004,7.511848791000034],[79.82320390100006,7.514570712000022],[79.82261769300004,7.53498406600005],[79.83031398700007,7.538087613000073],[79.83590833400007,7.559614616000033],[79.84078763000008,7.562596687000052],[79.84161274200005,7.554702425000073],[79.84566291900006,7.553685205000022],[79.84549341300004,7.559315496000067],[79.86405310500004,7.555973771000026],[79.86351138300006,7.560476689000041],[79.87295770800006,7.563204219000056],[79.87258387400004,7.578782506000039],[79.89628029000005,7.589845957000023],[79.90252052000005,7.587448021000057],[79.89802181200008,7.556787800000052],[79.90857496000007,7.556731891000027],[79.91795361500004,7.542399723000074],[79.93684572600006,7.541810823000048],[79.93975241300006,7.532059688000061],[79.94566040000007,7.532058728000038],[79.94547266000006,7.524969909000049],[79.96080956900005,7.527431818000025],[79.96942733400004,7.540610698000023],[79.97703676600008,7.539408880000053],[79.97405331300007,7.515261309000039],[79.98698953800005,7.525664311000071],[79.99255373100004,7.52068478800004],[79.99539419800004,7.508780284000068],[79.98775838100005,7.497758163000071],[79.99175844900003,7.487297725000076],[79.98464246300006,7.486846477000029],[79.98438279200008,7.46813187500004],[79.98875589100004,7.460055103000059],[79.98488868200008,7.44034840300003],[79.99499631200007,7.434995513000047],[79.99607492500007,7.427070897000021],[80.00784152400007,7.423217086000022],[80.06497523700006,7.429939624000042],[80.07114555700008,7.406630580000069],[80.08301333200006,7.40274714800006],[80.08377854200006,7.398409136000055],[80.08873020300007,7.404311544000052],[80.09689317500005,7.404360569000062],[80.09893537900007,7.411004874000071],[80.10651679800003,7.409044355000049],[80.10837203000006,7.403055792000032],[80.12436042200005,7.413666528000022],[80.13484881000005,7.405844538000053],[80.13232811800003,7.410086223000064],[80.13995800100008,7.410734183000045],[80.14082591100004,7.416440869000041],[80.14722773600005,7.418857382000056],[80.15556042500003,7.411182423000071],[80.15516657600006,7.394046837000076],[80.14398831300008,7.387456910000026],[80.14037572000007,7.389746145000061],[80.12120741900003,7.370622470000058],[80.12065883800005,7.364210841000045],[80.13283945200004,7.350944048000031],[80.12310750300009,7.329811465000034],[80.13721277200005,7.322770619000039],[80.14689419800004,7.311824482000077],[80.14153719900008,7.303358536000076],[80.16563701900003,7.286166385000058],[80.18241560600006,7.261054296000054],[80.18841874100008,7.263270116000058],[80.19842211400004,7.250818579000054],[80.19849925700004,7.244795190000048],[80.18459196000003,7.234922514000061],[80.18728275800004,7.226908919000039],[80.18031573000007,7.193480546000046],[80.16093827200007,7.193853128000057],[80.15666289500007,7.184091077000062],[80.15087027400006,7.192404562000036],[80.14406533100004,7.188648501000046],[80.15179642700008,7.182876006000072],[80.15517406900005,7.166673409000055],[80.15189690100004,7.150016624000045],[80.16119554100004,7.124791881000021],[80.17261061400006,7.135927425000034],[80.20086511900007,7.136728338000069],[80.21061333200004,7.131880571000067],[80.19677435400007,7.116303744000049],[80.19286978900004,7.10003935800006],[80.18382167800007,7.102922715000034],[80.18434208300005,7.094585928000072],[80.16208335900006,7.055764040000042],[80.16693830300005,7.048436145000039],[80.17257052000008,7.008099046000041],[80.17969467100005,6.99654016900007],[80.17720635400008,6.977245654000058],[80.20492682400004,6.978472270000054],[80.21604433300007,6.972723811000037],[80.21526976000007,6.956538379000051],[80.22184203800003,6.941309351000029],[80.21849426600005,6.935601272000042],[80.20604052400006,6.937169614000027],[80.20878946200008,6.916122726000026],[80.18672776300008,6.898121370000069],[80.17745724000008,6.865430935000063],[80.16864409300007,6.864216719000069],[80.15903683100004,6.873027727000022],[80.14621748700006,6.868977929000039],[80.14061053600005,6.878122417000043],[80.12252544100005,6.88813076200006],[80.11202459100008,6.881890430000055],[80.11032572800008,6.870287355000073],[80.09912765000007,6.873079413000028],[80.09649888200005,6.861210645000028],[80.08258596300004,6.859773019000045],[80.07080045400005,6.875002072000029],[80.06281139500004,6.908228087000055],[80.05288712800007,6.907155613000043],[80.05064040300005,6.913015508000058],[80.01785636000005,6.924478032000025],[80.01201526900007,6.946044293000057]],[[80.16212076400006,7.202924616000075],[80.15877138600007,7.198005543000022],[80.16506856800004,7.200304995000067],[80.16212076400006,7.202924616000075]]],[[[81.23309589600007,7.90479074600006],[81.22034309200006,7.884875271000055],[81.21995267600005,7.87592681600006],[81.21399854700007,7.871897267000065],[81.17603463900008,7.871182083000065],[81.16169254500005,7.85845071600005],[81.16371747600004,7.889095179000037],[81.15688012300006,7.883799542000077],[81.14915807900007,7.891214437000031],[81.14398107300008,7.907251556000062],[81.13432473200004,7.911805327000025],[81.13238686900007,7.91947092700002],[81.12857189600004,7.918332715000076],[81.12989601700008,7.923721587000045],[81.12440515600008,7.929984034000029],[81.13246516400005,7.94243937400006],[81.12619269400005,7.960748537000029],[81.13374465300006,7.969941310000024],[81.13023464800006,7.974552664000043],[81.13587659700005,7.991675746000055],[81.13108618500007,8.00215895100007],[81.14723592600006,8.017478735000054],[81.13843904000004,8.025115994000032],[81.14619134500003,8.042372930000056],[81.14599510000005,8.06148723900003],[81.15377713500004,8.076368870000067],[81.16131126200008,8.075509465000039],[81.16176952700005,8.08466633100005],[81.16821745400006,8.081655526000077],[81.17379928000008,8.105761037000036],[81.18660031400003,8.122338236000076],[81.18090612800006,8.12775165100004],[81.18873811500004,8.131691738000029],[81.18361879900004,8.136474214000032],[81.18376046800006,8.146766825000043],[81.19260706500006,8.15167099100006],[81.20443801000005,8.147902233000025],[81.22612301500004,8.158496891000027],[81.22947181800004,8.155411413000024],[81.23214399500006,8.174098332000028],[81.24112265000008,8.179906875000029],[81.23572994900007,8.196068230000037],[81.24127725600005,8.195750770000075],[81.25000722700008,8.210981497000034],[81.24782124300003,8.225704670000027],[81.25546174600004,8.224785159000021],[81.25529034900006,8.232120482000028],[81.26687914300004,8.234135296000034],[81.26452068100008,8.241995529000064],[81.27120139900006,8.240996728000027],[81.27026215600006,8.24665402000005],[81.27922001600007,8.249504337000076],[81.27845601500007,8.25667919500006],[81.28506508300006,8.257704382000043],[81.28504108200008,8.261436869000022],[81.31226962100004,8.248003810000057],[81.30468405600004,8.028895146000025],[81.33261911100004,7.969888987000047],[81.33782199200004,7.936307316000068],[81.30465079200007,7.936297388000071],[81.29564453400008,7.946362562000047],[81.28752445400005,7.947473161000062],[81.27274613100008,7.93702544000007],[81.25527302300003,7.938312394000036],[81.23511015500003,7.92129882100005],[81.23309589600007,7.90479074600006]]]]}},{"type":"Feature","properties":{"district":"Hambantota","centroid_lon":81.10155,"centroid_lat":6.34628},"geometry":{"type":"Polygon","coordinates":[[[81.29098661300003,6.194315189000065],[81.26956567700006,6.184750443000041],[81.23410613300007,6.179023802000074],[81.22396507100007,6.169673775000035],[81.22420994900006,6.163763190000054],[81.17888385600008,6.156438850000029],[81.16650173900007,6.145036465000032],[81.12951125500007,6.132576504000042],[81.12541903400006,6.119561759000021],[81.09972944400005,6.11896684200002],[81.09484990100003,6.114396836000026],[81.10199746500007,6.112346975000037],[81.05367685500005,6.110644775000026],[81.04886802600004,6.106101958000067],[80.99886992800003,6.100766905000057],[80.97513429700007,6.086698563000027],[80.93997698700008,6.083078943000032],[80.93429510500005,6.074771015000067],[80.89666825900008,6.100053228000036],[80.89010714600005,6.121201371000041],[80.89130271600004,6.137787701000036],[80.88237480100008,6.134075864000067],[80.86815310100008,6.136689269000044],[80.86837978800008,6.12790196900005],[80.82772893600009,6.126111033000029],[80.82093883200008,6.119833687000039],[80.79119263600006,6.124199568000051],[80.78215586800007,6.133057978000068],[80.78870474100006,6.144711916000063],[80.78259770600005,6.145086590000062],[80.77688429300008,6.182074404000048],[80.78510925900008,6.190476127000068],[80.79013098100006,6.180431115000033],[80.79733727900003,6.181144174000053],[80.80138078200008,6.17411013800006],[80.81129180400006,6.186870911000028],[80.81883612000007,6.182277287000034],[80.82601689200004,6.191234757000075],[80.83456447800006,6.190616626000065],[80.84096653100005,6.196501227000056],[80.84071886200007,6.205967927000074],[80.82999212400006,6.216957833000038],[80.80577593100008,6.217410534000066],[80.80927056900003,6.223005728000032],[80.80025563900006,6.230712046000065],[80.79350679800007,6.229620075000071],[80.79714265000007,6.24696833400003],[80.80431610300008,6.255734202000042],[80.80392010600008,6.267571375000045],[80.79201459000006,6.266317958000059],[80.73130516600008,6.295669761000056],[80.68709385300008,6.307847211000023],[80.69963664000005,6.321363753000071],[80.72839410700004,6.316889213000024],[80.74101998200007,6.319351629000039],[80.73797505000005,6.330646386000069],[80.70592447400008,6.346383045000039],[80.70990459700005,6.351652222000041],[80.72087457400005,6.349095111000054],[80.72637568500005,6.356949971000063],[80.73584458500005,6.357820169000036],[80.73248186400008,6.371562463000032],[80.75432141500005,6.382469408000077],[80.75098703100008,6.397542981000072],[80.74221467900009,6.39597799400002],[80.72986349200005,6.401539550000052],[80.72388874600006,6.398797074000072],[80.72447993900005,6.413820251000061],[80.71285324200005,6.421469707000028],[80.71933030300005,6.42612495000003],[80.72687563500006,6.416279287000066],[80.73130008900006,6.418613679000032],[80.74620300700008,6.412351852000029],[80.73631077800007,6.435553403000029],[80.75154585700005,6.438525802000072],[80.75158964800005,6.44218479400007],[80.72822941600003,6.456267481000054],[80.72048537300003,6.47593570600003],[80.71006933800004,6.47537019400005],[80.70358197800005,6.48223919000003],[80.70539765600006,6.489810147000071],[80.72173618900007,6.485789607000072],[80.73650189400007,6.489635031000034],[80.74743471200009,6.482100557000024],[80.76897186900004,6.480286754000076],[80.78554886000006,6.482095789000027],[80.79357733800003,6.487745081000071],[80.83162180700003,6.475692011000035],[80.82883690300008,6.497715480000068],[80.86312959400004,6.551965671000062],[80.85830941400008,6.559822323000049],[80.86402714500008,6.579260977000047],[80.87038334300007,6.581891918000053],[80.86724580700007,6.592521049000027],[80.87431721600007,6.592763717000025],[80.87293337500006,6.601213212000062],[80.87671034500005,6.604665336000039],[80.87324395800005,6.610430467000072],[80.87978495200008,6.613422563000029],[80.89193597800005,6.633980446000066],[80.90115548100005,6.637230024000075],[80.90121624900007,6.64996480700006],[80.91083513700005,6.672558724000055],[80.92700329600007,6.691256547000023],[80.93676298900004,6.692771488000062],[80.93865662900004,6.676800587000059],[80.94962314600008,6.671165576000021],[80.95146594900007,6.655370998000024],[80.95759680800006,6.651301191000073],[80.96579652800006,6.653093789000025],[80.97421605600005,6.642096996000021],[80.97604031200007,6.615958558000045],[80.98853367500004,6.620060215000024],[80.99741087700005,6.614056195000046],[80.99315786100004,6.603298614000039],[80.99350495100003,6.57665008500004],[81.03136006200003,6.524790664000022],[81.03230723100006,6.504544433000035],[81.01717706100004,6.487480387000062],[81.04962232700007,6.472325660000024],[81.05253344000005,6.460469587000034],[81.06271806800004,6.459996043000046],[81.08504722000004,6.469633506000037],[81.10605679600008,6.455722975000072],[81.11772826400005,6.462436767000042],[81.12863416500005,6.461102768000046],[81.13536779500004,6.451999766000029],[81.13415479800005,6.446468194000033],[81.14014956200003,6.453063032000045],[81.15125074200006,6.453591279000022],[81.16009226600005,6.446955272000025],[81.17668394700007,6.460699251000051],[81.19474648700003,6.461409307000054],[81.22240066500007,6.484471015000054],[81.24808779900007,6.382944534000046],[81.26820279800006,6.383172811000065],[81.27329228300005,6.374025223000046],[81.27270013300006,6.362503135000054],[81.31043597200005,6.380511918000025],[81.33029974300007,6.379632926000056],[81.34951108400008,6.389992730000074],[81.36521707800006,6.390551788000039],[81.37143703200007,6.397594168000069],[81.37996548400008,6.396734962000039],[81.39247028700004,6.416642832000036],[81.39919769500005,6.414754581000068],[81.40024827500008,6.406548567000073],[81.41803975700003,6.408313849000024],[81.42547953400003,6.418224701000042],[81.43321197700004,6.415580381000041],[81.43600201800007,6.419998537000026],[81.44350034300004,6.419443216000047],[81.44714531000005,6.413616926000032],[81.46052810600008,6.413261749000071],[81.46543730800005,6.407141743000068],[81.47352438100006,6.40819525400002],[81.47855112000008,6.41871022600003],[81.47419557200004,6.448976969000057],[81.48473403200006,6.462925909000035],[81.47755455400005,6.471811427000034],[81.47921378200004,6.495114037000064],[81.48881930200008,6.504097842000022],[81.52219090200003,6.519424272000037],[81.53154046100008,6.535958502000028],[81.54533838200007,6.536303517000022],[81.56390504600006,6.55396365200005],[81.58001498500005,6.550422651000076],[81.58768734300008,6.560201747000065],[81.59811926000003,6.560213125000075],[81.60658087400003,6.579757363000056],[81.61902327500007,6.571236721000048],[81.63667670300003,6.541788947000043],[81.64889677000008,6.545036035000066],[81.66059385500006,6.540349929000058],[81.67263717700007,6.520596720000071],[81.705131,6.510328428000037],[81.69117093200003,6.48613154800006],[81.65912247100005,6.463358160000041],[81.64727679300006,6.445421585000076],[81.61643555000006,6.430675153000038],[81.61252405500005,6.422467311000048],[81.61659254700004,6.41626935000005],[81.59793910500008,6.39927370700002],[81.56448725300004,6.380683942000076],[81.56456522800005,6.372212640000043],[81.50691266300004,6.353145987000062],[81.49596574500003,6.343685184000037],[81.49902744800005,6.337493061000032],[81.49315487400008,6.328429645000028],[81.48166938300005,6.322082230000035],[81.47937106500007,6.310320453000031],[81.43742986300003,6.293947123000066],[81.39951190000005,6.250011130000075],[81.37965403500004,6.245019041000035],[81.37183257400005,6.240163564000056],[81.37140490600007,6.234767952000027],[81.33933291800008,6.223207678000051],[81.33450720500008,6.217267934000063],[81.33837845700003,6.219199822000064],[81.33774313200007,6.213977930000055],[81.32468929400005,6.205896491000033],[81.32226729000007,6.198440213000026],[81.29098661300003,6.194315189000065]]]}},{"type":"Feature","properties":{"district":"Jaffna","centroid_lon":80.06446,"centroid_lat":9.41539},"geometry":{"type":"MultiPolygon","coordinates":[[[[79.52288012400004,9.383758629000056],[79.51927470600003,9.388535820000072],[79.52095017900007,9.392968060000044],[79.52806857000007,9.387851107000074],[79.52288012400004,9.383758629000056]]],[[[79.65861045700007,9.555623514000047],[79.66893968200003,9.55348731600003],[79.67808159300006,9.539628525000069],[79.69055178700006,9.530983724000066],[79.72157495300007,9.52681455100003],[79.72937367500003,9.492033760000027],[79.72126194900005,9.476343188000044],[79.70238956400004,9.475744701000053],[79.65268530900005,9.505017058000021],[79.64869998800003,9.546389117000047],[79.65861045700007,9.555623514000047]]],[[[79.79851473800005,9.578734764000046],[79.79836484000003,9.579794080000056],[79.79870258200003,9.579990267000028],[79.79851473800005,9.578734764000046]]],[[[79.80018279500007,9.594567082000026],[79.79905586300004,9.595116184000062],[79.79973538900003,9.595434043000068],[79.80018279500007,9.594567082000026]]],[[[79.76978030800007,9.621563130000027],[79.77516851500008,9.618448135000051],[79.77108765500003,9.584441962000028],[79.76127049200005,9.589613946000043],[79.75945925900004,9.60666158600003],[79.76121844900007,9.614611857000057],[79.76978030800007,9.621563130000027]]],[[[79.85789270800007,9.61682333400006],[79.85813494800004,9.616283600000031],[79.85795913200008,9.616340756000056],[79.85789270800007,9.61682333400006]]],[[[79.85665909100004,9.616607557000066],[79.85615436200004,9.617388923000021],[79.85616689500006,9.617546188000063],[79.85665909100004,9.616607557000066]]],[[[79.85315706600005,9.61694387800003],[79.85080391500009,9.616702356000076],[79.84993280100008,9.617717110000058],[79.85315706600005,9.61694387800003]]],[[[79.85967999500008,9.618454248000035],[79.85868269900004,9.616471041000068],[79.85811387200005,9.61670530200007],[79.85695186700008,9.618025071000034],[79.85813417600008,9.61704652900005],[79.85967999500008,9.618454248000035]]],[[[79.84077421500007,9.619844752000063],[79.84079169900008,9.62002109100007],[79.84087613700007,9.619853066000076],[79.84077421500007,9.619844752000063]]],[[[79.83640416700007,9.624690476000069],[79.83600688300004,9.623588913000049],[79.83530874400003,9.624456905000045],[79.83640416700007,9.624690476000069]]],[[[79.89477833100005,9.675166125000032],[79.89858674400006,9.66991291000005],[79.92827962400008,9.681338277000066],[79.93313091300007,9.675603899000066],[79.92995971500005,9.672554399000035],[79.92964970000008,9.664834536000058],[79.93185673900007,9.663560721000067],[79.92408353900004,9.663775093000027],[79.92198841900006,9.659663306000027],[79.96426606700004,9.633003839000025],[79.97833472500008,9.63201237100003],[79.98151701900008,9.635640759000069],[79.97831872800003,9.63175371400007],[79.97855012700006,9.630881572000021],[79.98240897600004,9.635061353000026],[79.98012326100007,9.629607684000064],[79.98201704000007,9.624903528000061],[79.97874754300005,9.622029540000028],[79.98149777200007,9.620731958000022],[79.98182204300008,9.619641333000061],[79.98618719600006,9.628653563000057],[79.98391130800007,9.63707327000003],[79.98637176100004,9.639426154000034],[79.98660113800008,9.640289887000051],[79.98699876900008,9.64036224800003],[79.98649478700008,9.641473589000043],[79.99109562600006,9.64511850200006],[80.00322312000003,9.663067127000033],[79.99661819400006,9.671259707000047],[79.99564355800004,9.68805124000005],[79.98621128400003,9.691760134000049],[79.97853014600008,9.68450656300007],[79.96474827300005,9.698169991000043],[79.96422173200006,9.706088802000068],[79.95173117500008,9.689007508000032],[79.94752017200005,9.693510737000054],[79.94322181900003,9.689120999000068],[79.94269302600003,9.694009993000066],[79.93761378700003,9.692820149000056],[79.92894284800008,9.713617179000039],[79.92994785400003,9.72546380600005],[79.91785556800005,9.743925668000031],[79.89174746100008,9.74067782800006],[79.88664331100006,9.728349596000044],[79.89054126000008,9.713473747000023],[79.87803182600004,9.703943167000034],[79.84794155900005,9.712528838000026],[79.85920751200007,9.726323752000042],[79.85266626200007,9.749422954000067],[79.86131381200005,9.761996287000045],[79.87750067200005,9.760976631000062],[79.89910686700006,9.767018880000023],[79.89203158400005,9.762871479000069],[79.89551909000005,9.750966386000073],[79.89200913100007,9.741065305000063],[79.91793139500004,9.744171081000047],[79.90415988800004,9.757986544000062],[79.90824918900006,9.774602636000054],[79.92823891700004,9.777998034000063],[79.94090231000007,9.78620763400005],[79.94491407100008,9.79463617500005],[79.98149861600007,9.809739639000043],[80.03400266000006,9.817430623000064],[80.02450543600008,9.82268507300006],[80.02810041000004,9.823258957000064],[80.04198685700004,9.816169204000062],[80.10000324200007,9.808873195000047],[80.13761926200004,9.825186668000072],[80.18661226600005,9.827637130000028],[80.20762477800008,9.835717954000074],[80.24482947800004,9.828368204000071],[80.25168103700008,9.823314009000057],[80.26921096000007,9.785700360000021],[80.24015953900005,9.764504061000025],[80.23904536400005,9.751688054000056],[80.26274710200005,9.711769553000067],[80.27811327200004,9.703902153000058],[80.29737373500006,9.684750175000033],[80.28729142900005,9.65640075400006],[80.27522313400004,9.650460699000064],[80.25479737500007,9.611279184000068],[80.20568210400006,9.64037479700005],[80.16959486500008,9.655839163000053],[80.16234019200004,9.65630479400005],[80.16061679400008,9.655210219000026],[80.16338097300007,9.652413699000022],[80.15967006100004,9.653798778000066],[80.15298354600003,9.645865886000024],[80.16027073400005,9.64254906900004],[80.15798794300008,9.640572449000047],[80.16140815600005,9.632076226000038],[80.16103154800004,9.636462775000041],[80.17073929300005,9.636974874000032],[80.16987495600006,9.628735369000026],[80.16320335500006,9.625736166000024],[80.16992543900005,9.623127717000045],[80.15718968200008,9.624049248000063],[80.17288236000007,9.617720471000041],[80.17064894900005,9.621022802000027],[80.17982305600003,9.622884317000057],[80.17557199000004,9.60968060700003],[80.17656748000007,9.609825357000034],[80.16790678000007,9.60837903600003],[80.17040807100005,9.603829001000065],[80.18402593200005,9.602347868000038],[80.17829076600003,9.59269677900005],[80.18357482900007,9.594685938000055],[80.19549163100004,9.589768433000074],[80.18969744500004,9.588301192000074],[80.20643278600005,9.58547390900003],[80.19827598400008,9.580404334000036],[80.16906384700007,9.597908485000062],[80.14074509700004,9.623532265000051],[80.07717176600005,9.652741696000021],[80.07533124300005,9.659449817000052],[80.07299959500006,9.650528248000057],[80.07438983900005,9.65045258200007],[80.07304278900006,9.648586340000065],[80.07298681100008,9.648143606000076],[80.07317732400008,9.647502142000064],[80.07416663400005,9.647075247000032],[80.07350672100006,9.64612072500006],[80.07449838800005,9.647376206000047],[80.07312112800008,9.648449224000046],[80.07526189200007,9.650336593000077],[80.07941363700007,9.64798819200007],[80.07533895100005,9.644058804000053],[80.09569834700005,9.634752296000045],[80.11517098400003,9.614108765000026],[80.13251854500004,9.608667359000037],[80.12812943800003,9.606492674000037],[80.09643133500003,9.617931286000044],[80.04463410600005,9.649980592000077],[80.03746377300007,9.645953267000039],[80.01664430500006,9.648577798000076],[80.00308243700005,9.662531099000034],[79.99312185100007,9.64797985000007],[79.99746983800003,9.645519798000066],[79.99527482800005,9.642875168000046],[80.00060496400005,9.64222323100006],[79.99536117000008,9.641448443000058],[80.00382083800008,9.63880447400004],[79.99548188600005,9.639595524000072],[79.99582286800006,9.63334029200007],[80.00064191200005,9.62784584800005],[80.00545380600005,9.630412940000042],[80.00005705600006,9.616310196000029],[80.00194118200005,9.612349106000067],[80.00350423100008,9.61551754900006],[80.00413011300003,9.615017317000024],[79.99884859400004,9.603490284000031],[79.98574796800006,9.597123733000046],[79.97310539000006,9.600028484000063],[79.96484697200003,9.605049504000021],[79.96271944800003,9.608149661000027],[79.96385233300003,9.61134131600005],[79.96571201400008,9.610371636000025],[79.96330453700006,9.608711933000052],[79.96574408400005,9.605555209000045],[79.97574653200007,9.605222870000034],[79.97910108600007,9.614427168000077],[79.97965059200004,9.614681959000052],[79.97897502200004,9.613600946000076],[79.98021538500006,9.612524162000057],[79.98314501500005,9.613586798000028],[79.98092629700005,9.620899722000047],[79.96768807600006,9.612480491000042],[79.94668692200008,9.625751657000023],[79.91768008600008,9.632999675000065],[79.90361613200008,9.616033856000058],[79.88985915600006,9.623115480000024],[79.86013557600006,9.606829607000066],[79.85631770400005,9.59494533700007],[79.85941748500005,9.571027463000064],[79.85515315500004,9.568121379000047],[79.80159449400008,9.576610750000043],[79.80092625700007,9.588868268000056],[79.79752445400004,9.57906089900007],[79.78979711700003,9.583674502000065],[79.79006245300008,9.588834166000026],[79.79345030900004,9.589070637000077],[79.79442956400004,9.592070036000052],[79.79025950600004,9.589338769000051],[79.79012106800008,9.597610901000053],[79.78762386100004,9.600504530000023],[79.78765453900007,9.600959241000055],[79.79267812600006,9.599989093000033],[79.79784525700006,9.588924641000062],[79.80667034400005,9.589969831000076],[79.80827992800005,9.59892770600004],[79.80309403900003,9.602487057000076],[79.81049995400008,9.62679900300003],[79.81628300300008,9.620304625000074],[79.81846384800008,9.625451669000029],[79.82005307600008,9.609927251000045],[79.82416702300003,9.613882857000021],[79.83209632700004,9.610616552000067],[79.84218096700005,9.619281318000048],[79.86029149800004,9.607008407000023],[79.89039575600003,9.623522078000065],[79.86681610100004,9.638847765000037],[79.86228667800003,9.657982687000072],[79.85389492500008,9.663378500000022],[79.84197069400005,9.683141635000027],[79.84824677700004,9.69158602300007],[79.83870480600007,9.702788566000038],[79.85122062200008,9.700807410000039],[79.85652663600007,9.70481439300005],[79.87040065800005,9.692896063000035],[79.88397905000005,9.699289391000036],[79.89785136000006,9.683687238000061],[79.89477833100005,9.675166125000032]]],[[[79.85936336700007,9.624411026000075],[79.86159430200007,9.62411333700004],[79.85933943500004,9.62303428100006],[79.85936336700007,9.624411026000075]]],[[[79.85377998100006,9.63451225800003],[79.85995172600008,9.626502753000068],[79.85894066100008,9.623329080000076],[79.85996682700005,9.621802728000034],[79.86100277300005,9.622517825000045],[79.85859018900004,9.617949957000064],[79.85158350800003,9.623912090000033],[79.84961644500004,9.633338386000048],[79.85377998100006,9.63451225800003]]],[[[79.85523925700005,9.63992302500003],[79.85637129100007,9.639593740000066],[79.85572440000004,9.639235833000043],[79.85523925700005,9.63992302500003]]],[[[79.85504091100006,9.641603884000062],[79.85823895700008,9.640675424000051],[79.85797829600006,9.640136621000067],[79.85504091100006,9.641603884000062]]],[[[79.78160215200006,9.686576528000046],[79.78483586800007,9.66562625000006],[79.77149872900003,9.65323877000003],[79.77617621400003,9.64627056300003],[79.77267362600008,9.643942194000033],[79.77131619400006,9.652042607000055],[79.76299748900004,9.653018916000065],[79.76150215700005,9.658438277000073],[79.76923586700008,9.675405173000058],[79.78160215200006,9.686576528000046]]],[[[79.93246806700006,9.666686413000036],[79.93199463300004,9.666845501000068],[79.93221389700005,9.66720065800007],[79.93246806700006,9.666686413000036]]],[[[79.93193739800006,9.670226282000044],[79.93106105800007,9.666544180000074],[79.93056432600008,9.666239807000068],[79.93193739800006,9.670226282000044]]],[[[79.93274441600005,9.668819800000051],[79.93275792800006,9.669401082000036],[79.93290703900004,9.669445534000033],[79.93274441600005,9.668819800000051]]],[[[79.93185346100006,9.670300715000053],[79.93095428800007,9.669931860000077],[79.93155636600005,9.670616356000039],[79.93185346100006,9.670300715000053]]],[[[79.93500864800006,9.669833821000054],[79.93367464500005,9.664924313000029],[79.93321572600007,9.678121945000044],[79.93419952300007,9.677019432000066],[79.93573921500007,9.676190983000026],[79.93504677800007,9.674969308000072],[79.93500864800006,9.669833821000054]]],[[[79.90334465800004,9.677249113000073],[79.90318816200005,9.677676284000029],[79.90376796600003,9.677220201000068],[79.90334465800004,9.677249113000073]]],[[[79.91488629500003,9.680577579000044],[79.91322584200003,9.679770364000035],[79.91315117700003,9.680083444000047],[79.91488629500003,9.680577579000044]]],[[[79.79138176600003,9.678136628000061],[79.78893631500006,9.684887253000056],[79.79061568400004,9.689040396000053],[79.79138176600003,9.678136628000061]]],[[[79.81220500200004,9.715948712000056],[79.80780131100005,9.686647581000045],[79.80545076000004,9.695348219000039],[79.81220500200004,9.715948712000056]]],[[[79.86289667600005,9.70733115400003],[79.86223722100004,9.70791411600004],[79.86229323300006,9.70801285400006],[79.86289667600005,9.70733115400003]]],[[[79.84579202200007,9.711830209000027],[79.84617708700006,9.710992408000038],[79.84553003000008,9.711533767000049],[79.84579202200007,9.711830209000027]]],[[[79.90147849300007,9.749782646000028],[79.90766386000007,9.748059918000024],[79.90579463600005,9.745270127000026],[79.90147849300007,9.749782646000028]]],[[[79.96822008000004,9.607890534000035],[79.96744618500009,9.607852218000062],[79.96734195400006,9.608144810000056],[79.96822008000004,9.607890534000035]]],[[[79.96539399400007,9.608944355000062],[79.96470576000007,9.607967916000064],[79.96454629900006,9.608858931000043],[79.96539399400007,9.608944355000062]]],[[[79.98035165400006,9.613233882000031],[79.97988769700004,9.612939396000058],[79.97987851800008,9.613199434000023],[79.98035165400006,9.613233882000031]]],[[[79.98065729200005,9.61361137800003],[79.97989273200005,9.614362390000053],[79.98033853000004,9.61457559400003],[79.98065729200005,9.61361137800003]]],[[[79.97989533000003,9.616112844000043],[79.98023750700008,9.616513887000053],[79.97990822400004,9.616010693000021],[79.97989533000003,9.616112844000043]]],[[[79.98002120000007,9.616909675000045],[79.98010875300008,9.61674879700007],[79.97990544700008,9.61665170200007],[79.98002120000007,9.616909675000045]]],[[[79.98033770800004,9.617088513000056],[79.98039950200007,9.616978725000024],[79.98033776100004,9.61688166500005],[79.98033770800004,9.617088513000056]]],[[[80.00413959600007,9.618427845000042],[80.00288507100004,9.618066512000041],[80.00278170800004,9.618390096000041],[80.00413959600007,9.618427845000042]]],[[[80.00453161100006,9.620028464000029],[80.00515620700008,9.619337763000033],[80.00480109000006,9.619307065000044],[80.00449236400004,9.619698757000037],[80.00453161100006,9.620028464000029]]],[[[79.98021798700006,9.621560201000023],[79.98038131500005,9.621622012000046],[79.98023343700004,9.621506582000052],[79.98021798700006,9.621560201000023]]],[[[79.97946465500007,9.621816670000044],[79.97931174200005,9.622064022000075],[79.97956654600006,9.621872673000041],[79.97946465500007,9.621816670000044]]],[[[79.98058594600008,9.621808028000032],[79.98011230500003,9.622114344000067],[79.98067073500005,9.62230349300006],[79.98058594600008,9.621808028000032]]],[[[79.98197306800006,9.632126786000072],[79.98224322300007,9.629398278000053],[79.98067236200006,9.63022307700004],[79.98197306800006,9.632126786000072]]],[[[79.99740614100006,9.632266800000025],[80.00391547700008,9.632967672000063],[80.00404895900004,9.630010353000046],[79.99740614100006,9.632266800000025]]],[[[79.98620360700005,9.641371930000048],[79.98244150000005,9.642029986000068],[79.98273416400008,9.643189409000058],[79.98620360700005,9.641371930000048]]],[[[80.00255729100007,9.641552379000075],[80.00370626900008,9.640883299000052],[80.00223793700007,9.641519965000043],[80.00255729100007,9.641552379000075]]],[[[79.99672294300007,9.644067637000035],[80.00049858000006,9.643381807000026],[80.00176084100008,9.641797920000045],[79.99672294300007,9.644067637000035]]],[[[79.98761233100004,9.644066172000066],[79.98854880800008,9.643391118000068],[79.98855043700007,9.643309647000024],[79.98776285800005,9.64347324800002],[79.98761233100004,9.644066172000066]]],[[[80.00088570800006,9.648753834000047],[80.00515043000007,9.647658697000054],[80.01171750400005,9.641274649000025],[80.00339165500003,9.644832503000032],[80.00097321900006,9.646990594000044],[80.00088570800006,9.648753834000047]]],[[[80.07496198700005,9.65080036300003],[80.07485498600005,9.652019685000027],[80.07494274900006,9.652201478000052],[80.07496198700005,9.65080036300003]]],[[[79.99040339000004,9.652530211000055],[79.98851906100003,9.654107639000074],[79.99113598900004,9.652975568000045],[79.99040339000004,9.652530211000055]]],[[[79.93716287400008,9.673593309000069],[79.93726573100008,9.674332485000036],[79.93753648500007,9.67418105300004],[79.93716287400008,9.673593309000069]]],[[[79.93706964800003,9.67439587900003],[79.93538124700007,9.674863883000057],[79.93617660000007,9.676090055000031],[79.93706964800003,9.67439587900003]]],[[[79.93741152300004,9.676399938000031],[79.93669982300008,9.67753145100005],[79.93769832300006,9.676678493000054],[79.93741152300004,9.676399938000031]]],[[[79.93471926200004,9.678732404000073],[79.93467149700007,9.67699957800005],[79.93301258300005,9.679215107000061],[79.93471926200004,9.678732404000073]]],[[[80.18611183200005,6.579937048000033],[80.19934392200008,6.553697371000055],[80.19313522000004,6.542328769000051],[80.17794480000003,6.542000010000038],[80.17510178800006,6.529206463000037],[80.16533142300005,6.526818189000039],[80.17000554600008,6.51443435300007],[80.18458206600008,6.518495158000064],[80.19646586200008,6.497715261000053],[80.20327080900006,6.500261967000029],[80.21196390400007,6.488005216000033],[80.22932752700007,6.480408830000044],[80.23224048800006,6.468522150000069],[80.22203441700003,6.461667250000062],[80.22138518100007,6.444368454000028],[80.21409808200008,6.444147645000044],[80.21917325400005,6.436544362000063],[80.21421552200007,6.435182174000033],[80.20502397200005,6.43577517600005],[80.20312239400005,6.446968580000032],[80.18528339500006,6.457069947000036],[80.18011258400009,6.471688121000057],[80.16764914400005,6.46706520500004],[80.15144481400006,6.468110877000072],[80.15340803800007,6.485636318000047],[80.15850182100007,6.489426482000056],[80.15247097900004,6.494636660000026],[80.15218142600008,6.505347556000061],[80.13349203600006,6.516781150000043],[80.13106291000008,6.523169403000054],[80.13517627300007,6.525764374000062],[80.12734552700005,6.540249039000059],[80.12324467800005,6.536902345000044],[80.12151857800006,6.546801343000027],[80.11228878400004,6.542546409000067],[80.10981364500003,6.547615411000038],[80.11502278500006,6.552031820000025],[80.11191846900005,6.564500598000052],[80.12110859900008,6.572705879000068],[80.13316525700003,6.565679317000047],[80.13789406500007,6.575588397000047],[80.14051269600003,6.572052770000028],[80.14893866600005,6.58070576700004],[80.17369445600008,6.572532995000074],[80.18611183200005,6.579937048000033]]],[[[80.17585241300003,9.604467532000058],[80.17567455900007,9.60411741300004],[80.17561886600004,9.604811969000025],[80.17585241300003,9.604467532000058]]],[[[80.17854600100003,9.604741211000032],[80.17867700700003,9.60465528900005],[80.17844462700003,9.604693137000027],[80.17854600100003,9.604741211000032]]],[[[80.17679083800004,9.604651626000077],[80.17659551900005,9.605139374000032],[80.17701213600003,9.604577411000037],[80.17679083800004,9.604651626000077]]],[[[80.17841483200004,9.604865438000047],[80.17869957100004,9.605014408000045],[80.17871804300006,9.604965119000042],[80.17841483200004,9.604865438000047]]],[[[80.17745095300006,9.605227206000052],[80.17865048200008,9.605200836000051],[80.17819764900008,9.604793100000052],[80.17745095300006,9.605227206000052]]],[[[80.17644276000004,9.605627268000035],[80.17653991800006,9.605522158000042],[80.17639940000004,9.605579324000075],[80.17644276000004,9.605627268000035]]],[[[80.17535356800005,9.60572985400006],[80.17488082300008,9.605427939000037],[80.17520445900004,9.606060360000072],[80.17535356800005,9.60572985400006]]],[[[80.17833369600004,9.60571242900005],[80.17823187500005,9.605769653000038],[80.17838141000004,9.605860866000057],[80.17833369600004,9.60571242900005]]],[[[80.17580268000006,9.606047167000042],[80.17587940100003,9.606233919000033],[80.17587520100005,9.60605687800006],[80.17580268000006,9.606047167000042]]],[[[80.17695710600003,9.606451302000039],[80.17664322400003,9.606335892000061],[80.17645889400006,9.606483811000032],[80.17695710600003,9.606451302000039]]],[[[80.17551074300007,9.606539379000026],[80.17565595900004,9.606514725000068],[80.17562230000004,9.606448707000027],[80.17551074300007,9.606539379000026]]],[[[80.17579818000007,9.62602616700002],[80.17639089100004,9.62556852800003],[80.17607926200003,9.625406200000043],[80.17579818000007,9.62602616700002]]],[[[80.17303563700005,9.62781042100005],[80.17333158400004,9.628516743000034],[80.17356113200003,9.628669989000059],[80.17303563700005,9.62781042100005]]],[[[80.17915201900007,9.62847109300003],[80.17798498200005,9.629526715000054],[80.17785272200007,9.629983477000053],[80.17915201900007,9.62847109300003]]],[[[80.17525652500007,9.629493909000075],[80.17468456500006,9.629152431000023],[80.17462642400005,9.630115025000066],[80.17525652500007,9.629493909000075]]],[[[80.17276205000007,9.631526078000036],[80.17231054100006,9.631546290000074],[80.17259205300007,9.632410046000075],[80.17276205000007,9.631526078000036]]],[[[80.16005154700008,9.640265419000059],[80.16077892500005,9.636498252000024],[80.15910651800004,9.639836396000021],[80.16005154700008,9.640265419000059]]],[[[80.16668024000006,9.645720911000069],[80.17120318100007,9.642832949000024],[80.16284873100005,9.63941541500003],[80.16219481600007,9.642567803000077],[80.16668024000006,9.645720911000069]]],[[[80.08109768100007,9.643711120000034],[80.08015241500004,9.643971811000029],[80.08106950000007,9.644161887000053],[80.08109768100007,9.643711120000034]]],[[[80.07924389800007,9.64679168500004],[80.08108249500003,9.645630114000028],[80.09034031300007,9.641928576000055],[80.08377330100006,9.642567899000028],[80.07924389800007,9.64679168500004]]],[[[80.16112730800006,9.644766305000076],[80.16063634200003,9.644528303000072],[80.16046812200005,9.644605613000067],[80.16112730800006,9.644766305000076]]],[[[80.15954783200004,9.645959142000038],[80.15900560800003,9.644565464000038],[80.15806471100007,9.645307320000029],[80.15954783200004,9.645959142000038]]],[[[80.16304341700004,9.646269527000072],[80.16232084400008,9.645001709000042],[80.16165650900007,9.646002802000055],[80.16304341700004,9.646269527000072]]],[[[80.15787287700005,9.647763327000064],[80.15843054100003,9.646296333000066],[80.15765357000004,9.646838657000046],[80.15787287700005,9.647763327000064]]],[[[80.16341492700008,9.648343622000027],[80.16276077900005,9.648484806000056],[80.16354669100008,9.648488437000026],[80.16341492700008,9.648343622000027]]],[[[80.16085822600007,9.649511222000058],[80.16228491200008,9.648061601000052],[80.16038827300008,9.648503047000077],[80.16085822600007,9.649511222000058]]],[[[80.15926941100008,9.652042350000045],[80.15951951000005,9.651568113000053],[80.15918955200004,9.651656735000074],[80.15926941100008,9.652042350000045]]],[[[80.07714101800008,9.652390999000033],[80.07685342100007,9.652593011000022],[80.07727974100004,9.652683848000038],[80.07714101800008,9.652390999000033]]],[[[80.16306044400005,9.656020530000035],[80.16289617800004,9.654983954000045],[80.16205732700007,9.65507483500005],[80.16306044400005,9.656020530000035]]],[[[80.19496504000006,9.591658607000056],[80.19557879800004,9.589642947000073],[80.19484356700008,9.590846050000039],[80.19152056100006,9.592015202000027],[80.19496504000006,9.591658607000056]]],[[[80.19400122500008,9.594370895000054],[80.19772709200004,9.593026833000067],[80.20128572800007,9.592514433000076],[80.19779989100005,9.59259879800004],[80.19400122500008,9.594370895000054]]],[[[80.18576637000007,9.594796374000055],[80.18945090000005,9.594379842000023],[80.18802149000004,9.594179430000054],[80.18576637000007,9.594796374000055]]],[[[80.19442345000004,9.595080801000051],[80.19888613400008,9.594910965000054],[80.19856277700006,9.594053968000026],[80.19442345000004,9.595080801000051]]],[[[80.19378301200004,9.598924906000036],[80.19240603000003,9.59829245900005],[80.19302777300004,9.598880722000047],[80.19378301200004,9.598924906000036]]],[[[80.18777159700005,9.60189461300007],[80.18934429200004,9.600444679000077],[80.19049175900005,9.595869701000026],[80.18253360500006,9.595926267000038],[80.18777159700005,9.60189461300007]]],[[[80.19533391800007,9.599227104000022],[80.19361992000006,9.598573872000031],[80.19474587900004,9.599201223000023],[80.19533391800007,9.599227104000022]]],[[[80.19064601600007,9.599873187000071],[80.19106438400007,9.599674527000047],[80.19083588000007,9.599417592000066],[80.19064601600007,9.599873187000071]]],[[[80.19257502800008,9.602030566000053],[80.19520507100003,9.601061017000063],[80.19218114500006,9.599289558000066],[80.19257502800008,9.602030566000053]]],[[[80.17928984000008,9.603966822000075],[80.17951134900005,9.604192395000041],[80.17964051100006,9.604019557000072],[80.17928984000008,9.603966822000075]]],[[[80.17890936300006,9.604627013000027],[80.17883742400005,9.604488004000075],[80.17871651300004,9.604478185000062],[80.17890936300006,9.604627013000027]]],[[[80.17890605600007,9.605345080000063],[80.17883172300003,9.605732560000035],[80.17915181900008,9.605333116000054],[80.17890605600007,9.605345080000063]]],[[[80.18900494000007,9.613643645000025],[80.18706446400006,9.607738788000063],[80.19106339000007,9.609252569000034],[80.18501170900004,9.605054393000046],[80.17691923100006,9.606800261000046],[80.18900494000007,9.613643645000025]]],[[[80.18840970400004,9.614395129000059],[80.18015175900007,9.611705759000074],[80.17641859200006,9.608513877000064],[80.18493330400008,9.617618496000034],[80.18840970400004,9.614395129000059]]],[[[80.17799180700007,9.613954140000033],[80.18135533000003,9.615336338000077],[80.18078094400005,9.613823405000062],[80.17799180700007,9.613954140000033]]],[[[80.17883674400008,9.617836729000032],[80.17932020100005,9.616742079000062],[80.17900291800004,9.616047073000061],[80.17883674400008,9.617836729000032]]],[[[80.19965169500006,9.617105240000058],[80.19958692900008,9.617847527000038],[80.19982679700007,9.617903955000031],[80.19965169500006,9.617105240000058]]],[[[80.19078177500006,9.617807429000038],[80.19100065600009,9.61790099500007],[80.19097468600006,9.617698788000041],[80.19078177500006,9.617807429000038]]],[[[80.19025753000005,9.618071908000047],[80.19063066200005,9.617904622000026],[80.19016979100007,9.61794923900004],[80.19025753000005,9.618071908000047]]],[[[80.18842484800007,9.620380873000045],[80.19018117200005,9.618738329000053],[80.19204551800004,9.617935300000056],[80.19320073100005,9.618856577000031],[80.19242895800005,9.617987428000049],[80.19138532300008,9.617783443000064],[80.19045502200004,9.618501612000045],[80.18951334900004,9.618465234000041],[80.18870931800006,9.619452863000049],[80.18842484800007,9.620380873000045]]],[[[80.18401856000008,9.623293784000055],[80.18439392700003,9.621943945000055],[80.18356721800006,9.622728977000065],[80.18401856000008,9.623293784000055]]],[[[80.18583288100007,9.623433402000046],[80.18902937700005,9.622711680000066],[80.18907282800006,9.621715419000054],[80.18583288100007,9.623433402000046]]],[[[80.18933614100007,9.624366508000037],[80.19164550000005,9.624025257000028],[80.19216356900006,9.62279402300004],[80.18954539500004,9.623585900000023],[80.18933614100007,9.624366508000037]]],[[[80.19834514800004,9.626514994000047],[80.19861639600003,9.625314649000074],[80.19671935600007,9.626899974000025],[80.19834514800004,9.626514994000047]]],[[[80.17966796100006,9.627783936000071],[80.17942332300004,9.62804795300002],[80.17975689300005,9.62784221100003],[80.17966796100006,9.627783936000071]]],[[[80.20079735300004,9.640314183000044],[80.19745552900008,9.638955766000038],[80.19694205900004,9.639172293000058],[80.20079735300004,9.640314183000044]]],[[[80.19474580500008,9.64103521100003],[80.19356321100008,9.642326687000036],[80.19674974200007,9.63934968600006],[80.19474580500008,9.64103521100003]]],[[[80.19288361500008,9.643140079000034],[80.19266697800003,9.64419500300005],[80.19350629900003,9.642462758000022],[80.19288361500008,9.643140079000034]]]]}},{"type":"Feature","properties":{"district":"Kalutara","centroid_lon":80.12111,"centroid_lat":6.55865},"geometry":{"type":"MultiPolygon","coordinates":[[[[79.97713819200004,6.441291071000023],[79.97692032700007,6.441103541000075],[79.97690899200006,6.441241431000037],[79.97713819200004,6.441291071000023]]],[[[79.97639824100008,6.446717227000022],[79.97695555600006,6.446176685000069],[79.97621323200008,6.446330616000068],[79.97639824100008,6.446717227000022]]],[[[79.97747690500006,6.44754173900003],[79.97690943100008,6.449669872000072],[79.97726280200004,6.448943267000061],[79.97747690500006,6.44754173900003]]],[[[79.96529695700008,6.462671680000028],[79.96837227700007,6.462120855000023],[79.96722144500006,6.461051804000022],[79.96529695700008,6.462671680000028]]],[[[79.96994364300008,6.469066551000026],[79.96923773100008,6.468812600000035],[79.96942429100005,6.46942357100005],[79.96994364300008,6.469066551000026]]],[[[79.96786300100007,6.471339427000032],[79.96876322400004,6.470493777000058],[79.96825834900005,6.470207674000051],[79.96786300100007,6.471339427000032]]],[[[79.98337549300004,6.44325389100004],[79.97503734600008,6.45201508100007],[79.97119552800007,6.469849862000046],[79.98057153700006,6.478625065000074],[79.97387226300003,6.505338779000056],[79.97915669100007,6.508298327000034],[79.97797294900005,6.516066859000034],[79.93000765000005,6.648722041000042],[79.89859274300005,6.713439375000064],[79.90044393900007,6.727547715000071],[79.88450215100005,6.773418311000057],[79.89257775100003,6.77672753500002],[79.91109294100005,6.764048486000036],[79.91742387200003,6.749290250000058],[79.93584279100008,6.746942245000071],[79.94383562400003,6.749602103000029],[79.94689431600005,6.76175132700007],[79.94835730400007,6.763073175000045],[79.95175973700003,6.758405282000069],[79.97365830500007,6.75762828400002],[80.00082664700005,6.770606493000059],[80.00230979500003,6.777847165000026],[80.02591920000003,6.792613705000065],[80.03413354100007,6.806025060000024],[80.04118267400008,6.797761127000058],[80.06050096000007,6.790356410000072],[80.07780685000006,6.816477493000036],[80.08300863500006,6.812534934000041],[80.08761682400007,6.814979039000036],[80.09573498000003,6.803936678000071],[80.09582009900004,6.794566092000025],[80.10723012700004,6.770982536000076],[80.12133458200003,6.770491180000022],[80.12411587200006,6.78187904400005],[80.11427015000004,6.805027204000055],[80.14113359900006,6.819188140000051],[80.14577104600005,6.825885225000036],[80.16471978800007,6.816242680000073],[80.17288924600007,6.821098051000035],[80.18098669000005,6.79468395300006],[80.19085941100008,6.782332775000043],[80.19045312600008,6.760536641000044],[80.20323632800006,6.730138212000043],[80.22462510300005,6.728471805000027],[80.23723677700008,6.73450288600003],[80.25243551300008,6.729259434000028],[80.25435979700006,6.735342078000031],[80.26671591100006,6.73080430300007],[80.27008316800004,6.734727505000023],[80.29121801400004,6.72480457100005],[80.32356529400005,6.64940512000004],[80.34445289000007,6.621261927000035],[80.35164465100007,6.619162088000053],[80.35927550100007,6.604648261000023],[80.38021021800006,6.586390897000058],[80.37420067900007,6.569771560000049],[80.37740466400004,6.560754982000049],[80.38289446100003,6.558995125000024],[80.38143086300005,6.556340254000077],[80.36257518500008,6.549255896000034],[80.34613910800005,6.577994078000074],[80.33637573100003,6.578477369000041],[80.32798496900006,6.575245543000051],[80.33085884300004,6.570367332000046],[80.32688670400006,6.548814465000021],[80.30188103500006,6.595217189000039],[80.27986606900004,6.617903086000069],[80.25777140400004,6.622176963000072],[80.24752375900005,6.616573980000055],[80.25184519800007,6.609087235000061],[80.24607371400003,6.602167492000035],[80.23824809300004,6.603697187000023],[80.22645251900008,6.591280429000051],[80.21099456600007,6.592726008000056],[80.21075397800007,6.581081883000024],[80.19651871800005,6.58311087200002],[80.19750717700003,6.576941415000022],[80.19013022100006,6.582911471000045],[80.17369445600008,6.572532995000074],[80.14938428300007,6.580822707000038],[80.14051269600003,6.572052770000028],[80.13789406500007,6.575588397000047],[80.13317881900008,6.565681595000058],[80.12110859900008,6.572705879000068],[80.11191846900005,6.564500598000052],[80.11511520400006,6.554900156000031],[80.11038785100004,6.550901313000054],[80.11186672800005,6.54302259800005],[80.12151857800006,6.546801343000027],[80.12324467800005,6.536902345000044],[80.12734552700005,6.540249039000059],[80.13517627300007,6.525764374000062],[80.13106291000008,6.523169403000054],[80.13349203600006,6.516781150000043],[80.15218142600008,6.505347556000061],[80.15247097900004,6.494636660000026],[80.15850182100007,6.489426482000056],[80.15340803800007,6.485636318000047],[80.15217180500008,6.467456837000043],[80.18011258400009,6.471688121000057],[80.18418925900005,6.458416346000035],[80.20306644400006,6.447035529000061],[80.20707220400004,6.434912568000072],[80.21917325400005,6.436544362000063],[80.21517499100008,6.44518127300006],[80.23480833200006,6.441777992000027],[80.24678187600006,6.429278785000065],[80.25802374100004,6.436059297000043],[80.26455783800003,6.430561666000074],[80.27094902800008,6.436614379000048],[80.29921733400005,6.399503995000032],[80.28725366300006,6.389273160000073],[80.28825110400004,6.369981276000033],[80.29903574200006,6.335604919000048],[80.29713561200003,6.325736993000021],[80.29286020100005,6.324588083000037],[80.27354536600006,6.348533477000046],[80.26534660600004,6.350489886000048],[80.23689920900006,6.376618214000075],[80.21578805000007,6.379910174000031],[80.21006901500004,6.371097557000041],[80.20428862000006,6.372063299000047],[80.20554809400005,6.359500481000055],[80.18771291600007,6.354184994000036],[80.15238329700009,6.367383009000037],[80.13011403200005,6.367598685000075],[80.13112161800007,6.348344327000063],[80.13838522400005,6.335991032000038],[80.12131188700005,6.333118587000058],[80.11950961100007,6.34118670600003],[80.11118287700003,6.343332701000065],[80.10349888200005,6.362280456000065],[80.09393453700005,6.362635019000038],[80.07911542500005,6.379015398000035],[80.07271316300006,6.377026585000067],[80.07101550800007,6.367337003000046],[80.06231025000005,6.357632176000038],[80.07258275200007,6.350925670000038],[80.07907790200005,6.324339292000047],[80.06499736500007,6.312594632000071],[80.06830883900005,6.301797779000026],[80.06043957900005,6.296480884000061],[80.06405294100006,6.280964096000048],[80.05844959500007,6.272922094000023],[80.06414536200003,6.256849387000045],[80.05350925900007,6.243262623000021],[80.04257409500008,6.244634632000043],[80.03079071700006,6.26848771300007],[80.03567989400005,6.292887815000029],[80.02616652700004,6.312649705000069],[80.02613833500004,6.330115957000032],[80.00820524500006,6.36727247400006],[80.00236277800008,6.398741858000051],[79.98337549300004,6.44325389100004]]],[[[80.40883865700005,6.069573281000032],[80.43218701600006,6.059595836000028],[80.43266799400004,6.051091477000057],[80.44101490900005,6.042781051000077],[80.46632065500006,6.047276366000062],[80.46777789600003,6.030232494000074],[80.47083805000005,6.027417688000071],[80.47685728600004,6.030813230000035],[80.47428244900004,6.026821654000059],[80.48132794700007,6.023948178000069],[80.48156045700006,6.018976350000059],[80.48773070200008,6.020149523000043],[80.48807225100006,6.016351739000072],[80.46983620300006,6.009561303000055],[80.47850497000007,6.001595250000037],[80.47351984800008,6.000821424000037],[80.47719635400006,5.997987109000064],[80.47391167400008,5.996251823000023],[80.48359497000007,5.992975604000037],[80.48772096300007,5.982368147000045],[80.48423687000007,5.977340831000049],[80.46742599500004,5.979624138000077],[80.47314443700003,5.969964327000071],[80.46961511200004,5.965753645000063],[80.45866367200006,5.963315],[80.45703864500007,5.970551382000053],[80.45009046100006,5.970439935000059],[80.45397895100007,5.974469304000024],[80.43331125700007,5.981241018000048],[80.43411407200006,5.985033519000069],[80.42135944600005,5.993145897000034],[80.40596888800007,5.990250368000034],[80.40435379100006,5.994852976000061],[80.38636866800005,6.001449893000029],[80.39397106600006,6.013470245000065],[80.40717754800005,6.011983195000028],[80.42190693900005,6.018467871000041],[80.41088533400006,6.032804748000046],[80.39155659200003,6.032424303000028],[80.38685739700009,6.036253908000049],[80.38556509400007,6.054602013000022],[80.39109673600007,6.058003734000067],[80.39984952700007,6.052769338000076],[80.40883865700005,6.069573281000032]]]]}},{"type":"Feature","properties":{"district":"Kandy","centroid_lon":80.72581,"centroid_lat":7.28433},"geometry":{"type":"Polygon","coordinates":[[[80.55415425600006,7.092948177000039],[80.52954102400008,7.091104875000042],[80.51386750900008,7.07258885400006],[80.47500872500007,7.06130358200005],[80.46387179700008,7.064522388000057],[80.45738737200008,7.079064539000058],[80.46199469500004,7.087311485000043],[80.45360508000005,7.09508395000006],[80.43305624800007,7.092029962000026],[80.43326981300004,7.110871796000026],[80.44371944000005,7.10901731000007],[80.44250236700003,7.114609192000046],[80.45929071200004,7.123230544000023],[80.49934073300005,7.127897448000056],[80.50870105600006,7.138773284000024],[80.50945348800008,7.149475754000036],[80.51827074200008,7.153770458000054],[80.52281813900004,7.147209842000052],[80.53190755300005,7.15323803900003],[80.52564080100007,7.161124685000061],[80.53002661000005,7.168425920000061],[80.54662135700005,7.167502957000067],[80.54186299500003,7.180103569000039],[80.51060654300005,7.210677220000036],[80.51985488800005,7.226021554000056],[80.51639573700004,7.241381317000048],[80.49975471700003,7.259652512000059],[80.49404021600003,7.258297154000047],[80.47671626100004,7.267763433000027],[80.47999311700005,7.283879032000073],[80.45059010600005,7.314988975000063],[80.42567825500004,7.328944253000031],[80.42206851800006,7.335795500000074],[80.42137635400007,7.359817177000025],[80.43414372100005,7.353224703000024],[80.44376658300007,7.357117679000055],[80.45211280000007,7.350021946000027],[80.45774891600007,7.351767855000048],[80.44919975200008,7.361198850000051],[80.47014101300005,7.393011167000054],[80.45969154300008,7.410613005000073],[80.46791504600003,7.412969482000051],[80.47125592500004,7.406535979000068],[80.47845594300009,7.406712708000043],[80.50534959000004,7.385469661000059],[80.52778032100008,7.38856338100004],[80.53881307200004,7.370844513000065],[80.55769744800006,7.376678269000024],[80.57242925800006,7.366615447000072],[80.58189692800005,7.368093671000054],[80.58415870500005,7.359999670000036],[80.59625960200003,7.349369008000053],[80.60912147100004,7.351253374000066],[80.61292958600006,7.347360240000057],[80.61511401900003,7.358769821000067],[80.63398093600006,7.368434553000043],[80.62962490600006,7.374217394000027],[80.65312311600007,7.368935798000052],[80.66082984900004,7.373058831000037],[80.65492935000003,7.384778021000045],[80.69750739100004,7.386692180000068],[80.70543870000006,7.395862564000026],[80.70513744000004,7.415091677000021],[80.70751632800005,7.424273709000033],[80.71233785600003,7.425579613000025],[80.70005638100008,7.457176664000031],[80.72699605100007,7.474645336000037],[80.73052503600007,7.464285019000044],[80.73752209100007,7.463735193000048],[80.75014312600007,7.448478818000069],[80.75502537700004,7.449401787000056],[80.77630649900004,7.429399146000037],[80.78754694700007,7.426472080000053],[80.80741033000004,7.440130107000073],[80.80585264500007,7.447811032000061],[80.81906369700005,7.461041941000076],[80.83065612400003,7.459370595000053],[80.84971979900007,7.472489458000041],[80.86291608200008,7.474506415000064],[80.87818745300007,7.464099188000034],[80.88346098300008,7.472278195000058],[80.89666397900004,7.474505893000071],[80.90492229100005,7.457582535000029],[80.90741656900008,7.464526811000042],[80.91589754500006,7.46197552700005],[80.92084662000008,7.474691480000047],[80.92986951200004,7.480757007000022],[80.92935829200007,7.489268877000029],[80.97187332800007,7.488106072000051],[80.97193940800008,7.427504789000068],[80.96687489900006,7.413270041000033],[80.97947865000003,7.395867981000038],[80.97444078700005,7.362505183000053],[81.01435336100008,7.234545929000035],[81.00588385500004,7.21614352000006],[80.97917073700006,7.212822424000024],[80.96935498100004,7.196572180000032],[80.94079566700003,7.202573658000063],[80.91407585300004,7.202249708000068],[80.88751246500004,7.19395105500007],[80.84949741200006,7.190508664000049],[80.81758418500004,7.195792977000053],[80.80017891800009,7.204423774000077],[80.79955664700003,7.22657360200003],[80.74979299700004,7.274349420000021],[80.75241711500007,7.250994396000067],[80.76530996800005,7.237352581000039],[80.76250103300004,7.226978755000061],[80.76675764700008,7.223188945000061],[80.76402090300007,7.215549774000067],[80.76923352800003,7.199574455000061],[80.73674032400004,7.162514639000051],[80.72619994000007,7.157680400000061],[80.68891639700007,7.093408177000072],[80.67583762400005,7.093037241000047],[80.66474175400003,7.102379079000059],[80.64790839000005,7.104670436000049],[80.63814821300008,7.101416278000045],[80.63427531200006,7.086839179000037],[80.62825278600008,7.087547068000049],[80.62537908300004,7.080820840000058],[80.60760741900003,7.081012801000043],[80.57668666400008,7.071957085000065],[80.56814966900004,7.083155111000053],[80.55961679000006,7.07708086100007],[80.55314289900008,7.081508446000043],[80.55415425600006,7.092948177000039]]]}},{"type":"Feature","properties":{"district":"Kegalle","centroid_lon":80.32802,"centroid_lat":7.18044},"geometry":{"type":"MultiPolygon","coordinates":[[[[80.26971964900008,7.023356111000055],[80.25558621900007,7.018792208000036],[80.24815777800006,7.044425745000069],[80.22014966100005,7.011356627000055],[80.22209094100003,7.003277209000032],[80.21372998800007,6.99954077600006],[80.20519900300008,6.978386001000047],[80.17720635400008,6.977245654000058],[80.18026921400008,6.99345825000006],[80.17257052000008,7.008099046000041],[80.16224339800004,7.058312602000058],[80.18434208300005,7.094585928000072],[80.18382167800007,7.102922715000034],[80.19286978900004,7.10003935800006],[80.19677435400007,7.116303744000049],[80.21061333200004,7.131880571000067],[80.20086511900007,7.136728338000069],[80.17261061400006,7.135927425000034],[80.16119554100004,7.124791881000021],[80.15189690100004,7.150016624000045],[80.15517406900005,7.166673409000055],[80.15179642700008,7.182876006000072],[80.14406533100004,7.188648501000046],[80.15087027400006,7.192404562000036],[80.15666289500007,7.184091077000062],[80.16093827200007,7.193853128000057],[80.18031573000007,7.193480546000046],[80.18728275800004,7.226908919000039],[80.18459196000003,7.234922514000061],[80.19849925700004,7.244795190000048],[80.19842211400004,7.250818579000054],[80.18841874100008,7.263270116000058],[80.18241560600006,7.261054296000054],[80.16592680300005,7.285893768000051],[80.14092449900005,7.305905089000021],[80.14979923300007,7.317554888000075],[80.15329570200004,7.313278030000049],[80.16227564300004,7.321132224000053],[80.16866046500007,7.343865783000069],[80.18230192000004,7.353515652000056],[80.18313861700005,7.360618199000044],[80.19584591000006,7.373503086000028],[80.19571703800005,7.380598035000048],[80.20266865100007,7.377715751000039],[80.21106450400003,7.385677175000069],[80.23351461100003,7.385201994000056],[80.26266644500004,7.39593252100002],[80.27468180000005,7.375073784000051],[80.27160346300008,7.368556817000069],[80.26152897100008,7.365235698000049],[80.27663118000004,7.342381885000066],[80.27683792500005,7.317752522000035],[80.28593282000008,7.314654597000072],[80.31420972100005,7.320668590000025],[80.31868318700003,7.328354716000035],[80.33635129700008,7.320879564000052],[80.34785387600004,7.338637024000036],[80.34044795200003,7.351072167000041],[80.35372062700003,7.35709048700005],[80.34424415400008,7.386139177000075],[80.39009512700005,7.396292087000063],[80.40922215300003,7.383482941000068],[80.41410732500003,7.373988366000049],[80.41175027000008,7.356741061000037],[80.41962368900005,7.355169875000058],[80.42489880700003,7.329649491000055],[80.45059010600005,7.314988975000063],[80.47999311700005,7.283879032000073],[80.47671626100004,7.267763433000027],[80.49404021600003,7.258297154000047],[80.49975471700003,7.259652512000059],[80.51706725900004,7.240400636000061],[80.51961592000004,7.224848957000063],[80.51060654300005,7.210677220000036],[80.54186299500003,7.180103569000039],[80.54662135700005,7.167502957000067],[80.53002661000005,7.168425920000061],[80.52564080100007,7.161124685000061],[80.53190755300005,7.15323803900003],[80.52281813900004,7.147209842000052],[80.51827074200008,7.153770458000054],[80.50945348800008,7.149475754000036],[80.50870105600006,7.138773284000024],[80.49934073300005,7.127897448000056],[80.45929071200004,7.123230544000023],[80.44250236700003,7.114609192000046],[80.44371944000005,7.10901731000007],[80.43315453600007,7.110785570000075],[80.43318567800003,7.091656557000022],[80.45360508000005,7.09508395000006],[80.46199469500004,7.087311485000043],[80.45738737200008,7.079064539000058],[80.46387179700008,7.064522388000057],[80.46946601200005,7.063770384000065],[80.46193158000005,7.057721730000026],[80.45517341600004,7.032993886000042],[80.46466879100007,7.016868583000075],[80.44880967000006,7.000374399000066],[80.43002729100004,6.992834950000031],[80.42896265500008,6.986267227000042],[80.44144915000004,6.973847095000053],[80.44298255800004,6.964245044000052],[80.43490483200003,6.954680523000036],[80.40550111200008,6.964878942000041],[80.39802248000007,6.987196806000043],[80.40409148000003,6.994356475000075],[80.39550804000004,6.998053248000076],[80.34722978200006,6.994821192000074],[80.34259505200004,6.99866455800003],[80.32221743900004,6.993495345000042],[80.32532914800004,6.981938354000022],[80.31376801300007,6.980666086000042],[80.29660761500008,6.989056191000032],[80.29882468600005,6.994291623000038],[80.29236947600003,6.99548973900005],[80.29123154000007,7.003767501000027],[80.27443701500005,7.00955428900005],[80.26971964900008,7.023356111000055]]],[[[80.15809666700005,7.198188346000052],[80.16365453900005,7.202589137000075],[80.16496706200007,7.199784383000065],[80.15809666700005,7.198188346000052]]]]}},{"type":"Feature","properties":{"district":"Kilinochchi","centroid_lon":80.31343,"centroid_lat":9.33219},"geometry":{"type":"MultiPolygon","coordinates":[[[[80.00194352800008,9.277676206000024],[80.00198556100008,9.278019982000046],[80.00208242900004,9.277678495000032],[80.00194352800008,9.277676206000024]]],[[[80.00231027400008,9.277800327000023],[80.00202113700004,9.278152342000055],[80.00203274400008,9.278172351000023],[80.00231027400008,9.277800327000023]]],[[[80.00123381900005,9.278501747000064],[80.00130879400007,9.278724070000067],[80.00143807300003,9.278505623000058],[80.00123381900005,9.278501747000064]]],[[[80.00181896900006,9.278694425000026],[80.00206388300006,9.278753273000063],[80.00183945200007,9.27865152000004],[80.00181896900006,9.278694425000026]]],[[[80.00254668200006,9.278880357000048],[80.00236485800008,9.280487176000065],[80.00275113000004,9.281008734000068],[80.00254668200006,9.278880357000048]]],[[[79.99648778900007,9.28033939900007],[79.99659598400007,9.280355275000034],[79.99660558800008,9.280334319000076],[79.99648778900007,9.28033939900007]]],[[[79.99627137600004,9.281808971000032],[79.99622115800008,9.282582854000054],[79.99616240900008,9.282888886000023],[79.99625220500008,9.283076250000022],[79.99627137600004,9.281808971000032]]],[[[79.99595905100006,9.282393941000066],[79.99612903200006,9.282792517000075],[79.99606599500004,9.28227563300004],[79.99595905100006,9.282393941000066]]],[[[79.99613603700004,9.283249875000024],[79.99598970900007,9.283520183000064],[79.99617961000007,9.283262989000036],[79.99613603700004,9.283249875000024]]],[[[80.00031125500004,9.286253244000022],[80.00093120300005,9.287147294000022],[80.00114519300007,9.286988888000053],[80.00031125500004,9.286253244000022]]],[[[79.98697841300003,9.305624586000022],[79.99166554300007,9.302978616000075],[79.98714833600008,9.30188259700003],[79.99343812600006,9.292305400000032],[79.99100929600007,9.294147911000039],[79.98942653900008,9.292682365000076],[79.99231951500008,9.285941953000076],[79.99612720600004,9.28320934800007],[79.99500241200008,9.281956585000046],[79.99624205600009,9.281357532000072],[79.99630227100005,9.280425076000029],[79.99653518100007,9.280229912000038],[79.99689471500005,9.280280512000047],[79.99652178200006,9.278953521000062],[79.99674649900004,9.277389749000065],[79.99685473100004,9.277139702000056],[79.99719625800003,9.27718131100005],[79.99774750700004,9.27589492800007],[79.99736044800005,9.27507416700007],[79.99763424400004,9.274952964000022],[79.997668,9.274377968000067],[79.99801153300007,9.273502905000043],[79.99809531600005,9.27340136500004],[79.99769556800004,9.274383542000066],[79.99780443200007,9.275754991000042],[79.99759991900004,9.276534871000024],[79.99720066800006,9.277245699000048],[79.99677098100005,9.277391339000076],[79.99700584000004,9.28033021400006],[79.99622890300003,9.283407315000034],[79.99420244500004,9.284858669000073],[79.99564457600007,9.289664164000044],[79.99988679800003,9.28620838300003],[80.00492073300006,9.286502865000045],[80.00020000500007,9.280099042000074],[80.00226356000007,9.276137680000033],[80.00573176500006,9.281946273000074],[80.00616820800008,9.276337475000048],[79.99919427800006,9.270352978000062],[79.99189932300004,9.283187222000038],[79.97680445900005,9.279824928000039],[79.97059895300004,9.287123812000061],[79.97228597200007,9.29671354200002],[79.98697841300003,9.305624586000022]]],[[[80.08663820600003,9.313725483000042],[80.08632003200006,9.313912766000044],[80.08633963200003,9.313992013000075],[80.08663820600003,9.313725483000042]]],[[[80.07280517600003,9.322115090000068],[80.08091859900009,9.320882117000053],[80.08275426900008,9.31662566600005],[80.08606671100006,9.314174682000044],[80.08503476200008,9.312567267000077],[80.08879735800008,9.311784848000059],[80.07708026200004,9.312901331000035],[80.07280517600003,9.322115090000068]]],[[[80.08311146600005,9.317758338000033],[80.08222440800006,9.31854048200006],[80.08262866100006,9.319307221000031],[80.08311146600005,9.317758338000033]]],[[[80.08249529600005,9.319304250000073],[80.08184501300008,9.319628055000067],[80.08194546900006,9.31988459300004],[80.08249529600005,9.319304250000073]]],[[[80.05476953800007,9.345732414000054],[80.05859645600003,9.331650973000023],[80.05679587600008,9.32953866500003],[80.04989489200005,9.33774900700007],[80.05476953800007,9.345732414000054]]],[[[80.18966165000006,9.23705287000007],[80.14689961900007,9.21089936200002],[80.11663265100003,9.211552237000035],[80.11449074200004,9.240206002000036],[80.11858078100005,9.26006574400003],[80.10790898200008,9.275064015000055],[80.11937345900003,9.290540728000053],[80.11995036800005,9.29967031600006],[80.08401510800007,9.328544874000045],[80.06853065500007,9.325427740000066],[80.06127859600008,9.330714883000041],[80.05685553000006,9.349712312000065],[80.06069675500004,9.356922377000046],[80.05243283300007,9.365561383000056],[80.05152385300005,9.389416359000052],[80.07095880000008,9.403466051000066],[80.10986658300004,9.416738340000052],[80.14512638500008,9.437384692000023],[80.16432936100006,9.457688119000068],[80.16747639700003,9.465663232000054],[80.18025260500008,9.472857628000042],[80.18310845100007,9.488225662000048],[80.16061555300007,9.519614905000026],[80.13138681800007,9.54680963900006],[80.09115815900003,9.576606706000064],[80.04974510900007,9.598700969000049],[80.05934047200003,9.611383381000053],[80.06217723800006,9.600469997000062],[80.07035209600008,9.601936053000031],[80.06965864800003,9.597631670000055],[80.07348125500005,9.60091791900004],[80.07272832900009,9.59668380200003],[80.08998113800004,9.593312833000027],[80.09798776700006,9.584988034000048],[80.10344550000008,9.587576600000034],[80.09835201100003,9.589938537000023],[80.09748633700008,9.590910344000065],[80.09737418300006,9.591273459000035],[80.10088001300005,9.589686760000063],[80.10852806300005,9.584902555000042],[80.10562780600003,9.585880071000076],[80.10571124600006,9.579758492000053],[80.11210830700009,9.574320197000077],[80.11823748500007,9.573772814000051],[80.11832740300008,9.57761831700003],[80.12510233200004,9.577197934000026],[80.13713507700004,9.56047127000005],[80.16788819600004,9.543424221000066],[80.17705905900004,9.540383035000048],[80.19276170600006,9.545709565000038],[80.19136853400005,9.544949692000046],[80.19156116100004,9.542392433000032],[80.19337438000008,9.545582727000067],[80.19444939400006,9.552481792000037],[80.19351541700007,9.544925414000033],[80.19151662800004,9.542006168000057],[80.19765930800008,9.539008016000025],[80.19423931100005,9.537335256000063],[80.21769725800004,9.527945030000069],[80.21818811700007,9.536341509000067],[80.22735505800006,9.529214760000059],[80.23012606400005,9.533565226000064],[80.22863433100008,9.528453953000053],[80.24350055400004,9.517306526000027],[80.25800321400004,9.509018582000067],[80.25299362000004,9.513235461000022],[80.26235790800007,9.51343786700005],[80.28240041800007,9.495665632000055],[80.28013813800004,9.496713088000035],[80.28068619000004,9.49551339900006],[80.27639338500006,9.492882274000067],[80.26638878600005,9.498244613000054],[80.25846721600004,9.499123112000063],[80.25691352900003,9.497843784000054],[80.25700064400007,9.498672007000039],[80.25379454800003,9.501211501000057],[80.24953103800004,9.502610963000052],[80.24622592700007,9.50616559100007],[80.24678498800006,9.495972894000033],[80.25638013100007,9.486557496000046],[80.27587848200005,9.475564503000044],[80.26350143400003,9.47700539400006],[80.25552073100005,9.471577484000022],[80.24892853200004,9.474207074000049],[80.24773098800006,9.46868478600004],[80.27754723400005,9.455263926000043],[80.29365391200008,9.458866808000039],[80.29619818900005,9.45520584600007],[80.31015341800008,9.462470931000041],[80.32717553100008,9.455032198000026],[80.32853274800004,9.45490198300007],[80.32995355900005,9.456038955000054],[80.33065094600005,9.455747763000034],[80.33346568300004,9.458634096000026],[80.33339777800006,9.457667016000073],[80.33246788300005,9.456942370000036],[80.33229140100008,9.456131319000065],[80.33453199400003,9.455197863000024],[80.33556888000004,9.468854866000072],[80.33639688100004,9.468079885000066],[80.33920210500008,9.470262104000028],[80.34087224200005,9.46901512200003],[80.34425342800006,9.467856306000044],[80.33812677000003,9.473487712000065],[80.33524099000005,9.468876477000038],[80.33781302100004,9.473668470000064],[80.34166281600005,9.47223692700004],[80.34464486400003,9.468042668000066],[80.34837652700008,9.466315214000076],[80.34401486500008,9.462777217000053],[80.34695154600007,9.462214845000062],[80.35104832900004,9.46513625700004],[80.35064803800003,9.468019287000061],[80.35892936900007,9.467752567000048],[80.39027144400006,9.482765328000028],[80.39292926500008,9.489873995000039],[80.38941195900009,9.489067786000021],[80.38944011200005,9.494743952000022],[80.39465889000007,9.50368098000007],[80.39101051500006,9.513913671000068],[80.38436946700006,9.517740365000066],[80.38367772800007,9.513594108000063],[80.38052160600006,9.515164991000063],[80.35512005700008,9.548767676000068],[80.30653228700004,9.584716151000066],[80.25545292300006,9.61308037300006],[80.27522313400004,9.650460699000064],[80.28729142900005,9.65640075400006],[80.29737373500006,9.684750175000033],[80.27811327200004,9.703902153000058],[80.26274710200005,9.711769553000067],[80.23904536400005,9.751688054000056],[80.24015953900005,9.764504061000025],[80.26921096000007,9.785700360000021],[80.31731789100007,9.713949574000026],[80.35691908700005,9.66729559600003],[80.55322470100003,9.507896304000042],[80.62077444300007,9.45866025500004],[80.60309562300006,9.419970258000035],[80.59589477000003,9.414324073000046],[80.59244647400004,9.417434354000022],[80.58347858300004,9.408487857000068],[80.58331286600009,9.36250975300004],[80.55647847700004,9.376276243000063],[80.52997905700005,9.404964488000076],[80.52725754600004,9.379452482000033],[80.51366297700008,9.346037208000041],[80.40612403100005,9.339643253000077],[80.40336190200009,9.275979850000056],[80.38102169500007,9.245292327000072],[80.36535591300003,9.235718062000046],[80.34881340300007,9.232586086000026],[80.33367362200005,9.211306215000036],[80.39962567400005,9.17121080100003],[80.40297660000004,9.090496392000034],[80.42387428400008,9.090688184000044],[80.42524349600006,9.04479537700007],[80.43251337200007,9.031201381000074],[80.39440444300004,8.995211349000044],[80.33859787500006,8.959154940000076],[80.17247504000005,8.95007021300006],[80.17565405700003,8.972466354000062],[80.18796609600008,8.979210195000064],[80.17407189700003,8.99643129900005],[80.19278003800008,9.045653128000026],[80.21781006800006,9.055198045000054],[80.21399310400005,9.097061488000065],[80.22365946700006,9.112966537000034],[80.21499557500005,9.142962621000038],[80.19336796700009,9.175836511000057],[80.18966165000006,9.23705287000007]]],[[[80.12338547500008,9.428318383000033],[80.12326395200006,9.42936333700004],[80.12371087300005,9.429822596000065],[80.12338547500008,9.428318383000033]]],[[[80.15468820700005,9.44863448700005],[80.15434772200007,9.447846497000057],[80.15403546700009,9.44833847700005],[80.15468820700005,9.44863448700005]]],[[[80.15569280200003,9.44860116600006],[80.15411188400003,9.449305490000029],[80.15437967000008,9.450157641000033],[80.15569280200003,9.44860116600006]]],[[[80.15473350300005,9.453422483000054],[80.15485269300007,9.45359069500006],[80.15497615400005,9.45361080400005],[80.15473350300005,9.453422483000054]]],[[[80.15488152900008,9.45422424000003],[80.15485786700003,9.454776042000049],[80.15530396100007,9.454822216000025],[80.15488152900008,9.45422424000003]]],[[[80.25137172000007,9.470379035000065],[80.25126741600008,9.470874578000064],[80.25157891000003,9.470329881000055],[80.25137172000007,9.470379035000065]]],[[[80.25344533000003,9.471967944000028],[80.25321346900006,9.472008653000046],[80.25176870400009,9.472945828000036],[80.25344533000003,9.471967944000028]]],[[[80.25247616700005,9.490727097000047],[80.25274025600004,9.491190091000021],[80.25297947000007,9.490993505000063],[80.25247616700005,9.490727097000047]]],[[[80.25035925400005,9.49635363300007],[80.25073852500003,9.497588162000056],[80.25128712700007,9.49604021600004],[80.25035925400005,9.49635363300007]]],[[[80.20138994600006,9.536537398000064],[80.20758284400006,9.536131810000029],[80.21001282300006,9.531195799000045],[80.20138994600006,9.536537398000064]]],[[[80.22317150900005,9.534912310000038],[80.22442108700005,9.533255208000071],[80.22273338800005,9.534422708000022],[80.22317150900005,9.534912310000038]]],[[[80.22275448900007,9.536437167000031],[80.22174945600005,9.536296151000045],[80.22177454800004,9.53712409700006],[80.22275448900007,9.536437167000031]]],[[[80.20004076800006,9.537484616000029],[80.20104110500006,9.536993277000022],[80.20067418900004,9.536815087000036],[80.20004076800006,9.537484616000029]]],[[[80.21685926600009,9.538099554000041],[80.22122516600007,9.537448479000034],[80.22089067000007,9.536360261000027],[80.21685926600009,9.538099554000041]]],[[[80.21638309500008,9.538101869000059],[80.21614759800008,9.539120732000072],[80.21677695400007,9.539257639000027],[80.21638309500008,9.538101869000059]]],[[[80.19676895500004,9.541922831000022],[80.19978339600004,9.54143373100004],[80.19889305900006,9.538888611000061],[80.19676895500004,9.541922831000022]]],[[[80.19264989500005,9.544918823000046],[80.19234534100008,9.544924012000024],[80.19244036400005,9.545028788000025],[80.19264989500005,9.544918823000046]]],[[[80.08666156600003,9.598891166000044],[80.09942027300008,9.594492237000054],[80.10239500500006,9.594111489000056],[80.09695677400003,9.594645047000029],[80.08666156600003,9.598891166000044]]],[[[80.06392587900007,9.609402371000044],[80.07535836000005,9.602770037000028],[80.08492440900005,9.598440147000076],[80.07273630500003,9.603241171000036],[80.06392587900007,9.609402371000044]]],[[[80.07394059000006,9.611829704000058],[80.08022343500005,9.609846858000026],[80.08224675900004,9.608821154000054],[80.07394059000006,9.611829704000058]]],[[[80.27433711300006,9.465238967000062],[80.27295248600007,9.465899171000046],[80.27236337900007,9.466154682000024],[80.27282673500008,9.466067090000024],[80.27433711300006,9.465238967000062]]],[[[80.26642559100003,9.466624430000024],[80.26934988200009,9.466373275000024],[80.26946189700004,9.46613128100006],[80.26729426600008,9.466091280000057],[80.26642559100003,9.466624430000024]]],[[[80.27413676800006,9.465787099000067],[80.27342609500005,9.466784907000033],[80.27356995300005,9.467198798000027],[80.27430505200005,9.466125249000072],[80.27413676800006,9.465787099000067]]],[[[80.25972463500005,9.470234353000023],[80.26102007500003,9.466470293000043],[80.26223947500006,9.464842829000077],[80.26236435900006,9.463594809000028],[80.26171982500006,9.463019506000023],[80.25707322000005,9.466608940000071],[80.25898013600005,9.469072776000075],[80.25887403600007,9.466487877000077],[80.26067305100008,9.46512167700007],[80.25972463500005,9.470234353000023]]],[[[80.27287551100005,9.468370691000075],[80.27298305700003,9.467247335000025],[80.27210324200007,9.467298890000052],[80.27287551100005,9.468370691000075]]],[[[80.27071258900008,9.468024813000056],[80.27092136100003,9.468326311000055],[80.27074258800008,9.46793823300004],[80.27071258900008,9.468024813000056]]],[[[80.27156999100004,9.467851703000065],[80.27111150700006,9.468158757000026],[80.27108405000007,9.469381874000021],[80.27138866600006,9.469352108000066],[80.27156999100004,9.467851703000065]]],[[[80.26849767600004,9.470737143000065],[80.26710003700003,9.466748196000026],[80.26372702700007,9.469209078000063],[80.26849767600004,9.470737143000065]]],[[[80.27367534000007,9.469785776000037],[80.27253353500004,9.468854149000038],[80.27178002500006,9.468542383000056],[80.27367534000007,9.469785776000037]]],[[[80.27010009500003,9.470710502000031],[80.27270559500005,9.470488161000048],[80.27140043200006,9.469654498000068],[80.27010009500003,9.470710502000031]]],[[[80.25781817400008,9.47094843900004],[80.25660218200005,9.470443903000046],[80.25620946000004,9.470554728000025],[80.25781817400008,9.47094843900004]]],[[[80.25659053100003,9.47086706600004],[80.25694715500003,9.471632207000027],[80.25709215000006,9.471208064000052],[80.25659053100003,9.47086706600004]]],[[[80.25571628500006,9.471269428000028],[80.25604006700007,9.471338084000024],[80.25628450600004,9.471595426000022],[80.25614186100006,9.47129962400004],[80.25571628500006,9.471269428000028]]],[[[80.25771750800004,9.471759748000068],[80.25729024900005,9.472065565000037],[80.25794480700006,9.472031350000066],[80.25771750800004,9.471759748000068]]],[[[80.26773621700005,9.47543986200003],[80.26764200900004,9.476457982000056],[80.26802614400003,9.47617912800007],[80.26773621700005,9.47543986200003]]],[[[80.26386283700003,9.483453986000029],[80.26352470800003,9.484152557000073],[80.26399180000004,9.48426680600005],[80.26386283700003,9.483453986000029]]],[[[80.26463660400003,9.484750599000051],[80.26572079100004,9.483748562000073],[80.26406681000003,9.483181385000023],[80.26463660400003,9.484750599000051]]],[[[80.26585525900003,9.485904171000072],[80.26471924700007,9.486404105000076],[80.26489381800008,9.486678701000073],[80.26585525900003,9.485904171000072]]],[[[80.26087340700008,9.486509735000027],[80.26129706700004,9.487477517000059],[80.26155591400004,9.486995308000076],[80.26087340700008,9.486509735000027]]],[[[80.25890540500006,9.487202484000022],[80.25908914000007,9.487741945000039],[80.25968378300007,9.487837306000074],[80.25890540500006,9.487202484000022]]],[[[80.25510519600004,9.489920797000025],[80.25444141300005,9.490070281000044],[80.25511921600008,9.490472036000028],[80.25510519600004,9.489920797000025]]],[[[80.25309559200008,9.490759119000074],[80.25440698000006,9.490315004000024],[80.25307608800006,9.490403637000043],[80.25309559200008,9.490759119000074]]],[[[80.25538503400008,9.491608590000055],[80.25481525000004,9.490784903000076],[80.25463480000008,9.491216946000065],[80.25538503400008,9.491608590000055]]],[[[80.25673821100008,9.490994533000048],[80.25645149300004,9.492018423000047],[80.25675305100003,9.49197609600003],[80.25673821100008,9.490994533000048]]],[[[80.28542473100003,9.496547859000032],[80.27680333700005,9.48940933700004],[80.26328333200007,9.495279032000042],[80.27753967300004,9.491635330000065],[80.28152583300005,9.495384186000024],[80.27944464200004,9.493108205000055],[80.27903499800004,9.491661129000022],[80.28093472000006,9.493946081000047],[80.28542473100003,9.496547859000032]]],[[[80.25346874400003,9.491079498000033],[80.25646879900006,9.494396209000058],[80.25760546900005,9.493419777000042],[80.25346874400003,9.491079498000033]]],[[[80.25876204700006,9.494363229000044],[80.25873392100004,9.494594309000036],[80.25894417100005,9.494519023000066],[80.25876204700006,9.494363229000044]]],[[[80.25953366500005,9.494653713000048],[80.25963076600004,9.495020701000044],[80.25977735600003,9.494998129000066],[80.25953366500005,9.494653713000048]]],[[[80.26117582700005,9.495973755000023],[80.26289737100007,9.494740996000075],[80.26000957900004,9.494602778000058],[80.26117582700005,9.495973755000023]]],[[[80.25975524700004,9.495473450000077],[80.25990116700007,9.49565812700007],[80.26009303100005,9.495696383000052],[80.25975524700004,9.495473450000077]]],[[[80.25884055400007,9.496695532000047],[80.25843984500005,9.497073998000076],[80.25903302700004,9.49705913300005],[80.25884055400007,9.496695532000047]]],[[[80.25930065500006,9.498337564000053],[80.25827050300006,9.49714192700003],[80.25766146900008,9.49734114000006],[80.25930065500006,9.498337564000053]]],[[[80.26062757500006,9.497876450000035],[80.26052401300007,9.497997465000026],[80.26065976200005,9.497916372000077],[80.26062757500006,9.497876450000035]]],[[[80.26205076800005,9.497849952000024],[80.26240648100008,9.498147691000042],[80.26247702300003,9.49799714900007],[80.26205076800005,9.497849952000024]]],[[[80.26017219600004,9.49851263100004],[80.25968703800004,9.498160719000055],[80.25950726200006,9.498385881000047],[80.26017219600004,9.49851263100004]]],[[[80.25508653000009,9.498184337000055],[80.25499536300003,9.498662359000036],[80.25529014900007,9.498767413000053],[80.25508653000009,9.498184337000055]]],[[[80.25549257300008,9.498384227000031],[80.25556338000007,9.499092163000057],[80.25587916600006,9.499103390000073],[80.25549257300008,9.498384227000031]]],[[[80.28753554300005,9.458961418000058],[80.28681238800004,9.459024892000059],[80.28751875400008,9.459048654000071],[80.28753554300005,9.458961418000058]]],[[[80.27878741000006,9.459367997000072],[80.28022445500005,9.458968712000058],[80.27930175400007,9.459028003000071],[80.27878741000006,9.459367997000072]]],[[[80.29111627700007,9.460067515000048],[80.29073606000009,9.460108588000026],[80.29123222400005,9.46012870800007],[80.29111627700007,9.460067515000048]]],[[[80.28866906500008,9.459506605000058],[80.28945554300003,9.460733015000073],[80.29056776500005,9.46016071400004],[80.28866906500008,9.459506605000058]]],[[[80.29267689700004,9.460135838000042],[80.29285167100005,9.46033645500006],[80.29376999600004,9.461336706000054],[80.29548978100007,9.459386707000021],[80.29267689700004,9.460135838000042]]],[[[80.27807703400003,9.460622981000029],[80.27823946700005,9.460211963000063],[80.27795087200008,9.460382640000034],[80.27807703400003,9.460622981000029]]],[[[80.28318212200008,9.462314891000062],[80.28321288700005,9.461619848000055],[80.28301580500005,9.46199899100003],[80.28318212200008,9.462314891000062]]],[[[80.28687873000007,9.459779206000064],[80.28563320200004,9.461621490000027],[80.28644534400007,9.462728221000077],[80.28687873000007,9.459779206000064]]],[[[80.29527417300005,9.462514890000023],[80.29537525800004,9.462126567000041],[80.29518043200005,9.462398386000075],[80.29527417300005,9.462514890000023]]],[[[80.29632408700007,9.462677990000032],[80.29788358700006,9.462710210000068],[80.29740992600006,9.462480887000027],[80.29681162200006,9.46242058200005],[80.29632408700007,9.462677990000032]]],[[[80.28548739500008,9.462651120000032],[80.28548815400006,9.463407242000073],[80.28558837200006,9.462606501000039],[80.28548739500008,9.462651120000032]]],[[[80.29415084200008,9.46268914600006],[80.29486808100006,9.464344783000058],[80.29522841400006,9.464393921000067],[80.29415084200008,9.46268914600006]]],[[[80.29809142500005,9.463511373000074],[80.29791107200003,9.46318976200007],[80.29825159100005,9.464072938000072],[80.29809142500005,9.463511373000074]]],[[[80.28690117800005,9.467742018000024],[80.28865547300006,9.466632319000041],[80.28919435900008,9.467765434000057],[80.29125588600004,9.466373751000049],[80.28814524700005,9.464805515000023],[80.28964231100008,9.462521848000051],[80.29181206700008,9.463515141000073],[80.28838074200007,9.459484778000046],[80.28690117800005,9.467742018000024]]],[[[80.27728007200005,9.465870301000052],[80.27796253000008,9.46261565900005],[80.27609292500006,9.46181494900003],[80.27620214000007,9.464158875000066],[80.27682826500006,9.465398017000041],[80.27728007200005,9.465870301000052]]],[[[80.28546842700007,9.463574136000034],[80.28514576200007,9.46381421600006],[80.28524268800004,9.464060482000036],[80.28546842700007,9.463574136000034]]],[[[80.28460268600008,9.463859848000027],[80.28434097900004,9.464467673000058],[80.28467163400006,9.464311249000048],[80.28460268600008,9.463859848000027]]],[[[80.28370701200004,9.465669245000072],[80.28240711700005,9.46284287900005],[80.28271510000008,9.46242365200004],[80.28211226300004,9.462737124000057],[80.28185413800009,9.463257331000023],[80.28275874400003,9.463957927000024],[80.28180687400004,9.464861467000048],[80.28370701200004,9.465669245000072]]],[[[80.29807035200008,9.464864805000047],[80.29785478400004,9.464255691000062],[80.29764216300003,9.464418799000043],[80.29807035200008,9.464864805000047]]],[[[80.29003062500004,9.464713344000074],[80.29014155200008,9.465243107000049],[80.29018472000007,9.465245065000033],[80.29003062500004,9.464713344000074]]],[[[80.29818455600008,9.46507248000006],[80.29768521000005,9.465440191000027],[80.29805617200003,9.465842446000067],[80.29818455600008,9.46507248000006]]],[[[80.29502506000006,9.466423834000068],[80.29726007800008,9.464756105000049],[80.29488659200007,9.464791951000052],[80.29502506000006,9.466423834000068]]],[[[80.29455025400006,9.466891401000055],[80.29423233900008,9.46718891300003],[80.29499915100007,9.46724782800004],[80.29455025400006,9.466891401000055]]],[[[80.28437079900004,9.467802079000023],[80.28431893700008,9.466730943000073],[80.28415167800006,9.466691466000043],[80.28437079900004,9.467802079000023]]],[[[80.28807753700005,9.467177138000068],[80.28790628700006,9.467582543000049],[80.28828664300005,9.46725293000003],[80.28807753700005,9.467177138000068]]],[[[80.29468159600003,9.467482226000072],[80.29481807800005,9.467912013000046],[80.29514512300005,9.467401204000055],[80.29468159600003,9.467482226000072]]],[[[80.29446140400006,9.467453171000045],[80.29397740800005,9.46778002800005],[80.29421366600008,9.46804791300002],[80.29446140400006,9.467453171000045]]],[[[80.29322905100008,9.468601501000023],[80.29171811600008,9.467618703000028],[80.29302526400005,9.468762537000032],[80.29322905100008,9.468601501000023]]],[[[80.28804710800006,9.474019258000055],[80.29170409900007,9.46813807500007],[80.28736596800007,9.469882079000058],[80.28804710800006,9.474019258000055]]],[[[80.27401999200004,9.473768414000062],[80.27435018700004,9.472738058000061],[80.27385102600005,9.473712654000053],[80.27401999200004,9.473768414000062]]],[[[80.27799977000006,9.47442490800006],[80.28471063100005,9.47522748800003],[80.28079147300008,9.474068401000068],[80.27958831300003,9.473985243000072],[80.27799977000006,9.47442490800006]]],[[[80.27888795500007,9.47764748700007],[80.28100230300004,9.476523239000073],[80.28092892500007,9.476370590000045],[80.27888795500007,9.47764748700007]]],[[[80.27626245500005,9.477298551000047],[80.27616763600008,9.47780786100003],[80.27634464300007,9.477277598000057],[80.27626245500005,9.477298551000047]]],[[[80.27514202900005,9.492825160000052],[80.27527127000008,9.492831764000073],[80.27516603600003,9.492789207000044],[80.27514202900005,9.492825160000052]]],[[[80.29741658700004,9.585611241000038],[80.29879408500005,9.58454933300004],[80.29729911300007,9.58543002600004],[80.29741658700004,9.585611241000038]]],[[[80.29878206300003,9.586941231000026],[80.29630277100006,9.585864744000048],[80.29527463700003,9.586846972000046],[80.29878206300003,9.586941231000026]]],[[[80.32853297000008,9.455013928000028],[80.32850724200006,9.455333092000046],[80.32868590600003,9.455072174000065],[80.32853297000008,9.455013928000028]]],[[[80.33388022400004,9.458455030000039],[80.33401615500003,9.458637315000033],[80.33389503000006,9.458413543000063],[80.33388022400004,9.458455030000039]]],[[[80.33377087000008,9.458647046000067],[80.33381704700008,9.458934380000073],[80.33397113300003,9.458876701000065],[80.33377087000008,9.458647046000067]]],[[[80.30078867900005,9.461675693000075],[80.30030127900005,9.46163652000007],[80.30089438400006,9.461837604000038],[80.30078867900005,9.461675693000075]]],[[[80.29897392900006,9.46168121200003],[80.29902930000003,9.46181981500007],[80.30021508400006,9.46212984500005],[80.29897392900006,9.46168121200003]]],[[[80.33352642300008,9.462597820000042],[80.33367980900005,9.462662303000059],[80.33359538100007,9.462516975000028],[80.33352642300008,9.462597820000042]]],[[[80.33308744100003,9.46265315200003],[80.33314196200007,9.462609454000074],[80.33306457700007,9.462584672000048],[80.33308744100003,9.46265315200003]]],[[[80.33251442900007,9.462965394000037],[80.33257166800007,9.46293345600003],[80.33254497300004,9.462869220000073],[80.33251442900007,9.462965394000037]]],[[[80.33286003600006,9.462997294000047],[80.33303117100007,9.46300049100006],[80.33289147300007,9.46291369100004],[80.33286003600006,9.462997294000047]]],[[[80.33444895400004,9.462751061000063],[80.33406879500006,9.463178295000034],[80.33423908700007,9.463341812000067],[80.33444895400004,9.462751061000063]]],[[[80.33378289000007,9.46289536200004],[80.33365677900008,9.463228147000052],[80.33384724300004,9.463214550000032],[80.33378289000007,9.46289536200004]]],[[[80.30283126300003,9.463046448000057],[80.30223678500005,9.463184816000023],[80.30326883800006,9.463426541000047],[80.30283126300003,9.463046448000057]]],[[[80.33327196500005,9.46315966800006],[80.33337739500007,9.463334770000074],[80.33336364800005,9.463112672000022],[80.33327196500005,9.46315966800006]]],[[[80.31492289000005,9.465964906000067],[80.31722896300005,9.460749360000023],[80.30934458900003,9.46312064600005],[80.31492289000005,9.465964906000067]]],[[[80.33362692300005,9.46350164300003],[80.33376015100004,9.463519079000037],[80.33366196900005,9.463372922000076],[80.33362692300005,9.46350164300003]]],[[[80.32530375800008,9.463754469000037],[80.32976926100008,9.463636782000037],[80.33160449800005,9.464006753000035],[80.33001351100006,9.462944260000029],[80.32530375800008,9.463754469000037]]],[[[80.30410495400008,9.463689161000048],[80.30853537300004,9.463988459000063],[80.30720174900006,9.46368016100007],[80.30410495400008,9.463689161000048]]],[[[80.32467488800006,9.465139236000027],[80.32520888400006,9.46380091800006],[80.32470677300006,9.464076524000063],[80.32467488800006,9.465139236000027]]],[[[80.32302759500004,9.465227465000055],[80.32457849700006,9.465090555000074],[80.32456036700006,9.464529994000031],[80.32302759500004,9.465227465000055]]],[[[80.34742499500004,9.464843452000025],[80.34724910200003,9.465043274000038],[80.34780353500008,9.46522864700006],[80.34742499500004,9.464843452000025]]],[[[80.30703719600007,9.466304944000058],[80.30517306900003,9.46494982300004],[80.30367964700008,9.464674393000053],[80.30703719600007,9.466304944000058]]],[[[80.30362413500006,9.465245976000062],[80.30213354900008,9.465430438000055],[80.30254200800005,9.46619316600004],[80.30362413500006,9.465245976000062]]],[[[80.29520727300007,9.467839481000055],[80.30098452800007,9.467945298000075],[80.30191545300005,9.466944019000039],[80.30141539700008,9.465087676000053],[80.29520727300007,9.467839481000055]]],[[[80.31032955700005,9.467665915000055],[80.31574556600003,9.46772869800003],[80.31635662200006,9.467038925000054],[80.31032955700005,9.467665915000055]]],[[[80.30931593600008,9.46793051700007],[80.30910387300008,9.467202056000076],[80.30861968200009,9.467141285000025],[80.30846156700005,9.467277527000022],[80.30847672600004,9.467450254000028],[80.30863694300007,9.467649670000071],[80.30931593600008,9.46793051700007]]],[[[80.33598567300004,9.468727479000052],[80.33564449400006,9.469217569000023],[80.33645742100003,9.468493506000073],[80.33598567300004,9.468727479000052]]],[[[80.31593565500003,9.469867015000034],[80.31612271600005,9.469399676000023],[80.31529275300005,9.469700069000055],[80.31593565500003,9.469867015000034]]],[[[80.30874624300003,9.473291801000073],[80.30883753600006,9.47388311100002],[80.30916736100005,9.473324729000069],[80.30874624300003,9.473291801000073]]],[[[80.30186283500007,9.483469585000023],[80.30532023700005,9.478463199000032],[80.32046855500005,9.46750774800006],[80.32076412500004,9.466799024000068],[80.32269738800005,9.465820766000036],[80.32297225500008,9.46519900100003],[80.31537767900005,9.470293090000041],[80.31064175000006,9.468918061000068],[80.31377793500008,9.471252751000065],[80.30613372500005,9.476957371000026],[80.31017287800006,9.469865538000022],[80.30989121900006,9.468052442000044],[80.30186283500007,9.483469585000023]]],[[[80.30109418900008,9.481118336000065],[80.30178966400007,9.482040575000042],[80.30204477100006,9.480742701000054],[80.30109418900008,9.481118336000065]]],[[[80.34779106000008,9.549744224000051],[80.34748285500007,9.54981360000005],[80.34759179000008,9.549945782000066],[80.34779106000008,9.549744224000051]]],[[[80.34568833600008,9.551361646000032],[80.34633447900006,9.550913179000077],[80.34695076200006,9.550349780000033],[80.34568833600008,9.551361646000032]]],[[[80.30258978700004,9.584728184000028],[80.30402163200006,9.583765295000035],[80.30230319900005,9.584493192000025],[80.30258978700004,9.584728184000028]]],[[[80.30188326600006,9.584813029000031],[80.30132973300005,9.584776788000056],[80.30140065400008,9.585139381000033],[80.30188326600006,9.584813029000031]]],[[[80.29943317200008,9.585350204000065],[80.29964145700006,9.58574173900007],[80.29976338800003,9.585500629000023],[80.29943317200008,9.585350204000065]]],[[[80.34982703300005,9.466580502000056],[80.34976862300005,9.465430254000069],[80.34941597300008,9.46657632800003],[80.34982703300005,9.466580502000056]]],[[[80.34883351300005,9.46636853800004],[80.34881661400004,9.466670127000043],[80.34905209900006,9.466621103000023],[80.34883351300005,9.46636853800004]]],[[[80.34854200800004,9.466436971000064],[80.34845869000003,9.466673727000057],[80.34858056900003,9.466677645000061],[80.34854200800004,9.466436971000064]]],[[[80.34818229000007,9.466724792000036],[80.34771977500003,9.46690138300005],[80.34773800500005,9.467001350000032],[80.34818229000007,9.466724792000036]]],[[[80.34855640200004,9.466919618000077],[80.34861013500006,9.467116908000037],[80.34862924800007,9.46692704000003],[80.34855640200004,9.466919618000077]]],[[[80.34927601900006,9.46730806100004],[80.34903392700005,9.466950415000042],[80.34881943600004,9.46722944000004],[80.34927601900006,9.46730806100004]]],[[[80.34970432400007,9.467061963000049],[80.34980308900003,9.467200195000032],[80.34983320400005,9.467069496000022],[80.34970432400007,9.467061963000049]]],[[[80.35710604700006,9.468907313000045],[80.35830042700007,9.46859827000003],[80.35784281000008,9.468065195000065],[80.35710604700006,9.468907313000045]]],[[[80.35841534100007,9.469735816000025],[80.35790304900007,9.469177467000065],[80.35778344100004,9.469436101000042],[80.35841534100007,9.469735816000025]]],[[[80.36493470200008,9.472386265000068],[80.36258049300005,9.47044500900006],[80.35925462600005,9.469867263000026],[80.36493470200008,9.472386265000068]]],[[[80.36642531700005,9.47329407500007],[80.36625798600005,9.473017182000035],[80.36617766400008,9.47304516500003],[80.36642531700005,9.47329407500007]]],[[[80.36595716800008,9.472963285000048],[80.36663515800007,9.47389535800005],[80.36707094300004,9.474073284000042],[80.36595716800008,9.472963285000048]]],[[[80.36742007700008,9.47434150500004],[80.36712430200004,9.47346581100004],[80.36706043700008,9.473416400000076],[80.36742007700008,9.47434150500004]]],[[[80.37129087400007,9.477022952000027],[80.37104450500004,9.476597006000077],[80.36815291500005,9.474454276000074],[80.37129087400007,9.477022952000027]]],[[[80.37435679000004,9.476743991000035],[80.37399905900008,9.47714024100003],[80.37469833600005,9.477448766000066],[80.37435679000004,9.476743991000035]]],[[[80.37510544100007,9.478902184000049],[80.37507425400008,9.478514201000053],[80.37448043000006,9.478183896000075],[80.37450627400005,9.477729217000046],[80.37384764900008,9.477782598000033],[80.37324477100003,9.476791882000043],[80.37351454900005,9.477591063000034],[80.37439428700003,9.478401504000033],[80.37510544100007,9.478902184000049]]],[[[80.37554423400007,9.478231034000032],[80.37461070700004,9.477635918000033],[80.37513714000005,9.478439726000033],[80.37554423400007,9.478231034000032]]],[[[80.37114608500008,9.48045621700004],[80.37138979800005,9.480284590000053],[80.37006569600004,9.476680958000031],[80.37114608500008,9.48045621700004]]],[[[80.37624608000004,9.480689365000046],[80.37578052000003,9.478401255000051],[80.37522778100004,9.478834197000026],[80.37624608000004,9.480689365000046]]],[[[80.37759286600004,9.480009262000067],[80.37755172600004,9.479095622000045],[80.37680810200004,9.479737838000062],[80.37759286600004,9.480009262000067]]],[[[80.37531886200009,9.48129769600007],[80.37443188500004,9.480635201000041],[80.37273362000008,9.478045732000055],[80.37369302100007,9.480378678000022],[80.37531886200009,9.48129769600007]]],[[[80.38067711600007,9.481901993000065],[80.38092118900005,9.480805100000055],[80.38037645900005,9.48113182800006],[80.38067711600007,9.481901993000065]]],[[[80.38189853300008,9.481912107000028],[80.38489917100003,9.481878295000058],[80.38309882900006,9.481315227000039],[80.38189853300008,9.481912107000028]]],[[[80.37649771300005,9.482459689000052],[80.37701685900004,9.48220802700007],[80.37584347500007,9.482622029000026],[80.37649771300005,9.482459689000052]]],[[[80.37916312200008,9.483798986000068],[80.38156510000005,9.48233764300005],[80.37913398400008,9.481453381000051],[80.37916312200008,9.483798986000068]]],[[[80.38467219700004,9.483316328000058],[80.38345483100005,9.482703259000061],[80.38121323300004,9.48296410100005],[80.38467219700004,9.483316328000058]]],[[[80.38604840300007,9.483455589000073],[80.38696185200007,9.48334937800007],[80.38525139100005,9.483356121000043],[80.38604840300007,9.483455589000073]]],[[[80.37784800200006,9.483674686000029],[80.37669927700006,9.483500763000052],[80.37610459200005,9.483094268000059],[80.37679658900004,9.483654939000076],[80.37784800200006,9.483674686000029]]],[[[80.35614738100008,9.54232819400005],[80.35777501600006,9.542686997000033],[80.35780956300005,9.542294470000058],[80.35614738100008,9.54232819400005]]],[[[80.34838116600008,9.549513517000037],[80.35645510200004,9.544786181000063],[80.35671809900003,9.544121928000038],[80.34838116600008,9.549513517000037]]]]}},{"type":"Feature","properties":{"district":"Kurunegala","centroid_lon":80.25679,"centroid_lat":7.609},"geometry":{"type":"MultiPolygon","coordinates":[[[[80.26255695400005,7.395845438000038],[80.23351461100003,7.385201994000056],[80.21106450400003,7.385677175000069],[80.20266865100007,7.377715751000039],[80.19571703800005,7.380598035000048],[80.19584591000006,7.373503086000028],[80.18313861700005,7.360618199000044],[80.18230192000004,7.353515652000056],[80.16866046500007,7.343865783000069],[80.16227564300004,7.321132224000053],[80.15329570200004,7.313278030000049],[80.15015861100005,7.31763075300006],[80.14406192300004,7.314103145000047],[80.12310750300009,7.329811465000034],[80.13283945200004,7.350944048000031],[80.12012771900004,7.367062770000075],[80.13429615200005,7.379914780000036],[80.13528968000008,7.386196846000075],[80.15516657600006,7.394046837000076],[80.15556042500003,7.411182423000071],[80.14722773600005,7.418857382000056],[80.14082591100004,7.416440869000041],[80.13995800100008,7.410734183000045],[80.13232811800003,7.410086223000064],[80.13432783200005,7.409368276000066],[80.13484881000005,7.405844538000053],[80.12436042200005,7.413666528000022],[80.10837203000006,7.403055792000032],[80.10651679800003,7.409044355000049],[80.09893537900007,7.411004874000071],[80.09689317500005,7.404360569000062],[80.08873020300007,7.404311544000052],[80.08377854200006,7.398409136000055],[80.08301333200006,7.40274714800006],[80.07114555700008,7.406630580000069],[80.06497523700006,7.429939624000042],[80.00784152400007,7.423217086000022],[79.99599626800006,7.427132973000028],[79.99499631200007,7.434995513000047],[79.98488868200008,7.44034840300003],[79.98875589100004,7.460055103000059],[79.98438279200008,7.46813187500004],[79.98464246300006,7.486846477000029],[79.99175844900003,7.487297725000076],[79.98775838100005,7.497758163000071],[79.99539419800004,7.508780284000068],[79.99255373100004,7.52068478800004],[79.98698953800005,7.525664311000071],[79.97405331300007,7.515261309000039],[79.97363828000005,7.529065870000068],[79.97829030400004,7.537010182000074],[79.97039609100005,7.540600237000035],[79.96080956900005,7.527431818000025],[79.94547266000006,7.524969909000049],[79.94566040000007,7.532058728000038],[79.93975241300006,7.532059688000061],[79.93684572600006,7.541810823000048],[79.91795361500004,7.542399723000074],[79.90857496000007,7.556731891000027],[79.89802181200008,7.556787800000052],[79.89866433400005,7.579053379000072],[79.90573309200005,7.593377537000038],[79.90439676600005,7.619843489000061],[79.91889022000004,7.633425827000053],[79.92165274700005,7.646237167000038],[79.93138875100004,7.649719394000044],[79.92106342300008,7.656200794000029],[79.92739279900007,7.662739358000067],[79.92575818800003,7.673569408000048],[79.93212687500005,7.680407719000073],[79.93935760700003,7.676366364000046],[79.94491696900008,7.682300695000038],[79.94664447500008,7.675760478000029],[79.95638077500007,7.673068803000035],[79.96445994300007,7.690361114000041],[79.96899488400004,7.684659115000045],[79.97708785200007,7.687902860000065],[79.98690966600003,7.698895295000057],[79.98676871200007,7.704837864000069],[79.99744538600004,7.697214720000034],[79.99964290700007,7.704873650000025],[80.01708585100005,7.707181786000035],[80.02684854500006,7.721291885000028],[80.05240349300004,7.725738769000031],[80.05889448100004,7.731073809000065],[80.05749256300004,7.738190046000057],[80.06954487200005,7.747201134000022],[80.06529143000006,7.754503207000027],[80.06607226100004,7.761861396000029],[80.07311584600006,7.765597786000058],[80.07153716500005,7.777390065000077],[80.08563430900006,7.777344911000057],[80.08984895600008,7.783740727000065],[80.07734243500005,7.806726195000067],[80.09013295400007,7.821338921000063],[80.09972411500007,7.819592202000024],[80.10477698900007,7.823952127000041],[80.11562698500006,7.812507630000027],[80.12290998500004,7.812800025000058],[80.12561336800007,7.805104421000067],[80.11869876200007,7.801751607000028],[80.12583165400008,7.796475033000036],[80.14164912800004,7.800427568000032],[80.14535739900003,7.796283822000021],[80.14472800400006,7.802959672000043],[80.15313828400008,7.806845903000067],[80.15950456100006,7.798702965000075],[80.17337714600006,7.805976343000054],[80.18075030800009,7.801513592000049],[80.17884638900006,7.796283407000033],[80.18038181600008,7.794401736000054],[80.19646035700003,7.805578460000049],[80.20082048200004,7.815356883000049],[80.19378672200008,7.83642681300006],[80.19909832200005,7.836600092000026],[80.20010690200007,7.842880454000067],[80.17855878500006,7.861773525000046],[80.16201398600003,7.901769662000049],[80.15780973000005,7.932324140000048],[80.16240769200004,7.931651866000038],[80.16754108700007,7.949078428000064],[80.18049665400008,7.951794723000035],[80.19093672400004,7.948481073000039],[80.21152572800008,7.956321699000057],[80.21887787100007,7.972373502000039],[80.24676869300004,7.979778405000047],[80.25954545000008,7.967790470000068],[80.25616651300004,7.946504790000063],[80.26738080800004,7.935154537000074],[80.27011420300005,7.91891982900006],[80.28170632100006,7.899211471000058],[80.30265969100003,7.892861696000068],[80.31033579900003,7.896693184000071],[80.31638733600005,7.891849258000036],[80.32845826000005,7.893698877000077],[80.33698046800004,7.884261477000052],[80.34664990400006,7.887387870000055],[80.35419749500005,7.880917217000047],[80.36952478000006,7.879230121000035],[80.37691121200004,7.88628963900004],[80.37766509900007,7.903025506000063],[80.37676321900005,7.910180149000041],[80.36629012900005,7.91114963800004],[80.37859276000006,7.931601484000055],[80.38306164900007,7.960386035000056],[80.38809248700005,7.966971891000071],[80.39916595300008,7.965214126000035],[80.40623704500007,7.952697425000053],[80.41630473300006,7.948476763000031],[80.43281472600006,7.945819820000054],[80.44653364400006,7.954410232000043],[80.45828907400005,7.945284824000055],[80.46251819400004,7.909215871000072],[80.47780997900009,7.880693145000066],[80.47294509100004,7.856621732000065],[80.46676072700006,7.84976683800005],[80.47654541400004,7.841853645000072],[80.48177785900003,7.823178212000073],[80.49924147800004,7.816645746000063],[80.49373342100006,7.809319879000043],[80.49585007000007,7.783068902000025],[80.50237171400005,7.774646051000047],[80.51747147900005,7.772357072000034],[80.52734134300005,7.744255037000073],[80.53506501000004,7.739160881000032],[80.53453357200004,7.708828954000069],[80.54741688700005,7.704616061000024],[80.54722703300007,7.678950481000072],[80.55177035500003,7.666091705000042],[80.54339620500008,7.659552064000025],[80.55455945400007,7.634142532000055],[80.54770517700007,7.630556007000052],[80.53678002100008,7.636337438000055],[80.52754280400006,7.632251409000048],[80.52255611200007,7.621884068000043],[80.50480579300006,7.622888285000045],[80.50079384500003,7.612585633000037],[80.50344185900008,7.599199917000021],[80.48382841300008,7.594281674000058],[80.48551445700008,7.589833769000052],[80.49757971600008,7.59031341900004],[80.49135379900008,7.579142468000043],[80.48954746200008,7.560971237000047],[80.48488843700005,7.558889742000076],[80.48690640500007,7.553282472000035],[80.47357616000005,7.532074230000035],[80.48144588200006,7.523162265000053],[80.46648590900008,7.518236276000039],[80.45065383000008,7.505670527000063],[80.43905224700006,7.507067163000045],[80.44477606100008,7.490549510000051],[80.43485356600007,7.480027287000041],[80.44614320000005,7.47034147100004],[80.45304487700008,7.471119745000067],[80.45472732800005,7.46205519800003],[80.46227499900004,7.457865578000053],[80.46314628700003,7.438811854000051],[80.47794000200008,7.425196821000043],[80.48323456200006,7.428019516000063],[80.49339532200008,7.421714743000052],[80.50002626500003,7.430215061000069],[80.51304740000006,7.419226671000047],[80.51762374500004,7.398782013000073],[80.51244458600007,7.393861961000027],[80.51714949600006,7.389001525000026],[80.50534959000004,7.385469661000059],[80.47845594300009,7.406712708000043],[80.47125592500004,7.406535979000068],[80.46791504600003,7.412969482000051],[80.45969154300008,7.410613005000073],[80.47014101300005,7.393011167000054],[80.44919975200008,7.361198850000051],[80.45792088300004,7.352629368000066],[80.45442364100006,7.349602460000028],[80.44376658300007,7.357117679000055],[80.43477658900008,7.35309118300006],[80.42613278300007,7.359725964000063],[80.41175027000008,7.356741061000037],[80.41410732500003,7.373988366000049],[80.40922215300003,7.383482941000068],[80.39009512700005,7.396292087000063],[80.34519536100004,7.386847986000021],[80.34317506100007,7.38148634700002],[80.35372062700003,7.35709048700005],[80.34044795200003,7.351072167000041],[80.34785387600004,7.338637024000036],[80.33635129700008,7.320879564000052],[80.31854179700008,7.328340217000061],[80.31485654100004,7.320934839000074],[80.28593282000008,7.314654597000072],[80.27634727700007,7.318525111000042],[80.27681924500007,7.34179824000006],[80.26152897100008,7.365235698000049],[80.27160346300008,7.368556817000069],[80.27468180000005,7.375073784000051],[80.26255695400005,7.395845438000038]]],[[[80.42382734300008,5.967223389000026],[80.42355439100004,5.967819572000053],[80.42407460300007,5.967630883000027],[80.42382734300008,5.967223389000026]]],[[[80.37956682500004,5.965368697000031],[80.38401462700006,5.972342142000059],[80.37946275100006,5.983408720000057],[80.38636866800005,6.001449893000029],[80.40435379100006,5.994852976000061],[80.40596888800007,5.990250368000034],[80.42135944600005,5.993145897000034],[80.43411407200006,5.985033519000069],[80.43331125700007,5.981241018000048],[80.45397895100007,5.974469304000024],[80.45009046100006,5.970439935000059],[80.45703864500007,5.970551382000053],[80.45944900100005,5.963065758000027],[80.47314443700003,5.969964327000071],[80.46742599500004,5.979624138000077],[80.49420159800007,5.974694147000037],[80.49566526700005,5.968478110000035],[80.50469354900008,5.963166424000065],[80.50055196000005,5.952615458000025],[80.50560767100006,5.943598975000043],[80.50351719300005,5.936835743000074],[80.49157296200008,5.939922070000023],[80.47219358300003,5.936909683000067],[80.45611479300004,5.944549399000039],[80.45169096900008,5.940842724000049],[80.44218696900003,5.946069335000061],[80.44990643400007,5.947616874000062],[80.45138851400003,5.963320666000072],[80.43584765000008,5.972283155000071],[80.42438852100008,5.970352397000056],[80.41651250700005,5.954407833000062],[80.37956682500004,5.965368697000031]]]]}},{"type":"Feature","properties":{"district":"Mannar","centroid_lon":80.03408,"centroid_lat":8.88985},"geometry":{"type":"MultiPolygon","coordinates":[[[[79.91363222700005,8.81040979100004],[79.91366668200004,8.812265487000047],[79.91386272800008,8.809886034000044],[79.91363222700005,8.81040979100004]]],[[[79.91197121600004,8.923469013000044],[79.91140428900007,8.923352072000057],[79.91139890800008,8.923646060000067],[79.91197121600004,8.923469013000044]]],[[[79.91173179700007,8.925848779000034],[79.91251016100006,8.92441586800004],[79.91209219600006,8.924917734000076],[79.91173179700007,8.925848779000034]]],[[[79.89008440700007,8.95159387700005],[79.90699123700006,8.934425101000045],[79.90896681300006,8.925776359000054],[79.91300816300003,8.921751879000055],[79.91380880800006,8.91854700700003],[79.91958909200008,8.911528992000058],[79.92342327600005,8.902066163000029],[79.88813263500003,8.953964409000037],[79.88760892800008,8.955234546000042],[79.88788358400006,8.957194839000067],[79.89008440700007,8.95159387700005]]],[[[79.90015649200006,8.94157096500004],[79.89990021200003,8.942453053000065],[79.90036315300006,8.941684104000046],[79.90015649200006,8.94157096500004]]],[[[79.91455792000005,8.948232069000028],[79.91430824400004,8.947310605000041],[79.91395459900008,8.948074219000034],[79.91455792000005,8.948232069000028]]],[[[79.89326780100004,8.960940962000052],[79.90573695100005,8.958090953000067],[79.89935483200009,8.946437477000075],[79.88951824300005,8.95511188200004],[79.89326780100004,8.960940962000052]]],[[[79.88870116000004,8.957689446000074],[79.88960960600008,8.957332360000066],[79.89009992600006,8.957311485000048],[79.88911578900007,8.956397871000036],[79.88875201000008,8.956696606000037],[79.88870116000004,8.957689446000074]]],[[[79.91437906900006,8.95797636900005],[79.91430962800007,8.958235079000076],[79.91444121400008,8.957997951000038],[79.91437906900006,8.95797636900005]]],[[[79.91439906800008,8.971661702000063],[79.91325183500004,8.971996967000052],[79.91357832700004,8.974085633000072],[79.91439906800008,8.971661702000063]]],[[[79.72870552700005,9.10733903800002],[79.78713806200005,9.098667878000072],[79.85930674700006,9.072859822000055],[79.88914674500006,9.048026862000029],[79.88058531800004,9.053644358000042],[79.90780839300004,9.022588907000056],[79.92454114900005,9.011144780000052],[79.91607484000008,9.010266949000027],[79.90251787900007,9.022078587000067],[79.87168015200007,9.035152519000064],[79.86905493000006,9.031439587000023],[79.88335087000007,9.009781899000075],[79.92373879100006,8.982864015000075],[79.92444471400006,8.975494603000072],[79.91057340800006,8.975361526000029],[79.89384981000006,8.967133233000027],[79.90008909200003,8.966057904000024],[79.89277507600008,8.961631514000032],[79.88115807100007,8.970771330000048],[79.88675313300007,8.960332],[79.85005926300005,9.003315784000051],[79.79508200100008,9.044331817000057],[79.72730666100006,9.073630807000029],[79.68298160800003,9.076390485000047],[79.69956500700005,9.07967738700006],[79.69447123500004,9.092700463000028],[79.68834161100006,9.089119107000045],[79.69519102100008,9.093849741000042],[79.69488057400008,9.09166109000006],[79.69654661500005,9.092047268000044],[79.69621911400003,9.092616022000072],[79.69696478600008,9.093634311000073],[79.69718044500007,9.094429606000062],[79.69693424900004,9.09499966800007],[79.69725410600006,9.095401927000069],[79.69523549600007,9.095554504000063],[79.69687751100008,9.097072140000023],[79.69717472800005,9.09894338600003],[79.69389336400008,9.098557326000048],[79.72870552700005,9.10733903800002]]],[[[79.69287294900005,9.079231492000076],[79.69301223000008,9.079818658000022],[79.69318139500007,9.079556552000042],[79.69287294900005,9.079231492000076]]],[[[79.69353408200004,9.086690675000057],[79.69394982700004,9.086058920000028],[79.69388498800004,9.085978380000029],[79.69369239600007,9.086042374000044],[79.69353801600005,9.086251351000044],[79.69353408200004,9.086690675000057]]],[[[79.69303100800005,9.08787454000003],[79.69330999800007,9.087350318000063],[79.69307949800003,9.087578608000058],[79.69303100800005,9.08787454000003]]],[[[79.69379331200008,9.08836610000003],[79.69322972700007,9.089186679000022],[79.69345159300008,9.089530596000031],[79.69379331200008,9.08836610000003]]],[[[79.69385020300007,9.090203435000035],[79.69495458000006,9.09000384500007],[79.69459712500003,9.089278364000052],[79.69385020300007,9.090203435000035]]],[[[79.69581125000008,9.093948738000051],[79.69594527000004,9.092656543000032],[79.69550466300007,9.092512842000076],[79.69581125000008,9.093948738000051]]],[[[79.69534310400007,9.093914700000028],[79.69548227300004,9.09404203300005],[79.69542386400008,9.093858294000029],[79.69534310400007,9.093914700000028]]],[[[79.69597047500008,9.094433868000067],[79.69547920400004,9.094755691000046],[79.69603064000006,9.094760871000062],[79.69597047500008,9.094433868000067]]],[[[79.69554619500008,9.09754142600002],[79.69425075800007,9.09546535000004],[79.69416525300005,9.094677681000064],[79.69405462300006,9.095294785000021],[79.69497434400006,9.096771318000037],[79.69494634200004,9.097730345000059],[79.69554619500008,9.09754142600002]]],[[[79.69558653100006,9.097870749000037],[79.69589216000008,9.098035606000053],[79.69574395000006,9.09783727200005],[79.69558653100006,9.097870749000037]]],[[[79.69666019600004,9.097983244000034],[79.69655777200006,9.098640987000067],[79.69699943900008,9.098849779000034],[79.69666019600004,9.097983244000034]]],[[[79.91551351900006,8.807497701000045],[79.91449135200008,8.808664192000037],[79.91487196000008,8.808453820000068],[79.91551351900006,8.807497701000045]]],[[[79.91743578100005,8.809920009000052],[79.91818410400003,8.809710026000062],[79.91793366200005,8.809125750000021],[79.91743578100005,8.809920009000052]]],[[[79.91649443100005,8.809752120000041],[79.91649675400004,8.80923172200005],[79.91593462700007,8.809986282000068],[79.91649443100005,8.809752120000041]]],[[[79.91408208900003,8.812337098000057],[79.91559403500008,8.811326872000052],[79.91560021700008,8.810958884000058],[79.91408208900003,8.812337098000057]]],[[[79.91782157700004,8.818033225000022],[79.91554400300004,8.819623956000044],[79.91572279000007,8.819838396000023],[79.91782157700004,8.818033225000022]]],[[[79.91368075100007,8.818227888000024],[79.91493860200006,8.820275769000034],[79.91583266400005,8.818116751000048],[79.91368075100007,8.818227888000024]]],[[[79.91683277900006,8.820020218000025],[79.91685768700006,8.820984387000067],[79.91824640200008,8.820039988000076],[79.91683277900006,8.820020218000025]]],[[[79.91580235500004,8.820631417000072],[79.91527255100004,8.822743045000038],[79.91563848300007,8.823057663000043],[79.91580235500004,8.820631417000072]]],[[[79.91592562300008,8.821805738000023],[79.91594207600008,8.822903222000036],[79.91654971200006,8.823162113000024],[79.91592562300008,8.821805738000023]]],[[[79.91539718100006,8.823688761000028],[79.91417908600005,8.822359366000057],[79.91520827100004,8.82388578900003],[79.91539718100006,8.823688761000028]]],[[[79.91531645800006,8.825662056000056],[79.91494380500006,8.827759375000028],[79.91522159500005,8.828077275000055],[79.91531645800006,8.825662056000056]]],[[[79.91666784300008,8.82648544500006],[79.91668474600004,8.828150686000072],[79.91735648600007,8.827297312000042],[79.91666784300008,8.82648544500006]]],[[[79.91599115200006,8.828169459000037],[79.91636264800007,8.82819450200003],[79.91636316700004,8.828106877000039],[79.91599115200006,8.828169459000037]]],[[[79.91740258700008,8.832824052000035],[79.91744281200005,8.83017084000005],[79.91669012000006,8.829819662000034],[79.91740258700008,8.832824052000035]]],[[[79.91653229000008,8.832999437000069],[79.91692712400004,8.83232351600003],[79.91682549700005,8.83201808900003],[79.91653229000008,8.832999437000069]]],[[[79.91531778900008,8.94738129700005],[79.91525864000005,8.947727666000048],[79.91538743100006,8.94758319300007],[79.91531778900008,8.94738129700005]]],[[[79.91744901600003,8.950540465000074],[79.91686490100005,8.950524930000029],[79.91695795300006,8.950930233000065],[79.91744901600003,8.950540465000074]]],[[[79.91824809300005,8.953265045000023],[79.91743587100007,8.95306372500005],[79.91744516800003,8.95427019500005],[79.91824809300005,8.953265045000023]]],[[[79.91783928000007,8.958753282000032],[79.91823908600009,8.953500875000032],[79.91489802500007,8.958077593000041],[79.91624270000005,8.958030286000053],[79.91783928000007,8.958753282000032]]],[[[79.91558170700006,8.956433840000045],[79.91360741900007,8.957829376000063],[79.91390905300005,8.958273293000047],[79.91558170700006,8.956433840000045]]],[[[79.91528400300007,8.958307699000045],[79.91457014200006,8.957898065000052],[79.91441663000006,8.958235634000062],[79.91400130500006,8.958409452000069],[79.91528400300007,8.958307699000045]]],[[[79.91514412300006,8.961072671000068],[79.91788137900005,8.95899449600006],[79.91398539500005,8.95847703100003],[79.91514412300006,8.961072671000068]]],[[[80.07986783300004,8.782462343000077],[80.08167525800008,8.765677976000063],[80.09119553700003,8.76777155800005],[80.09248411300007,8.74959552200005],[80.13892373100003,8.737636154000029],[80.14331631100004,8.657186011000022],[80.11282731400007,8.649372495000023],[80.08346304400004,8.657046628000046],[80.07735012600006,8.654219158000046],[80.04192437900008,8.674416220000069],[80.05385658600005,8.639157940000075],[80.05056766100006,8.525032701000043],[80.03796003300005,8.524392162000026],[80.01099854500006,8.533145309000076],[79.99982833300004,8.544600396000021],[79.98703843200008,8.543203985000048],[79.97516727700008,8.552664492000076],[79.95344511900004,8.551962604000039],[79.94512448600005,8.56033689800006],[79.93458736700006,8.555903791000048],[79.91840065800005,8.56673068200007],[79.91628860900005,8.589005474000032],[79.93147265500005,8.612435145000063],[79.93894854200005,8.616619467000021],[79.94426042500004,8.629681447000053],[79.94057331500005,8.652688080000075],[79.95006944900007,8.680114080000067],[79.94729913200007,8.70861758500007],[79.95747568400003,8.725603939000052],[79.93161851400004,8.781922611000027],[79.91561080900004,8.803884319000076],[79.91409025300004,8.808614705000025],[79.91548125400004,8.805902713000023],[79.91919494800004,8.806826945000068],[79.91973674700006,8.81139891500004],[79.91894037100008,8.811899954000069],[79.91677155600007,8.812660725000057],[79.91427730300006,8.812952138000071],[79.91102733400004,8.820199312000057],[79.91477864400008,8.814330640000037],[79.91816765100003,8.817821885000058],[79.91864132800004,8.81998896600004],[79.91717571900006,8.820978646000071],[79.91588153300006,8.821489222000025],[79.91756513000007,8.823785383000029],[79.91865967600006,8.835412519000045],[79.92051559700008,8.831940780000025],[79.92088036000007,8.83245351200003],[79.91825074000008,8.839084124000067],[79.91501543100003,8.82924202700002],[79.92741939800004,8.873496499000055],[79.92383663700008,8.902095145000033],[79.92636171000004,8.896912058000055],[79.93102127800006,8.898138930000073],[79.92486105200004,8.900704630000064],[79.93019767700008,8.901746997000032],[79.92797788700005,8.911619922000057],[79.91973200100006,8.917414348000023],[79.91665158200004,8.934424084000057],[79.90927512900004,8.938166871000021],[79.91120580100005,8.936318862000064],[79.90945479700008,8.927584056000057],[79.91043875000008,8.926732960000038],[79.91088195800006,8.924727011000073],[79.91460676600008,8.922818171000074],[79.91373008700003,8.921697078000022],[79.91344227600007,8.923220724000032],[79.91069948700004,8.924460529000044],[79.90915309900004,8.927469055000074],[79.90830174000007,8.931904650000035],[79.90886511900004,8.938985079000076],[79.91192389200006,8.941095304000044],[79.90367434600006,8.938872203000074],[79.90245703700003,8.94792542600004],[79.90738568300003,8.94528649800003],[79.92306374700007,8.931996433000052],[79.92094259800007,8.947154362000049],[79.92913775400007,8.942187519000072],[79.93144334200008,8.944894369000053],[79.94315944300007,8.94616491100004],[79.94291606100006,8.944427423000036],[79.94916000700005,8.946003018000056],[79.95090145800003,8.942828392000024],[79.95204272900008,8.943148890000032],[79.95260417100008,8.957394529000055],[79.97036683800007,8.97223292700005],[79.98554010200007,8.97723709500002],[79.98879778000008,8.99524790700002],[80.00195084400008,9.000786936000054],[80.01276998200007,9.012148280000076],[80.03904418000008,9.015670885000077],[80.03623590300003,9.01927056300002],[80.06655534100008,9.065709232000074],[80.06922647700003,9.091477362000035],[80.07133530600004,9.092308099000036],[80.07101320400005,9.094802238000057],[80.07169027000003,9.097777544000053],[80.07218900600003,9.098510992000058],[80.07626264600003,9.097821894000049],[80.07215514600006,9.103500146000044],[80.07387226300006,9.126016606000064],[80.08341851100005,9.150653809000062],[80.09462581000008,9.153939670000057],[80.09887446700003,9.162066156000037],[80.10435523300004,9.182739206000065],[80.10274028400005,9.19185953300007],[80.10273254700007,9.193992755000068],[80.10328116300008,9.189949736000074],[80.10341877200005,9.19668914500005],[80.10537867200003,9.202003618000049],[80.10414789500004,9.197576269000024],[80.10501862000007,9.199051487000077],[80.10598034500003,9.199609449000036],[80.10551384100006,9.196800043000053],[80.10606524800005,9.19671265900007],[80.10724277800006,9.198505667000063],[80.10858240000005,9.197674869000025],[80.11663265100003,9.211552237000035],[80.14754634800005,9.211154789000034],[80.18966165000006,9.23705287000007],[80.19336796700009,9.175836511000057],[80.21499557500005,9.142962621000038],[80.22365946700006,9.112966537000034],[80.21399310400005,9.097061488000065],[80.21781006800006,9.055198045000054],[80.19278003800008,9.045653128000026],[80.17407189700003,8.99643129900005],[80.18796609600008,8.979210195000064],[80.17565405700003,8.972466354000062],[80.17210904000007,8.944656595000026],[80.16264401000007,8.946499662000065],[80.14074071400006,8.93776553300006],[80.13412348900005,8.90358399400003],[80.13935937000008,8.851991245000022],[80.08960275700008,8.848432853000077],[80.08214447500006,8.852905672000077],[80.07829081600005,8.848763397000027],[80.07916709600005,8.826350018000028],[80.08441513100007,8.824306281000077],[80.08016695300006,8.813256663000061],[80.08813481100003,8.815177492000032],[80.09950450000008,8.805859846000033],[80.09167161500005,8.78938194500006],[80.07986783300004,8.782462343000077]]],[[[79.91816978700007,8.811366074000034],[79.91884834300004,8.811838043000023],[79.91954412700005,8.811413036000033],[79.91816978700007,8.811366074000034]]],[[[79.92597891300005,8.899984652000057],[79.92610570100004,8.900080830000036],[79.92607279400005,8.899862726000038],[79.92597891300005,8.899984652000057]]],[[[79.92361314300007,8.903361580000023],[79.92381975200004,8.903697753000074],[79.92374572700004,8.903274708000026],[79.92361314300007,8.903361580000023]]],[[[79.92706450900005,8.90752290000006],[79.92605854000004,8.908821992000071],[79.92648779600006,8.909016248000057],[79.92706450900005,8.90752290000006]]],[[[79.91440869400003,8.921083402000022],[79.92368770700006,8.911255191000066],[79.92019464500004,8.912772158000053],[79.92277937600005,8.906967257000076],[79.91440869400003,8.921083402000022]]],[[[79.94397411900007,8.946002583000052],[79.94369699600009,8.94601044500007],[79.94374749600007,8.946094748000064],[79.94397411900007,8.946002583000052]]],[[[79.94536305700007,8.946908345000054],[79.94505969400007,8.946732472000065],[79.94427934800007,8.946475238000062],[79.94536305700007,8.946908345000054]]],[[[79.94691817900008,8.948500565000074],[79.94682222200004,8.94675434000004],[79.94570270500003,8.946951674000047],[79.94691817900008,8.948500565000074]]],[[[79.91900012600007,8.947767726000052],[79.91909383400008,8.948411042000032],[79.91910905900005,8.947687458000075],[79.91900012600007,8.947767726000052]]],[[[79.91934579600007,8.948117116000049],[79.91947391400004,8.94805013000007],[79.91937606700003,8.947985662000065],[79.91934579600007,8.948117116000049]]],[[[79.91995252000004,8.947997404000034],[79.91968700500007,8.948238041000025],[79.91982508100006,8.948311915000033],[79.91995252000004,8.947997404000034]]],[[[79.91963295600004,8.948775136000052],[79.91968558500008,8.949106292000067],[79.91977090100005,8.948795698000026],[79.91963295600004,8.948775136000052]]],[[[79.94876877100006,8.949430963000054],[79.94923504000008,8.949768028000051],[79.94883162700006,8.948015792000035],[79.94876877100006,8.949430963000054]]],[[[79.95049053300005,8.950085133000073],[79.95038229300008,8.94968999100007],[79.95018130600005,8.950053740000044],[79.95049053300005,8.950085133000073]]],[[[79.92108458000007,8.952916233000053],[79.92049677800003,8.952266665000025],[79.92043115400008,8.952775232000022],[79.92108458000007,8.952916233000053]]],[[[79.95205938200007,8.952968952000049],[79.95157693300007,8.951730827000063],[79.95180339400008,8.954213066000023],[79.95205938200007,8.952968952000049]]],[[[80.10582396200004,9.196851650000042],[80.10581412500005,9.197635500000047],[80.10623759200007,9.198262997000029],[80.10582396200004,9.196851650000042]]]]}},{"type":"Feature","properties":{"district":"Matale","centroid_lon":80.65984,"centroid_lat":7.58528},"geometry":{"type":"Polygon","coordinates":[[[80.65453064500008,7.384045456000024],[80.65968210800008,7.370977240000059],[80.62962490600006,7.374217394000027],[80.63398093600006,7.368434553000043],[80.61511401900003,7.358769821000067],[80.61292958600006,7.347360240000057],[80.60912147100004,7.351253374000066],[80.59625960200003,7.349369008000053],[80.58415870500005,7.359999670000036],[80.58189692800005,7.368093671000054],[80.57242925800006,7.366615447000072],[80.55909699900008,7.376419063000071],[80.53794096700005,7.371220332000064],[80.53025397400006,7.386964636000073],[80.51244458600007,7.393861961000027],[80.51762374500004,7.398782013000073],[80.51051548400005,7.421954018000065],[80.50002626500003,7.430215061000069],[80.49339532200008,7.421714743000052],[80.48323456200006,7.428019516000063],[80.47794000200008,7.425196821000043],[80.46314628700003,7.438811854000051],[80.46227499900004,7.457865578000053],[80.45472732800005,7.46205519800003],[80.45304487700008,7.471119745000067],[80.44614320000005,7.47034147100004],[80.43485356600007,7.480027287000041],[80.44477606100008,7.490549510000051],[80.43905224700006,7.507067163000045],[80.45065383000008,7.505670527000063],[80.46648590900008,7.518236276000039],[80.48144588200006,7.523162265000053],[80.47357616000005,7.532074230000035],[80.48690640500007,7.553282472000035],[80.48488843700005,7.558889742000076],[80.48954746200008,7.560971237000047],[80.49135379900008,7.579142468000043],[80.49757971600008,7.59031341900004],[80.48551445700008,7.589833769000052],[80.48382841300008,7.594281674000058],[80.50344185900008,7.599199917000021],[80.50079384500003,7.612585633000037],[80.50480579300006,7.622888285000045],[80.52255611200007,7.621884068000043],[80.52754280400006,7.632251409000048],[80.53678002100008,7.636337438000055],[80.54770517700007,7.630556007000052],[80.55413683600005,7.632809988000076],[80.54339620500008,7.659552064000025],[80.55177035500003,7.666091705000042],[80.54722703300007,7.678950481000072],[80.54741688700005,7.704616061000024],[80.53453357200004,7.708828954000069],[80.53506501000004,7.739160881000032],[80.52734134300005,7.744255037000073],[80.51747147900005,7.772357072000034],[80.50237171400005,7.774646051000047],[80.49585007000007,7.783068902000025],[80.49373342100006,7.809319879000043],[80.50028174400006,7.818016327000066],[80.50009719600007,7.82680457500004],[80.52402090300006,7.826807506000023],[80.56171381100006,7.848428553000076],[80.57231589300005,7.868826840000054],[80.58873610200004,7.867114209000022],[80.59239699300008,7.857273380000038],[80.59834849900005,7.855220748000022],[80.61960120600008,7.867651476000049],[80.61899484200006,7.848304865000046],[80.62782493800006,7.848369193000053],[80.63700817700004,7.839908449000063],[80.63811571400004,7.827912197000046],[80.62924482200003,7.816585557000053],[80.62183226000008,7.814865694000048],[80.62104644100003,7.805307129000028],[80.61063627300007,7.802094503000035],[80.61599004100003,7.781509345000075],[80.60499447400008,7.775424466000061],[80.60589217500006,7.756276572000047],[80.61050269900005,7.75170881400004],[80.61704933400006,7.751698379000061],[80.62238794700005,7.768592670000032],[80.62752981000006,7.762548353000057],[80.63444538500005,7.763299635000067],[80.64223809500004,7.746423738000033],[80.66452273300007,7.740944894000052],[80.67137341800003,7.755525189000025],[80.67844167700008,7.740774463000037],[80.68679803000003,7.737152876000039],[80.69534688100003,7.741057359000024],[80.70783229000006,7.773226802000067],[80.72011515800006,7.787232410000058],[80.76787698000004,7.807270992000042],[80.75943812100007,7.791685362000067],[80.76372100100008,7.78528486600004],[80.76141894600005,7.734199602000047],[80.77193667300008,7.705943430000048],[80.76829247100005,7.69130592700003],[80.77746073500003,7.678753045000065],[80.80237089700006,7.678818389000071],[80.80689865100004,7.67103067000005],[80.81856880400005,7.678794058000051],[80.83557079400003,7.680307802000073],[80.83971958300003,7.692033601000048],[80.85056939600008,7.701507055000036],[80.85147878300006,7.688569244000064],[80.86457021300004,7.690169298000058],[80.87480053500008,7.682590376000064],[80.87348002700008,7.611698435000051],[80.86816222100003,7.589319191000072],[80.87295235000005,7.588588625000057],[80.87991928300005,7.514581494000026],[80.89286906300003,7.473362788000031],[80.88346098300008,7.472278195000058],[80.87818745300007,7.464099188000034],[80.86053057300006,7.474698325000077],[80.83065612400003,7.459370595000053],[80.81906369700005,7.461041941000076],[80.80585264500007,7.447811032000061],[80.80741033000004,7.440130107000073],[80.78754694700007,7.426472080000053],[80.77630649900004,7.429399146000037],[80.75502537700004,7.449401787000056],[80.75014312600007,7.448478818000069],[80.73752209100007,7.463735193000048],[80.73052503600007,7.464285019000044],[80.72699605100007,7.474645336000037],[80.70005638100008,7.457176664000031],[80.71233785600003,7.425579613000025],[80.70730458600008,7.423601924000025],[80.70397207300005,7.393967403000033],[80.69705917800007,7.386513379000064],[80.65453064500008,7.384045456000024]]]}},{"type":"Feature","properties":{"district":"Matara","centroid_lon":80.63742,"centroid_lat":6.12365},"geometry":{"type":"MultiPolygon","coordinates":[[[[80.61009629900008,5.928037429000028],[80.60957179300004,5.926972333000037],[80.60894702000007,5.927457276000041],[80.61009629900008,5.928037429000028]]],[[[80.58035088300005,5.930763155000022],[80.56949773700006,5.937850483000034],[80.54534539700006,5.942711532000033],[80.52424037200007,5.935514824000052],[80.50351719300005,5.936835743000074],[80.50536430300008,5.945702013000073],[80.50055878800003,5.95643920200007],[80.50469354900008,5.963166424000065],[80.49566526700005,5.968478110000035],[80.49420159800007,5.974694147000037],[80.48423687000007,5.977340831000049],[80.48637936000006,5.989845284000069],[80.47571829900005,5.994091663000063],[80.47326719600005,6.000393767000048],[80.47839021400006,6.001919329000032],[80.46983620300006,6.009561303000055],[80.48807225100006,6.016351739000072],[80.48773070200008,6.020149523000043],[80.48156045700006,6.018976350000059],[80.48132794700007,6.023948178000069],[80.47428244900004,6.026821654000059],[80.47685728600004,6.030813230000035],[80.47083805000005,6.027417688000071],[80.46777789600003,6.030232494000074],[80.46632065500006,6.047276366000062],[80.44101490900005,6.042781051000077],[80.43266799400004,6.051091477000057],[80.43218701600006,6.059595836000028],[80.41144709700006,6.068644624000058],[80.41090439200008,6.07278108600002],[80.43555096200004,6.092872938000028],[80.41972950500008,6.104037705000053],[80.41942422800008,6.109380921000025],[80.40396736200006,6.112628046000054],[80.39944100600007,6.126373604000037],[80.38270896800003,6.138015114000041],[80.38127945700006,6.164287637000029],[80.39372007400004,6.17070934000003],[80.38508343300003,6.185849619000066],[80.40067474300008,6.191600091000055],[80.38410045600006,6.219496520000064],[80.42285760800007,6.213182206000056],[80.43785267600003,6.226609656000051],[80.44969305600006,6.21564406300007],[80.45041949300008,6.177149479000036],[80.46902920100007,6.18268428500005],[80.48230016800005,6.158798546000071],[80.49335286200005,6.162144785000066],[80.49552864600008,6.175719806000075],[80.51023081600005,6.174580543000047],[80.52456242100004,6.16638325200006],[80.52876340900008,6.17795564000005],[80.53388365900008,6.177532841000072],[80.53325597800006,6.186012305000077],[80.54362075500006,6.190900714000065],[80.54939179000007,6.199890286000027],[80.54646775000003,6.209360222000043],[80.55129037400008,6.212632818000031],[80.55049869100003,6.220835056000055],[80.54043763300007,6.23075887400006],[80.54938540200004,6.244439234000026],[80.56311819600006,6.247209129000055],[80.57594497300005,6.26269499700004],[80.57334171000008,6.279690302000063],[80.57727949500008,6.282565929000043],[80.57210772200006,6.284747515000049],[80.57103064500006,6.298357599000042],[80.56105413500006,6.314763965000054],[80.55240270000007,6.319881013000042],[80.55648674600008,6.329154017000064],[80.57922996500008,6.328282926000043],[80.58668841300005,6.338017059000038],[80.61404866000004,6.347438875000023],[80.66032601300003,6.353917287000058],[80.66321163100008,6.338903676000029],[80.65617056700006,6.336718050000059],[80.67343472000005,6.322157778000076],[80.66813501400003,6.31741233200006],[80.66868665900006,6.305167667000035],[80.70135686600008,6.306434067000055],[80.70913735900007,6.299537584000063],[80.73130516600008,6.295669761000056],[80.79201459000006,6.266317958000059],[80.80367651500006,6.267712318000065],[80.80431610300008,6.255734202000042],[80.79714265000007,6.24696833400003],[80.79350679800007,6.229620075000071],[80.80025563900006,6.230712046000065],[80.80927056900003,6.223005728000032],[80.80577593100008,6.217410534000066],[80.82999212400006,6.216957833000038],[80.84071886200007,6.205967927000074],[80.84096653100005,6.196501227000056],[80.83456447800006,6.190616626000065],[80.82601689200004,6.191234757000075],[80.81883612000007,6.182277287000034],[80.81129180400006,6.186870911000028],[80.80138078200008,6.17411013800006],[80.79733727900003,6.181144174000053],[80.79013098100006,6.180431115000033],[80.78510925900008,6.190476127000068],[80.77690869400004,6.182111031000034],[80.78259770600005,6.145086590000062],[80.78870474100006,6.144711916000063],[80.78203763000005,6.135604968000052],[80.78360764900003,6.131183006000072],[80.79119263600006,6.124199568000051],[80.82093883200008,6.119833687000039],[80.82772893600009,6.126111033000029],[80.86837978800008,6.12790196900005],[80.86815310100008,6.136689269000044],[80.88237480100008,6.134075864000067],[80.89130271600004,6.137787701000036],[80.89010714600005,6.121201371000041],[80.89666825900008,6.100053228000036],[80.92353235800005,6.084618810000052],[80.93058179700006,6.075233378000064],[80.90072165800007,6.063073614000075],[80.87003214200007,6.05826761000003],[80.85889205500007,6.041928327000051],[80.84498604800007,6.045029228000033],[80.80280248300005,6.035975304000033],[80.79634353100005,6.028175584000053],[80.79779401900004,6.020076647000053],[80.78794923100008,6.018013534000033],[80.77927930900006,6.006037207000077],[80.74671270300007,5.998362883000027],[80.74301029900005,5.990254962000051],[80.74823320000007,5.98878301600007],[80.73658028000006,5.985460415000034],[80.73537842400003,5.971476382000048],[80.72760392200007,5.979376448000039],[80.72102308600006,5.977894100000071],[80.71541378600006,5.963981501000035],[80.71996947500008,5.959577028000069],[80.70604389400006,5.962349997000047],[80.69779011700007,5.95894168600006],[80.69447516500009,5.963187923000021],[80.68416723600006,5.957824014000039],[80.64736457600003,5.954682992000073],[80.63729703600006,5.943438700000058],[80.63422098600006,5.947661136000022],[80.62118015100003,5.945362254000031],[80.61519475400007,5.936834274000034],[80.61802323700005,5.932185046000029],[80.59297134900004,5.925831110000047],[80.58917511500005,5.91829705400005],[80.58184666400007,5.919394898000064],[80.58035088300005,5.930763155000022]]]]}},{"type":"Feature","properties":{"district":"Monaragala","centroid_lon":81.41081,"centroid_lat":6.73447},"geometry":{"type":"Polygon","coordinates":[[[81.60660053400005,6.579523317000053],[81.59811926000003,6.560213125000075],[81.58768734300008,6.560201747000065],[81.58001498500005,6.550422651000076],[81.56390504600006,6.55396365200005],[81.54533838200007,6.536303517000022],[81.53154046100008,6.535958502000028],[81.52219090200003,6.519424272000037],[81.48881930200008,6.504097842000022],[81.47921378200004,6.495114037000064],[81.47755455400005,6.471811427000034],[81.48473403200006,6.462925909000035],[81.47419557200004,6.448976969000057],[81.47855112000008,6.41871022600003],[81.47352438100006,6.40819525400002],[81.46543730800005,6.407141743000068],[81.46052810600008,6.413261749000071],[81.44714531000005,6.413616926000032],[81.44350034300004,6.419443216000047],[81.43600201800007,6.419998537000026],[81.43321197700004,6.415580381000041],[81.42547953400003,6.418224701000042],[81.41803975700003,6.408313849000024],[81.40024827500008,6.406548567000073],[81.39919769500005,6.414754581000068],[81.39247028700004,6.416642832000036],[81.37996548400008,6.396734962000039],[81.37143703200007,6.397594168000069],[81.36521707800006,6.390551788000039],[81.34951108400008,6.389992730000074],[81.33029974300007,6.379632926000056],[81.31043597200005,6.380511918000025],[81.27270013300006,6.362503135000054],[81.27329228300005,6.374025223000046],[81.26820279800006,6.383172811000065],[81.24808779900007,6.382944534000046],[81.22240066500007,6.484471015000054],[81.19474648700003,6.461409307000054],[81.17668394700007,6.460699251000051],[81.16009226600005,6.446955272000025],[81.15125074200006,6.453591279000022],[81.14014956200003,6.453063032000045],[81.13415479800005,6.446468194000033],[81.13536779500004,6.451999766000029],[81.12863416500005,6.461102768000046],[81.11772826400005,6.462436767000042],[81.10605679600008,6.455722975000072],[81.08504722000004,6.469633506000037],[81.06271806800004,6.459996043000046],[81.05253344000005,6.460469587000034],[81.04962232700007,6.472325660000024],[81.01717706100004,6.487480387000062],[81.03283323200003,6.506260470000029],[81.03136006200003,6.524790664000022],[81.02146979600008,6.542196717000024],[81.02525605800008,6.573248118000038],[81.04034713200008,6.588536199000032],[81.06069784500005,6.576096417000031],[81.05745006600006,6.593808052000043],[81.06357211000005,6.603693121000049],[81.07492829400007,6.611808796000048],[81.08480816100007,6.607027102000075],[81.08241906500007,6.615878629000065],[81.06538775500007,6.631419540000024],[81.05944265300008,6.646371520000059],[81.06201965800005,6.683277434000047],[81.07759915700007,6.697087057000033],[81.07693850200008,6.71712597800007],[81.08301689000007,6.728096715000049],[81.06999730300004,6.737734050000029],[81.05554299500005,6.734599116000027],[81.05087534000006,6.738910198000042],[81.06363783600005,6.759183583000038],[81.05896221000006,6.780244940000046],[81.06385563000003,6.812607482000033],[81.07871527600008,6.813773825000055],[81.08751667200005,6.807489743000076],[81.09685251800005,6.811423182000055],[81.09489868400004,6.827775799000051],[81.11361094600005,6.82737220000007],[81.12968782700005,6.833197392000045],[81.13554638000005,6.840215336000028],[81.10914000100007,6.863557191000041],[81.11215767800007,6.872085310000045],[81.15504009200004,6.888653329000022],[81.16510518400008,6.900826701000028],[81.17520468200007,6.902231384000061],[81.17959957200003,6.927699178000069],[81.18511473200005,6.920481107000057],[81.20199957200003,6.920258797000031],[81.20558471600003,6.925256263000051],[81.19888309100008,6.930536494000023],[81.20524564900006,6.93877399400003],[81.22531951000008,6.94510811400005],[81.21722110100006,6.957018145000063],[81.22013832200008,6.964285827000026],[81.23174920700006,6.962236045000054],[81.22894639400005,6.989568704000021],[81.23489106800008,6.990998129000047],[81.24313808500006,7.022105562000036],[81.24120379700008,7.047004694000066],[81.22492755700006,7.089406684000039],[81.23436183700005,7.098242106000043],[81.23225159900005,7.109772128000031],[81.24747818800006,7.114362328000027],[81.24577471000003,7.128117536000047],[81.25168396900006,7.137594011000033],[81.25759333800005,7.128386573000057],[81.26842686900005,7.139515238000058],[81.33384817300004,7.155210444000033],[81.33490807800007,7.143245643000057],[81.34381270500006,7.137452333000056],[81.33840138000005,7.130557214000021],[81.34447273000006,7.105255140000054],[81.36362485500007,7.093790154000033],[81.37394647600007,7.096390794000058],[81.38197873700005,7.081291098000065],[81.36650909600007,7.076072975000045],[81.35664943200004,7.06511851700003],[81.35881629800008,7.051567583000065],[81.34318753400004,7.043509675000053],[81.32420597600003,7.01594003200006],[81.30939333700007,7.013497127000051],[81.31497756200008,6.986939666000069],[81.31363652400006,6.965783914000042],[81.32496472600008,6.942207285000052],[81.32424010600005,6.933388986000068],[81.33734405300004,6.923395],[81.34504985600006,6.924360422000063],[81.34347626600004,6.913674344000071],[81.33872050700006,6.91136718100006],[81.35074311900007,6.903118512000049],[81.36853825800006,6.90491522700006],[81.37024321300004,6.912633632000052],[81.38141137000008,6.911176739000041],[81.38353282200006,6.917934143000025],[81.40092378600008,6.921453327000052],[81.41565354500005,6.922002457000076],[81.43573182900008,6.913265287000058],[81.44158757500009,6.917870471000072],[81.44517593800003,6.91320124300006],[81.46649512900007,6.933619635000071],[81.47367938100007,6.92922571500003],[81.47784103300006,6.936592889000053],[81.48486942600005,6.934895562000065],[81.48706602300007,6.924784069000054],[81.48259732000008,6.921671469000046],[81.50928826600006,6.924698048000039],[81.50863137000005,6.917240733000028],[81.51396494400007,6.920813338000073],[81.52037415300003,6.912854777000064],[81.52714961300006,6.914770832000045],[81.52285580100005,6.920411642000033],[81.52554566200007,6.93346682300006],[81.51572004300004,6.933745501000033],[81.50939476800005,6.965869409000049],[81.49930488000007,6.982246351000072],[81.49802601700003,6.995270942000047],[81.49071056200006,6.999429726000074],[81.49069242300004,7.016277088000038],[81.47978850000004,7.022643741000024],[81.46846995000004,7.018257361000053],[81.45453715800005,7.022102418000031],[81.45221886000007,7.027218174000041],[81.43199424000005,7.034612785000036],[81.41894693200004,7.055047146000049],[81.42381624000006,7.064555799000061],[81.43495930700004,7.063864095000042],[81.45831403700004,7.045368344000053],[81.45445731900008,7.055781869000043],[81.46866356800007,7.069557511000028],[81.45569749900005,7.109061404000045],[81.45528425200007,7.126493301000039],[81.45962254200003,7.129387595000026],[81.45501259200006,7.13165573200007],[81.46323451100005,7.148880802000065],[81.47189129100008,7.140056103000063],[81.46889275800004,7.154388641000025],[81.47344704100004,7.153212291000045],[81.47380729900004,7.162147283000024],[81.47970996700008,7.159428969000032],[81.47983895700008,7.164046398000039],[81.49951990800008,7.156795849000048],[81.50026892100004,7.146323452000047],[81.51174201700007,7.136723189000065],[81.50978910500004,7.117285005000042],[81.51845621800004,7.098455413000067],[81.55868128200007,7.081572395000023],[81.58831317100004,7.075264465000032],[81.59190158000007,7.070291403000056],[81.61171888400008,7.067237780000028],[81.61706796900006,7.048835550000035],[81.60571159600005,7.028429505000076],[81.61260720000007,7.017361376000053],[81.61303741600005,7.002526894000027],[81.61998249200008,6.997859380000023],[81.61586797600006,6.980796806000058],[81.73109808300006,6.958470528000021],[81.76256781500007,6.893902855000022],[81.75851910300008,6.838226832000032],[81.76996350600007,6.833008992000032],[81.77717495500008,6.822466629000075],[81.81597082600007,6.815579509000031],[81.82302307100008,6.809489165000059],[81.81700021200004,6.786463480000066],[81.82473067100005,6.763727712000048],[81.80839515600007,6.746263313000043],[81.79912328400007,6.728655166000067],[81.79907845300005,6.708760009000059],[81.77085889100005,6.670357928000044],[81.76938544500007,6.659171950000029],[81.77588630000008,6.646380435000026],[81.76960556100005,6.625188832000049],[81.75830239500004,6.607665620000034],[81.76125693200004,6.595314037000037],[81.73840908300008,6.573832813000024],[81.72270466800006,6.535604604000071],[81.705131,6.510328428000037],[81.67263717700007,6.520596720000071],[81.66059385500006,6.540349929000058],[81.64889677000008,6.545036035000066],[81.63667670300003,6.541788947000043],[81.61902327500007,6.571236721000048],[81.60660053400005,6.579523317000053]]]}},{"type":"Feature","properties":{"district":"Mullaitivu","centroid_lon":80.66976,"centroid_lat":9.17388},"geometry":{"type":"Polygon","coordinates":[[[80.92189515500007,8.988191280000024],[80.88796965500006,8.975886080000066],[80.89567473100004,8.970533114000034],[80.89621231200005,8.962696037000057],[80.88788961100005,8.96107548200007],[80.88709724900008,8.95533262300006],[80.89443147500003,8.950096176000045],[80.88795397200005,8.948184970000057],[80.89054504200004,8.929114712000057],[80.89421769200004,8.928685933000054],[80.89363093100008,8.911687867000069],[80.90218324300008,8.906612102000054],[80.91233441100007,8.911996960000067],[80.90261914800004,8.904254512000023],[80.90910666300005,8.900495696000064],[80.91126081400006,8.883153509000067],[80.93178670800006,8.852982833000056],[80.91894925400004,8.848145071000033],[80.92002206700005,8.841294718000029],[80.91063708400003,8.832360747000052],[80.88298122400005,8.869263316000058],[80.82779140300005,8.899677746000066],[80.80934154700003,8.91641146400002],[80.78424384000004,8.921403423000072],[80.74303236000003,8.902962554000055],[80.73656345000006,8.929489907000061],[80.71018161600006,8.945823202000042],[80.70118769100003,8.984071550000067],[80.72896472200006,9.011425108000026],[80.72334831500007,9.023545890000037],[80.74135879700003,9.035593946000063],[80.71543719100003,9.050258369000062],[80.67616462600006,9.02955580500003],[80.67477139300007,9.041617770000073],[80.68546202100003,9.049843099000043],[80.69038300300008,9.07393210400005],[80.68069002000004,9.083623289000059],[80.66293918000008,9.073966174000077],[80.64959826600005,9.077691341000047],[80.64542100300008,9.115323493000062],[80.60342744200005,9.12614826400005],[80.57996362900008,9.12595129500005],[80.58324021900006,9.111923090000062],[80.55900714400008,9.107391730000074],[80.52881707100005,9.076501389000043],[80.51103291200008,9.075213690000055],[80.50837803700006,9.09371586900005],[80.49302481100005,9.113643181000043],[80.40219070700005,9.115139093000039],[80.39838956500006,9.173082454000053],[80.33367362200005,9.211306215000036],[80.34881340300007,9.232586086000026],[80.36535591300003,9.235718062000046],[80.38102169500007,9.245292327000072],[80.40336190200009,9.275979850000056],[80.40612403100005,9.339643253000077],[80.51366297700008,9.346037208000041],[80.52725754600004,9.379452482000033],[80.52997905700005,9.404964488000076],[80.55647847700004,9.376276243000063],[80.58331286600009,9.36250975300004],[80.58347858300004,9.408487857000068],[80.59244647400004,9.417434354000022],[80.59589477000003,9.414324073000046],[80.60309562300006,9.419970258000035],[80.62077444300007,9.45866025500004],[80.66952866700007,9.419156194000038],[80.74073513200005,9.348997347000022],[80.78962425300006,9.313654401000065],[80.81166999200008,9.287459310000031],[80.84182614600007,9.231166366000025],[80.85608612200008,9.180473122000024],[80.87570753200004,9.135600017000058],[80.96524766400006,8.986483082000063],[80.92189515500007,8.988191280000024]]]}},{"type":"Feature","properties":{"district":"Nuwara Eliya","centroid_lon":80.76209,"centroid_lat":6.88048},"geometry":{"type":"Polygon","coordinates":[[[80.92507520100008,6.68845918300002],[80.91034187000008,6.671750078000059],[80.90121624900007,6.64996480700006],[80.90115548100005,6.637230024000075],[80.89193597800005,6.633980446000066],[80.87978495200008,6.613422563000029],[80.87324395800005,6.610430467000072],[80.87671034500005,6.604665336000039],[80.87293337500006,6.601213212000062],[80.87431721600007,6.592763717000025],[80.86724580700007,6.592521049000027],[80.87038334300007,6.581891918000053],[80.86402714500008,6.579260977000047],[80.85830941400008,6.559822323000049],[80.86312959400004,6.551965671000062],[80.83296201700006,6.505709206000063],[80.82811201500004,6.520638614000063],[80.82985470100004,6.536334294000028],[80.81994117100004,6.540357950000043],[80.80558552100007,6.53713282800004],[80.80237404200005,6.541903869000066],[80.81134912000005,6.567265047000035],[80.80974132300008,6.590995736000025],[80.77054538300007,6.589863463000029],[80.74627651900005,6.582082323000066],[80.73017401500005,6.587585837000063],[80.71820182700003,6.604760938000027],[80.71494445200005,6.601454229000069],[80.69496693900004,6.602771176000033],[80.68452270200004,6.608137099000032],[80.67012909800007,6.603707362000023],[80.66796894900006,6.598074490000045],[80.64980882100008,6.604645723000033],[80.65526669400003,6.610391371000048],[80.65267748200006,6.619399943000076],[80.65991396900006,6.625449694000054],[80.65437455700004,6.631517124000027],[80.66123209800008,6.641534221000029],[80.59803454800004,6.66120064200004],[80.61142897200006,6.669973010000035],[80.61398797700008,6.681076878000056],[80.60381344400008,6.69084130300007],[80.60381352500008,6.712029119000022],[80.59062299300007,6.715407482000046],[80.59296830600005,6.721083927000052],[80.58440854200006,6.724146426000061],[80.58310411900004,6.734765586000037],[80.58767670700007,6.745877957000062],[80.61130192100006,6.75944916100002],[80.57102611800008,6.764141887000051],[80.54027345200006,6.776773720000051],[80.52481618700006,6.767931918000045],[80.49599264200003,6.780282299000021],[80.48350517200004,6.796285066000053],[80.49951416200008,6.808619215000022],[80.49731821400007,6.812744129000066],[80.49032784800005,6.811950956000032],[80.48797146800007,6.819156801000076],[80.49426567600005,6.833558932000074],[80.50909000900003,6.846405993000076],[80.49716969000008,6.857315172000028],[80.49234904000008,6.87129606700006],[80.49828459400004,6.884218043000033],[80.47813302800006,6.898474791000069],[80.45769684000004,6.898928038000065],[80.45200351300008,6.905581140000038],[80.42892167200006,6.912016162000043],[80.43000751400007,6.923639914000034],[80.43425158000008,6.922480044000054],[80.43515030000003,6.956233886000064],[80.44298255800004,6.964245044000052],[80.44144915000004,6.973847095000053],[80.42850368100005,6.987543967000022],[80.43465989700007,6.997653487000036],[80.44880967000006,7.000374399000066],[80.46466879100007,7.016868583000075],[80.45517341600004,7.032993886000042],[80.46411,7.061426452000035],[80.51224190200008,7.07184039200007],[80.53336747900005,7.092500199000028],[80.55512536600008,7.092649053000059],[80.55314289900008,7.081508446000043],[80.55961679000006,7.07708086100007],[80.56814966900004,7.083155111000053],[80.57668666400008,7.071957085000065],[80.60760741900003,7.081012801000043],[80.62537908300004,7.080820840000058],[80.62825278600008,7.087547068000049],[80.63427531200006,7.086839179000037],[80.63814821300008,7.101416278000045],[80.64790839000005,7.104670436000049],[80.66474175400003,7.102379079000059],[80.67583762400005,7.093037241000047],[80.68891639700007,7.093408177000072],[80.72619994000007,7.157680400000061],[80.73674032400004,7.162514639000051],[80.76923352800003,7.199574455000061],[80.76402090300007,7.215549774000067],[80.76675764700008,7.223188945000061],[80.76250103300004,7.226978755000061],[80.76530996800005,7.237352581000039],[80.75241711500007,7.250994396000067],[80.74979299700004,7.274349420000021],[80.79955664700003,7.22657360200003],[80.79955170400007,7.205430143000058],[80.80913966200006,7.198501891000035],[80.84949741200006,7.190508664000049],[80.88751246500004,7.19395105500007],[80.91407585300004,7.202249708000068],[80.94551795800004,7.20035092300003],[80.94107839500003,7.195423795000067],[80.96074759400005,7.158252530000027],[80.96065483500007,7.142169164000052],[80.95033751500006,7.145245635000038],[80.94895882500003,7.129379498000048],[80.96419016200008,7.121942729000068],[80.94948775700004,7.101137276000031],[80.95077424900006,7.089552482000045],[80.96285788100005,7.078741271000069],[80.95397909900004,7.071349124000051],[80.95581171200007,7.062419175000059],[80.96504684800004,7.060990939000021],[80.95903408600003,7.041523915000028],[80.95978643400008,7.021858599000041],[80.96638910700005,7.007188883000026],[80.97552491300007,7.007155244000046],[80.98424602200004,6.996028903000024],[80.98188233300004,6.980333090000045],[80.98667791900004,6.976966463000053],[80.97782185600005,6.975935203000063],[80.97415933200006,6.965525175000039],[80.96469528900008,6.963263893000033],[80.94824751700008,6.928155134000065],[80.95670821000004,6.923684112000046],[80.95241761700004,6.915407561000052],[80.95690166600008,6.91402871300005],[80.95742132400005,6.907643543000063],[80.94604666800006,6.839872128000025],[80.92084768300003,6.805746537000061],[80.91478377400006,6.805806834000066],[80.91085879600007,6.801200652000034],[80.91326115700008,6.79751449500003],[80.90030147100003,6.790128010000046],[80.90912004600006,6.786183021000056],[80.90786533600004,6.777242389000037],[80.91542775300007,6.772359521000055],[80.95116266500008,6.763063],[80.94462294600004,6.75299695800004],[80.95849608900005,6.754895973000032],[80.95830427800007,6.749184663000051],[80.96687738400004,6.749344062000034],[80.99297974200005,6.768605681000054],[81.01558849800006,6.770756177000067],[81.02746262300008,6.78952656000007],[81.04257824900003,6.790212616000076],[81.06395385400003,6.812766797000052],[81.05896221000006,6.780244940000046],[81.06363783600005,6.759183583000038],[81.05087534000006,6.738910198000042],[81.05554299500005,6.734599116000027],[81.06999730300004,6.737734050000029],[81.08301689000007,6.728096715000049],[81.07693850200008,6.71712597800007],[81.07759915700007,6.697087057000033],[81.06201965800005,6.683277434000047],[81.05944265300008,6.646371520000059],[81.06538775500007,6.631419540000024],[81.08241906500007,6.615878629000065],[81.08480816100007,6.607027102000075],[81.07492829400007,6.611808796000048],[81.06357211000005,6.603693121000049],[81.05745006600006,6.593808052000043],[81.06069784500005,6.576096417000031],[81.04051809800006,6.588515825000059],[81.03371143100009,6.583314201000064],[81.02373321000005,6.570272400000022],[81.02110022900007,6.542309399000032],[80.99350495100003,6.57665008500004],[80.99315786100004,6.603298614000039],[80.99741087700005,6.614056195000046],[80.98853367500004,6.620060215000024],[80.97604031200007,6.615958558000045],[80.97421605600005,6.642096996000021],[80.96579652800006,6.653093789000025],[80.95759680800006,6.651301191000073],[80.95146594900007,6.655370998000024],[80.94962314600008,6.671165576000021],[80.93865662900004,6.676800587000059],[80.93704363500007,6.692668004000041],[80.92507520100008,6.68845918300002]]]}},{"type":"Feature","properties":{"district":"Polonnaruwa","centroid_lon":80.99605,"centroid_lat":7.93464},"geometry":{"type":"MultiPolygon","coordinates":[[[[80.97747902900005,7.620640386000048],[80.97546591800005,7.586664515000052],[80.96945356200007,7.568833893000033],[80.97187332800007,7.488106072000051],[80.92935829200007,7.489268877000029],[80.92986951200004,7.480757007000022],[80.92084662000008,7.474691480000047],[80.91589754500006,7.46197552700005],[80.90741656900008,7.464526811000042],[80.90470052800003,7.457582602000059],[80.89713535600004,7.474226575000046],[80.89286906300003,7.473362788000031],[80.88750806100006,7.48271765100003],[80.87991928300005,7.514581494000026],[80.87295235000005,7.588588625000057],[80.86816222100003,7.589319191000072],[80.87348002700008,7.611698435000051],[80.87480053500008,7.682590376000064],[80.86457021300004,7.690169298000058],[80.85147878300006,7.688569244000064],[80.85056939600008,7.701507055000036],[80.83971958300003,7.692033601000048],[80.83557079400003,7.680307802000073],[80.81856880400005,7.678794058000051],[80.80689865100004,7.67103067000005],[80.80237089700006,7.678818389000071],[80.77746073500003,7.678753045000065],[80.76829247100005,7.69130592700003],[80.77193667300008,7.705943430000048],[80.76141894600005,7.734199602000047],[80.76372100100008,7.78528486600004],[80.75943812100007,7.791685362000067],[80.76787698000004,7.807270992000042],[80.72011515800006,7.787232410000058],[80.70783229000006,7.773226802000067],[80.69534688100003,7.741057359000024],[80.68678361400003,7.737147899000036],[80.67844167700008,7.740774463000037],[80.67137341800003,7.755525189000025],[80.66452273300007,7.740944894000052],[80.64223809500004,7.746423738000033],[80.63444538500005,7.763299635000067],[80.62752981000006,7.762548353000057],[80.62238794700005,7.768592670000032],[80.61681283100006,7.751476266000054],[80.60588460400004,7.756387068000038],[80.60531802400004,7.776293157000055],[80.61599004100003,7.781509345000075],[80.61063627300007,7.802094503000035],[80.62104644100003,7.805307129000028],[80.62183226000008,7.814865694000048],[80.62924482200003,7.816585557000053],[80.63811571400004,7.827912197000046],[80.63678348800005,7.840341179000063],[80.62782493800006,7.848369193000053],[80.61899484200006,7.848304865000046],[80.62037273700008,7.88218769100007],[80.63618801600006,7.888147037000067],[80.63018622200008,7.899950751000063],[80.65186462900004,7.913509723000061],[80.65061145700008,7.943475351000075],[80.65969163300008,7.964511101000028],[80.65472067400003,7.99008599800004],[80.66081897400005,7.992937150000046],[80.66480788600006,7.988899865000064],[80.66678907900007,7.993102056000055],[80.66049600600007,8.002282689000026],[80.66452520100006,8.037519656000029],[80.66044366400007,8.052445478000038],[80.64917609500003,8.063791667000032],[80.66313230700007,8.068546757000036],[80.66290690600005,8.084823079000046],[80.67253343500005,8.093003133000025],[80.66384666900007,8.10929174000006],[80.68976203900007,8.108244042000024],[80.70273547000005,8.120998970000073],[80.72769318100006,8.131418128000064],[80.72769583000007,8.151285476000055],[80.73432248500006,8.169761476000076],[80.72798816400007,8.170349730000055],[80.72634842900004,8.176714063000077],[80.72137069000007,8.173207510000054],[80.71508177700008,8.192485340000076],[80.72966985300008,8.189738440000042],[80.73275768900004,8.198242745000073],[80.73645825700004,8.19336942800004],[80.74098178200006,8.196710048000057],[80.73185789400003,8.205895959000031],[80.73432967400004,8.211236171000053],[80.74058291200004,8.211644077000074],[80.73909639000004,8.216308989000026],[80.74650127800004,8.212891932000048],[80.75058373000007,8.222093710000024],[80.76897124800007,8.224488192000024],[80.77260761500008,8.230352180000068],[80.78750049000007,8.230111900000054],[80.80384415300006,8.278637149000076],[80.89796690100007,8.279675643000076],[80.90962389100008,8.32529708100003],[80.92854496800004,8.345397115000026],[80.93921797800004,8.342017044000045],[80.94987045500005,8.321675481000057],[80.95989325700003,8.324471752000022],[80.96295615700006,8.318660615000056],[80.97862894800005,8.312340017000054],[80.98632354000006,8.272444776000043],[81.03712128900008,8.278602941000031],[81.06247122200006,8.270765609000023],[81.07639535000004,8.272429756000065],[81.10677146200004,8.254865344000052],[81.12447148000007,8.263488633000065],[81.13970023600007,8.25893276100004],[81.16457230500004,8.23301562100005],[81.18427796400005,8.226857297000038],[81.19373677900006,8.231919861000051],[81.20059159500005,8.227471876000038],[81.20388209600003,8.214203600000076],[81.19883566400006,8.196706861000052],[81.20081451900006,8.18318636500004],[81.21099836300004,8.17917936300006],[81.20348661500003,8.161443655000028],[81.19678693600008,8.161651722000045],[81.18318089000007,8.145518774000038],[81.18873811500004,8.131691738000029],[81.18090612800006,8.12775165100004],[81.18660031400003,8.122338236000076],[81.17379928000008,8.105761037000036],[81.16821745400006,8.081655526000077],[81.16176952700005,8.08466633100005],[81.16131126200008,8.075509465000039],[81.15377713500004,8.076368870000067],[81.14599510000005,8.06148723900003],[81.14619134500003,8.042372930000056],[81.13843904000004,8.025115994000032],[81.14723592600006,8.017478735000054],[81.13108618500007,8.00215895100007],[81.13587659700005,7.991675746000055],[81.13023464800006,7.974552664000043],[81.13374465300006,7.969941310000024],[81.12619269400005,7.960748537000029],[81.13246516400005,7.94243937400006],[81.12440515600008,7.929984034000029],[81.12989601700008,7.923721587000045],[81.12857189600004,7.918332715000076],[81.13238686900007,7.91947092700002],[81.13432473200004,7.911805327000025],[81.14398107300008,7.907251556000062],[81.14915807900007,7.891214437000031],[81.15688012300006,7.883799542000077],[81.16371747600004,7.889095179000037],[81.16169254500005,7.85845071600005],[81.17603463900008,7.871182083000065],[81.21399854700007,7.871897267000065],[81.21995267600005,7.87592681600006],[81.22034309200006,7.884875271000055],[81.23219900900006,7.904527586000029],[81.23594243600007,7.902731045000053],[81.23461963900007,7.886849852000068],[81.22589015500006,7.875761414000067],[81.23022690100004,7.843086108000023],[81.22284852900003,7.82076786600004],[81.22826649000007,7.79415619100007],[81.22529509800006,7.776955947000033],[81.23581258300004,7.75979972500005],[81.23847260900004,7.740163007000035],[81.23223285000006,7.722473446000038],[81.23918029500004,7.714913508000052],[81.23618273900007,7.707688374000043],[81.23944667300003,7.693613967000033],[81.23581079400003,7.689040343000045],[81.23903752500007,7.681237645000067],[81.22178972200004,7.673264431000064],[81.21869204900008,7.652090506000036],[81.20983163800008,7.652428249000025],[81.21405386600009,7.644854353000028],[81.20363353100004,7.621027516000026],[81.20870323900004,7.606487044000062],[81.19130884100008,7.575657551000063],[81.13083548600008,7.557291550000059],[81.07535483800007,7.51036412600007],[81.05768868800004,7.510523287000069],[81.03838713500005,7.504136424000023],[81.02697455500004,7.536044674000038],[81.01848264800003,7.540434263000066],[81.01236632600006,7.551036769000063],[81.01237148300004,7.593672477000041],[81.00398425600008,7.602201210000032],[80.98394342800003,7.609361012000022],[80.98349646700007,7.617333875000043],[80.97747902900005,7.620640386000048]]],[[[81.54189814400007,7.945058906000042],[81.53108452200007,7.942407546000027],[81.52340429400004,7.933666052000035],[81.52044251900008,7.945926052000061],[81.46886617100006,7.944668688000036],[81.45469729000007,7.951673171000039],[81.43082561300008,7.951566865000075],[81.41231915700007,7.963687349000054],[81.33367048000008,7.963684740000076],[81.30468405600004,8.028895146000025],[81.31263339100008,8.216859434000071],[81.30943446300006,8.25164677400005],[81.32185500600008,8.261785547000045],[81.35216587800005,8.268586498000047],[81.35272862700003,8.257185397000057],[81.37141571700005,8.252715907000038],[81.37543433200005,8.256600139000057],[81.38390505900009,8.253145901000039],[81.38362720600009,8.25852573800006],[81.39080472300003,8.261357274000034],[81.39435026800004,8.248087603000045],[81.39895374400004,8.24914945200004],[81.40174418600003,8.265744924000046],[81.41235969500008,8.219449839000049],[81.42218082300008,8.20691223800003],[81.42342420800009,8.189166723000028],[81.42877245500006,8.17973429600005],[81.43488271300004,8.178745180000021],[81.43050165600005,8.166961350000065],[81.43746228800006,8.137698416000035],[81.44652587700006,8.119081522000045],[81.45766054600006,8.110292973000071],[81.45784798600005,8.08347827600005],[81.47591627000008,8.032239090000076],[81.49376725400003,8.007679347000021],[81.52480292900003,7.984948109000072],[81.53538853300006,7.984811756000056],[81.54430547000004,7.994529992000025],[81.55011552000008,7.992102189000036],[81.55158174500008,7.985601260000067],[81.53791599800007,7.970482476000029],[81.54189814400007,7.945058906000042]],[[81.37552175000008,8.181632704000037],[81.38420253400005,8.139637969000034],[81.40288575300008,8.132513085000028],[81.40563351900005,8.105466685000067],[81.41108319400007,8.105394776000026],[81.41805801200007,8.095398429000056],[81.43325479400005,8.092996440000036],[81.42907018300008,8.070270992000076],[81.44285667900004,8.070385155000054],[81.44471974900006,8.065220262000025],[81.44398856900006,8.070411043000036],[81.43368753900006,8.072803065000073],[81.43503701600008,8.092021999000053],[81.44541217500006,8.115844276000075],[81.43818802500004,8.131704654000032],[81.43199702200008,8.153376473000037],[81.44025360200004,8.12218926600002],[81.43592866600005,8.104490635000047],[81.43808628500005,8.106680605000065],[81.43833132000003,8.101787648000027],[81.43205858400006,8.09687092300004],[81.42481400200006,8.100495434000038],[81.40238303700005,8.149771085000054],[81.39747269400004,8.192582350000066],[81.39492606300007,8.195194400000048],[81.38981652200005,8.18993404400004],[81.39090349500003,8.195493760000033],[81.38176533300003,8.19973445000005],[81.37552175000008,8.181632704000037]]],[[[81.46128423900007,8.112226508000049],[81.46220496200004,8.110211510000056],[81.46029197300004,8.110173061000069],[81.46128423900007,8.112226508000049]]],[[[81.43951465600009,8.109661766000045],[81.43844158800005,8.113200900000038],[81.44247946800004,8.118019091000065],[81.44314293100007,8.114852964000022],[81.43951465600009,8.109661766000045]]]]}},{"type":"Feature","properties":{"district":"Puttalam","centroid_lon":79.93346,"centroid_lat":8.0243},"geometry":{"type":"MultiPolygon","coordinates":[[[[79.74259337600006,7.934346722000043],[79.71543538800006,8.022982847000037],[79.71124548400007,8.021882936000054],[79.71536827700004,8.02318180800006],[79.70391808300008,8.056909116000043],[79.70517354000003,8.090578167000047],[79.69911979300008,8.112332363000064],[79.70282090600006,8.156059028000072],[79.69056253400004,8.21026727700007],[79.69917758500003,8.219919230000073],[79.71284502900005,8.218275964000043],[79.73196070300008,8.233701938000024],[79.74253613600007,8.281546925000043],[79.75838362600007,8.310495785000057],[79.76187513400004,8.327387159000068],[79.77063374800008,8.347871920000046],[79.77260874000007,8.376372240000023],[79.78215497400004,8.383153922000076],[79.78702276200005,8.38358764800006],[79.77712138100003,8.377550394000025],[79.78301679600008,8.370385330000033],[79.78186881600004,8.364237591000062],[79.75605617200006,8.302884337000023],[79.76550677400007,8.300930659000073],[79.75594259500008,8.295256141000038],[79.75045311600007,8.284980723000047],[79.75651542700007,8.276700471000026],[79.74833661400004,8.263837175000049],[79.75675303200006,8.267531366000071],[79.75644867100004,8.269268257000022],[79.75492900900008,8.271147904000031],[79.75425817400009,8.273007722000045],[79.76157896000007,8.268098121000037],[79.75560623600006,8.255887468000026],[79.74716362900006,8.250855026000067],[79.75108967800008,8.248774394000066],[79.75453169000008,8.253407856000024],[79.75112514700004,8.248287583000035],[79.74500529800008,8.251421306000054],[79.73673470600005,8.249895750000064],[79.73860088500004,8.244974029000048],[79.72908636000005,8.228178411000044],[79.73803400400004,8.230654836000042],[79.76515699000004,8.262881477000064],[79.77461699300005,8.261124536000068],[79.76350799200003,8.241479619000074],[79.76680623000004,8.216958934000047],[79.76037697900006,8.216413694000039],[79.75391587500008,8.22458057600005],[79.73970937600006,8.207749936000027],[79.74195376400007,8.204440500000032],[79.73549412800008,8.201413023000043],[79.74721097500003,8.181772284000033],[79.74098570700005,8.175097060000041],[79.74428059000007,8.165822330000026],[79.73769362200005,8.157829929000059],[79.73684798100004,8.14392261300003],[79.73035033700006,8.143762550000076],[79.72585334600006,8.137405253000054],[79.72499640800004,8.12216502900003],[79.73388713300005,8.106789783000067],[79.72883915200003,8.085385319000068],[79.73720254600005,8.070610166000051],[79.75293327700007,8.063124220000077],[79.73974489300008,8.054299408000077],[79.74296533800003,8.034369347000052],[79.73413359600005,8.014940814000056],[79.74853676100008,7.990172725000036],[79.78155564300005,7.97909758000003],[79.81257659500005,7.976020055000049],[79.81958570300003,7.979929232000075],[79.82196572800007,7.975826398000038],[79.81568946000004,7.99322541500004],[79.83052159900006,8.003931074000036],[79.83219246500005,8.01789752700006],[79.81924501200007,8.038918721000073],[79.79030347500003,8.067895208000039],[79.79075995200003,8.070556886000077],[79.78767143400006,8.075381239000023],[79.78791986100003,8.077828674000045],[79.79107980600008,8.071201349000034],[79.79822713200008,8.076088478000031],[79.78883643200004,8.081185191000031],[79.78797837800005,8.086227535000035],[79.79809733800005,8.083105670000066],[79.81237969900008,8.098701581000057],[79.81783873400008,8.124373103000039],[79.83252678000008,8.129583254000067],[79.82798248200004,8.145902130000024],[79.83152103200007,8.150411865000024],[79.81705083000008,8.162939116000075],[79.81912219200007,8.173677738000038],[79.81386545100008,8.18191917400003],[79.82106830300006,8.178325417000053],[79.82191885500004,8.182123638000064],[79.81677578500006,8.205836219000048],[79.79232287200006,8.223532704000036],[79.79067657400003,8.226522939000063],[79.79080850300005,8.227832357000068],[79.79662492400007,8.221761619000063],[79.80856533000008,8.223823852000066],[79.79757695800004,8.232983311000055],[79.79089860000005,8.229285349000065],[79.78738858400004,8.232812440000032],[79.80805230100003,8.237988648000055],[79.81441923300008,8.268370461000075],[79.83145496100008,8.29112778900003],[79.83533390900004,8.31245417100007],[79.83028900100004,8.32428307300006],[79.83740126500004,8.333956035000028],[79.83669664300004,8.345067398000026],[79.84409002200005,8.350868878000028],[79.84081161500006,8.421897672000057],[79.84595201900004,8.44079298500003],[79.86239802300008,8.452384685000027],[79.85941881800005,8.473742997000045],[79.86773906100007,8.533432825000034],[79.87221357100003,8.540061827000045],[79.88233164400003,8.536638422000067],[79.91285825700004,8.548615736000045],[79.91773281900004,8.566938760000028],[79.93458736700006,8.555903791000048],[79.94512448600005,8.56033689800006],[79.95344511900004,8.551962604000039],[79.97516727700008,8.552664492000076],[79.98741452200005,8.543120533000035],[79.99734546700006,8.54577252100006],[80.00570844800006,8.535823419000053],[80.03089061700007,8.526174596000033],[80.04105334900004,8.498764730000062],[80.03967002800005,8.491147812000065],[80.01784239900007,8.445130562000031],[79.98683289600007,8.421685799000045],[79.98919371200003,8.415564313000061],[79.97915818700005,8.39933770600004],[79.96182911000005,8.399455488000058],[79.95326498900005,8.394736142000056],[79.94983283900007,8.36900832300006],[79.97269888200003,8.338113161000024],[79.98287216300008,8.285896154000056],[79.98048700900006,8.277469968000048],[79.99429703500005,8.25350059300007],[79.99790978700008,8.227548869000032],[80.02153832900007,8.224475633000054],[80.03527694400003,8.236271049000038],[80.06095713500008,8.218947101000026],[80.07708241100005,8.22287076400005],[80.08417604200008,8.210627947000035],[80.09411242200008,8.208625488000052],[80.10186248900004,8.18936504800007],[80.09661871600008,8.167146910000042],[80.10576439200008,8.151536604000057],[80.11293441600003,8.096332683000071],[80.12633537400006,8.07762304800002],[80.15066185100005,8.067141632000073],[80.14380136600005,8.040083177000042],[80.14634436600005,8.01760882700006],[80.14141631900003,8.006619409000052],[80.14757659500003,7.99820420900005],[80.13198987400006,7.971218771000053],[80.13139160200006,7.962353363000034],[80.13894556400004,7.954462899000021],[80.15927962600006,7.957620622000036],[80.16754108700007,7.949078428000064],[80.16240769200004,7.931651866000038],[80.15780973000005,7.932324140000048],[80.16272197600006,7.89862180800003],[80.17855878500006,7.861773525000046],[80.20010690200007,7.842880454000067],[80.19909832200005,7.836600092000026],[80.19378672200008,7.83642681300006],[80.20079145000005,7.814371505000054],[80.19576101500007,7.804740476000063],[80.18038181600008,7.794401736000054],[80.18075030800009,7.801513592000049],[80.17337714600006,7.805976343000054],[80.15950456100006,7.798702965000075],[80.15313828400008,7.806845903000067],[80.14472800400006,7.802959672000043],[80.14535739900003,7.796283822000021],[80.14164912800004,7.800427568000032],[80.12583165400008,7.796475033000036],[80.11869876200007,7.801751607000028],[80.12561336800007,7.805104421000067],[80.12290998500004,7.812800025000058],[80.11562698500006,7.812507630000027],[80.10477698900007,7.823952127000041],[80.09972411500007,7.819592202000024],[80.09013295400007,7.821338921000063],[80.07734243500005,7.806726195000067],[80.08984895600008,7.783740727000065],[80.08563430900006,7.777344911000057],[80.07153716500005,7.777390065000077],[80.07311584600006,7.765597786000058],[80.06607226100004,7.761861396000029],[80.06529143000006,7.754503207000027],[80.06954487200005,7.747201134000022],[80.05749256300004,7.738190046000057],[80.05889448100004,7.731073809000065],[80.05240349300004,7.725738769000031],[80.02684854500006,7.721291885000028],[80.01708585100005,7.707181786000035],[79.99964290700007,7.704873650000025],[79.99744538600004,7.697214720000034],[79.98676871200007,7.704837864000069],[79.98690966600003,7.698895295000057],[79.97708785200007,7.687902860000065],[79.96899488400004,7.684659115000045],[79.96445994300007,7.690361114000041],[79.95638077500007,7.673068803000035],[79.94664447500008,7.675760478000029],[79.94491696900008,7.682300695000038],[79.93935760700003,7.676366364000046],[79.93152064700007,7.679887600000029],[79.92575818800003,7.673569408000048],[79.92739279900007,7.662739358000067],[79.92106342300008,7.656200794000029],[79.93160053500003,7.650296892000028],[79.92165274700005,7.646237167000038],[79.91889022000004,7.633425827000053],[79.90477270400004,7.620717504000027],[79.90294720700007,7.587871006000057],[79.89591385500006,7.58973977100004],[79.87258387400004,7.578782506000039],[79.87295770800006,7.563204219000056],[79.86351138300006,7.560476689000041],[79.86405310500004,7.555973771000026],[79.84549341300004,7.559315496000067],[79.84566291900006,7.553685205000022],[79.84161274200005,7.554702425000073],[79.84078763000008,7.562596687000052],[79.83590833400007,7.559614616000033],[79.83031398700007,7.538087613000073],[79.82261769300004,7.53498406600005],[79.82395979700004,7.515232888000071],[79.81211146500004,7.511848791000034],[79.81152976300007,7.519155610000041],[79.79095213200003,7.519632347000027],[79.78747297200005,7.537255189000064],[79.78395506700008,7.606112328000052],[79.79439113500007,7.611787140000047],[79.79742887800006,7.622573335000027],[79.79661029900006,7.691535244000022],[79.78201510500008,7.774565862000031],[79.74259337600006,7.934346722000043]]],[[[79.74630440400006,8.172301255000036],[79.74612727000004,8.176558002000036],[79.74861198600007,8.177307537000047],[79.74921015900003,8.175554661000035],[79.74630440400006,8.172301255000036]]],[[[79.75508712100003,8.178815597000039],[79.75254506700009,8.179370605000031],[79.75327300700008,8.180440825000062],[79.75508712100003,8.178815597000039]]],[[[79.74719976200004,8.178878325000028],[79.74676612100006,8.179561783000054],[79.74712484400004,8.179855919000033],[79.74719976200004,8.178878325000028]]],[[[79.77723862400006,8.188223434000065],[79.76591711100008,8.179869500000052],[79.75317786600004,8.172925614000064],[79.77319494400007,8.186777574000075],[79.77291737000007,8.192503729000066],[79.77723862400006,8.188223434000065]]],[[[79.76933159300006,8.213930134000066],[79.76509636700007,8.212269597000045],[79.76672582100008,8.207285156000069],[79.76330329900003,8.209852008000041],[79.76305817900004,8.21271821800002],[79.76933159300006,8.213930134000066]]],[[[79.77980353900006,8.215675973000032],[79.78257528800003,8.217187797000065],[79.78335316800008,8.214788528000042],[79.77980353900006,8.215675973000032]]],[[[79.77555516200005,8.234143260000053],[79.77791319900007,8.234433833000026],[79.77611525400005,8.232884476000038],[79.77555516200005,8.234143260000053]]],[[[79.77877093600006,8.241211344000021],[79.77783450100003,8.240510174000065],[79.77751832100006,8.24034193500006],[79.77877093600006,8.241211344000021]]],[[[79.77394202300007,8.24426204200006],[79.77292442700008,8.244906186000037],[79.77386529100005,8.245542276000037],[79.77394202300007,8.24426204200006]]],[[[79.77495135400005,8.274803693000024],[79.78376350800005,8.267426112000066],[79.77816522300003,8.261996410000052],[79.77243509400006,8.270818341000052],[79.77495135400005,8.274803693000024]]],[[[79.78480384900007,8.274298238000029],[79.78330876200005,8.274283860000025],[79.78363094800005,8.275097145000075],[79.78480384900007,8.274298238000029]]],[[[79.77200007300007,8.272555461000024],[79.76951559500003,8.276429890000031],[79.76990780200003,8.278509109000026],[79.77200007300007,8.272555461000024]]],[[[79.75999819800006,8.278068297000061],[79.76603291600009,8.278256958000043],[79.76676972100006,8.276192109000021],[79.76095002100004,8.274211276000074],[79.75999819800006,8.278068297000061]]],[[[79.79309224000008,8.283508797000025],[79.78805236000005,8.28377546400003],[79.78778922900005,8.285807261000059],[79.79309224000008,8.283508797000025]]],[[[79.78516734000004,8.544433045000062],[79.78587212700006,8.510079434000033],[79.77811232700003,8.492810984000073],[79.78502176700005,8.471068510000066],[79.79023749900006,8.469623263000074],[79.78903061700004,8.46382141500004],[79.79373224900007,8.462668473000065],[79.79759026700003,8.452303964000066],[79.80683397400009,8.448212625000053],[79.80426216100005,8.413762955000038],[79.80613329200008,8.405346606000023],[79.81101449500005,8.406779567000058],[79.80835147300007,8.403111528000068],[79.80390848000008,8.406261283000049],[79.80403222100006,8.44508257900003],[79.79760291100007,8.449298309000028],[79.78411926100006,8.46899429900003],[79.77412580200007,8.50186756200003],[79.78400687800007,8.525122889000045],[79.78052653500004,8.542011101000071],[79.78516734000004,8.544433045000062]]],[[[79.80383176000004,8.174762917000066],[79.81037769100004,8.164826951000066],[79.80843896800008,8.161601388000065],[79.80582786600007,8.16466267900006],[79.80383176000004,8.174762917000066]]],[[[79.79290684200004,8.305750363000072],[79.80012204700006,8.304248804000053],[79.79339291700006,8.30489989800003],[79.79327093600006,8.296415274000026],[79.79883768900004,8.299545119000072],[79.79637127700005,8.293926661000057],[79.79368974900007,8.294821756000033],[79.79157822700006,8.298793124000042],[79.79151163400007,8.303717921000043],[79.79290684200004,8.305750363000072]]],[[[79.80799371600006,8.338640421000036],[79.80313902300009,8.337913549000064],[79.80793416600005,8.332634546000065],[79.80330516700008,8.326882348000026],[79.81346993800008,8.322003189000043],[79.80702583100003,8.31823015200007],[79.80284786400006,8.324368245000073],[79.79730697600007,8.341473622000024],[79.80799371600006,8.338640421000036]]]]}},{"type":"Feature","properties":{"district":"Ratnapura","centroid_lon":80.45415,"centroid_lat":6.60803},"geometry":{"type":"Polygon","coordinates":[[[80.47590648400006,6.282400894000034],[80.46444092400003,6.28131094500003],[80.45744783800006,6.290067285000021],[80.45164818700005,6.287258940000072],[80.44324700900006,6.301847488000021],[80.42982502800004,6.309612612000024],[80.42755115400007,6.317191467000043],[80.41020963600005,6.325743568000064],[80.40458346900004,6.334529350000025],[80.38390709700008,6.332080695000059],[80.36982926800005,6.318790972000045],[80.31989972700006,6.393997932000048],[80.31430695800003,6.39908894000007],[80.29821407500003,6.396541582000054],[80.27094902800008,6.436614379000048],[80.26455783800003,6.430561666000074],[80.25802374100004,6.436059297000043],[80.24678187600006,6.429278785000065],[80.23480833200006,6.441777992000027],[80.22138518100007,6.444368454000028],[80.22203441700003,6.461667250000062],[80.23291546500008,6.470823636000034],[80.22932752700007,6.480408830000044],[80.21196390400007,6.488005216000033],[80.20327080900006,6.500261967000029],[80.19646586200008,6.497715261000053],[80.18458206600008,6.518495158000064],[80.17155100400004,6.513657135000074],[80.16650745600003,6.520777269000064],[80.16533142300005,6.526818189000039],[80.17510178800006,6.529206463000037],[80.17794480000003,6.542000010000038],[80.19313522000004,6.542328769000051],[80.19935582100004,6.553730936000022],[80.18610179200004,6.58038519400003],[80.19463499700004,6.582680049000032],[80.19750717700003,6.576941415000022],[80.19651871800005,6.58311087200002],[80.21075397800007,6.581081883000024],[80.21099456600007,6.592726008000056],[80.22645251900008,6.591280429000051],[80.23824809300004,6.603697187000023],[80.24607371400003,6.602167492000035],[80.25184519800007,6.609087235000061],[80.24752375900005,6.616573980000055],[80.25777140400004,6.622176963000072],[80.27986606900004,6.617903086000069],[80.30188103500006,6.595217189000039],[80.32688670400006,6.548814465000021],[80.33085884300004,6.570367332000046],[80.32798496900006,6.575245543000051],[80.33637573100003,6.578477369000041],[80.34613910800005,6.577994078000074],[80.36257518500008,6.549255896000034],[80.38289446100003,6.558995125000024],[80.37740466400004,6.560754982000049],[80.37420067900007,6.569771560000049],[80.38004335600004,6.586747333000062],[80.35927550100007,6.604648261000023],[80.35164465100007,6.619162088000053],[80.34445289000007,6.621261927000035],[80.32356529400005,6.64940512000004],[80.29121801400004,6.72480457100005],[80.27008316800004,6.734727505000023],[80.26671591100006,6.73080430300007],[80.25435979700006,6.735342078000031],[80.25243551300008,6.729259434000028],[80.23723677700008,6.73450288600003],[80.22462510300005,6.728471805000027],[80.20323632800006,6.730138212000043],[80.19045312600008,6.760536641000044],[80.19085941100008,6.782332775000043],[80.17670368500006,6.807467033000023],[80.17556457700005,6.815682517000027],[80.18540923900008,6.81833522200003],[80.18721333400003,6.81442525500006],[80.19698798200005,6.813992055000028],[80.20094430800003,6.822143987000061],[80.19273175500007,6.851199747000067],[80.17350121400005,6.857422716000031],[80.18192287000005,6.885570440000038],[80.18755793800005,6.899368435000042],[80.20892564500008,6.916354483000021],[80.20616078800003,6.937380494000024],[80.21849426600005,6.935601272000042],[80.22184203800003,6.941309351000029],[80.21526976000007,6.956538379000051],[80.21604433300007,6.972723811000037],[80.20519900300008,6.978386001000047],[80.20668566900008,6.983763602000067],[80.21372998800007,6.99954077600006],[80.22209094100003,7.003277209000032],[80.22014966100005,7.011356627000055],[80.24815777800006,7.044425745000069],[80.25573009300007,7.018634446000021],[80.26971964900008,7.023356111000055],[80.27443701500005,7.00955428900005],[80.29123154000007,7.003767501000027],[80.29236947600003,6.99548973900005],[80.29882468600005,6.994291623000038],[80.29660761500008,6.989056191000032],[80.31210146200004,6.981023604000029],[80.32453627300004,6.981290966000074],[80.32221743900004,6.993495345000042],[80.34259505200004,6.99866455800003],[80.34525091400008,6.994872044000033],[80.38420242700005,6.998715250000032],[80.40409148000003,6.994356475000075],[80.39802248000007,6.987196806000043],[80.40550111200008,6.964878942000041],[80.43490483200003,6.954680523000036],[80.43425158000008,6.922480044000054],[80.43000751400007,6.923639914000034],[80.42901479500006,6.911858388000041],[80.45200351300008,6.905581140000038],[80.45769684000004,6.898928038000065],[80.47813302800006,6.898474791000069],[80.49828459400004,6.884218043000033],[80.49234904000008,6.87129606700006],[80.49716969000008,6.857315172000028],[80.50920633800007,6.847575050000046],[80.49426567600005,6.833558932000074],[80.48824005600005,6.820034901000042],[80.49032784800005,6.811950956000032],[80.49956756200004,6.809371767000073],[80.48397267700005,6.798271265000039],[80.48867956600003,6.787524363000045],[80.49788588100006,6.778903720000073],[80.52481618700006,6.767931918000045],[80.54027345200006,6.776773720000051],[80.57102611800008,6.764141887000051],[80.61130192100006,6.75944916100002],[80.58767670700007,6.745877957000062],[80.58310411900004,6.734765586000037],[80.58440854200006,6.724146426000061],[80.59296830600005,6.721083927000052],[80.59062299300007,6.715407482000046],[80.60381352500008,6.712029119000022],[80.60381344400008,6.69084130300007],[80.61398797700008,6.681076878000056],[80.61142897200006,6.669973010000035],[80.59803454800004,6.66120064200004],[80.66123209800008,6.641534221000029],[80.65437455700004,6.631517124000027],[80.65991396900006,6.625449694000054],[80.65267748200006,6.619399943000076],[80.65526669400003,6.610391371000048],[80.64980882100008,6.604645723000033],[80.66796894900006,6.598074490000045],[80.67012909800007,6.603707362000023],[80.68452270200004,6.608137099000032],[80.69496693900004,6.602771176000033],[80.71494445200005,6.601454229000069],[80.71820182700003,6.604760938000027],[80.73017401500005,6.587585837000063],[80.74627651900005,6.582082323000066],[80.77054538300007,6.589863463000029],[80.80974132300008,6.590995736000025],[80.81134912000005,6.567265047000035],[80.80237404200005,6.541903869000066],[80.80683298300005,6.536960245000046],[80.82488049500006,6.538997447000042],[80.83210873600007,6.532531583000036],[80.82810795600005,6.520722542000044],[80.83296201700006,6.505709206000063],[80.82745267300004,6.489582453000025],[80.83162180700003,6.475692011000035],[80.79357733800003,6.487745081000071],[80.78554886000006,6.482095789000027],[80.76897186900004,6.480286754000076],[80.74743471200009,6.482100557000024],[80.73650189400007,6.489635031000034],[80.72173618900007,6.485789607000072],[80.70539765600006,6.489810147000071],[80.70347029900006,6.482429679000063],[80.70975351000004,6.475565414000073],[80.72048537300003,6.47593570600003],[80.72822941600003,6.456267481000054],[80.73470891400007,6.455725038000026],[80.75201136200008,6.440366219000055],[80.73631077800007,6.435553403000029],[80.74620300700008,6.412351852000029],[80.73130008900006,6.418613679000032],[80.72687563500006,6.416279287000066],[80.71933030300005,6.42612495000003],[80.71285324200005,6.421469707000028],[80.72447993900005,6.413820251000061],[80.72388874600006,6.398797074000072],[80.72986349200005,6.401539550000052],[80.74221467900009,6.39597799400002],[80.75098703100008,6.397542981000072],[80.75430613800006,6.382389007000029],[80.73248186400008,6.371562463000032],[80.73584458500005,6.357820169000036],[80.72637568500005,6.356949971000063],[80.72087457400005,6.349095111000054],[80.70990459700005,6.351652222000041],[80.70592447400008,6.346383045000039],[80.73797505000005,6.330646386000069],[80.74098122800007,6.319310570000027],[80.72839410700004,6.316889213000024],[80.69963664000005,6.321363753000071],[80.68709385300008,6.307847211000023],[80.66868665900006,6.305167667000035],[80.66813501400003,6.31741233200006],[80.67343472000005,6.322157778000076],[80.65617056700006,6.336718050000059],[80.66321163100008,6.338903676000029],[80.66032601300003,6.353917287000058],[80.61404866000004,6.347438875000023],[80.58668841300005,6.338017059000038],[80.57922996500008,6.328282926000043],[80.55648674600008,6.329154017000064],[80.55240270000007,6.319881013000042],[80.56105413500006,6.314763965000054],[80.57103064500006,6.298357599000042],[80.57210772200006,6.284747515000049],[80.57727949500008,6.282565929000043],[80.57334171000008,6.279690302000063],[80.57461014200004,6.258190242000069],[80.56311819600006,6.247209129000055],[80.54965458400005,6.244662202000029],[80.54502324700007,6.235662752000053],[80.52514840300006,6.235134426000059],[80.51652024500004,6.226903241000059],[80.51313913700005,6.236544924000043],[80.49965860800006,6.248464616000035],[80.49573824500004,6.272557745000029],[80.48288057700006,6.270025128000043],[80.47590648400006,6.282400894000034]]]}},{"type":"Feature","properties":{"district":"Trincomalee","centroid_lon":81.03961,"centroid_lat":8.53297},"geometry":{"type":"Polygon","coordinates":[[[81.18496970000007,8.22687572700005],[81.16313233000005,8.233861718000071],[81.13970023600007,8.25893276100004],[81.12447148000007,8.263488633000065],[81.10677146200004,8.254865344000052],[81.07639535000004,8.272429756000065],[81.06247122200006,8.270765609000023],[81.03712128900008,8.278602941000031],[80.98632354000006,8.272444776000043],[80.97862894800005,8.312340017000054],[80.96295615700006,8.318660615000056],[80.95989325700003,8.324471752000022],[80.94987045500005,8.321675481000057],[80.93921797800004,8.342017044000045],[80.93310168100004,8.345383792000064],[80.90962389100008,8.32529708100003],[80.89796690100007,8.279675643000076],[80.82079628100007,8.278795306000063],[80.81625806400007,8.30108410500003],[80.80155465200005,8.291850556000043],[80.80708953700008,8.304457398000068],[80.80395911100004,8.313619681000034],[80.80712089200006,8.348731515000054],[80.81939341000003,8.361591692000047],[80.82300657100006,8.372657374000028],[80.81316194100003,8.378209606000041],[80.80996971500008,8.390651517000038],[80.80008555700005,8.393162705000066],[80.79063153100003,8.40873016100005],[80.78366821800006,8.409686398000076],[80.80295294300004,8.426445967000063],[80.80445794700006,8.44292206700004],[80.79892968300004,8.443576563000022],[80.79604543300007,8.450911487000042],[80.80420037200008,8.45755540500005],[80.79981630800006,8.485425406000047],[80.79696042100005,8.486908687000039],[80.79107145200004,8.477175275000036],[80.78024848800004,8.478127495000024],[80.77639186100004,8.472875412000064],[80.76813677400008,8.477841967000074],[80.74892042800008,8.478059662000021],[80.73379493400006,8.48786186500007],[80.74259649400005,8.514442865000035],[80.71470799500008,8.51859543300003],[80.70455944800005,8.532063501000039],[80.71114361700006,8.551172010000073],[80.71976473000007,8.559327735000068],[80.71936249300006,8.567666012000075],[80.71055943400006,8.57171207600004],[80.73130921100005,8.586261647000072],[80.74440801600008,8.60790852100007],[80.76852967800005,8.61939038600002],[80.78548560000007,8.641526197000076],[80.78325360000008,8.683057460000043],[80.78734299000007,8.690577592000068],[80.80588956600008,8.700834161000046],[80.80266302600006,8.71673136100003],[80.82336031100004,8.726039842000034],[80.82348610700006,8.738995518000024],[80.83035269100003,8.73837850700005],[80.83515173300003,8.74709460300005],[80.84950206200006,8.756427355000028],[80.85955048400007,8.760539255000026],[80.86949365500004,8.751557135000041],[80.87825458700007,8.750374411000053],[80.88160834200005,8.787365798000053],[80.89487424300006,8.80912713500004],[80.91032625900004,8.822814316000063],[80.91072351800005,8.834866976000058],[80.91953044000007,8.840372623000064],[80.91875041000003,8.847939876000055],[80.93172503800008,8.851880437000034],[80.91126081400006,8.883153509000067],[80.90910666300005,8.900495696000064],[80.90261914800004,8.904254512000023],[80.91233441100007,8.911996960000067],[80.90218324300008,8.906612102000054],[80.89363093100008,8.911687867000069],[80.89421769200004,8.928685933000054],[80.89054504200004,8.929114712000057],[80.88795397200005,8.948184970000057],[80.89443147500003,8.950096176000045],[80.88709724900008,8.95533262300006],[80.89662787500004,8.967129922000026],[80.88796965500006,8.975886080000066],[80.89104696200008,8.980201828000077],[80.89838532000005,8.978927609000039],[80.90003830800003,8.984802064000064],[80.96524766400006,8.986483082000063],[80.99533858200004,8.940814924000051],[81.00158423700003,8.935201666000069],[81.00564655400007,8.938249358000064],[81.03832339200005,8.879083122000054],[81.06443196100008,8.857196874000067],[81.07773381800007,8.868458161000035],[81.07554206800006,8.862149549000037],[81.08337995500005,8.86000329500007],[81.09184844700007,8.831301205000045],[81.10958644000004,8.803166885000053],[81.13584814800004,8.77130222300002],[81.14592184200006,8.768157969000072],[81.15698700100006,8.746935395000037],[81.17276396700004,8.733193407000044],[81.20170441900007,8.677562141000067],[81.22309147400006,8.65391511300004],[81.22120716800003,8.638811446000034],[81.22503616100005,8.628617071000065],[81.21732164600007,8.620233942000027],[81.21802838200006,8.608427782000035],[81.23105013700007,8.579873754000062],[81.23863064800008,8.576072851000049],[81.24406575300003,8.582381964000035],[81.23691043900004,8.570156609000037],[81.24451432200004,8.559295428000041],[81.24408762500008,8.546050530000059],[81.22531193300006,8.535375300000055],[81.23033465900005,8.54712029500007],[81.21979138600005,8.54403764600005],[81.23237705200006,8.560578958000065],[81.23109830100003,8.565354615000047],[81.22226609200004,8.57569214700004],[81.20557054900007,8.565135075000057],[81.21995874800007,8.581315647000054],[81.21798885800007,8.584142972000052],[81.20075136800006,8.567899779000072],[81.20280541500006,8.575233405000063],[81.19827493300005,8.57865659600003],[81.19858291700007,8.572204932000034],[81.19030977600005,8.571327520000068],[81.19058433800006,8.56783669300006],[81.19710155400008,8.569386112000075],[81.19842254000008,8.562980080000045],[81.18974945800005,8.56291649000002],[81.18980099300006,8.555525639000052],[81.20440037400004,8.55373846200007],[81.18968445800004,8.54404362400004],[81.20077543300005,8.542400921000024],[81.19636646200007,8.536765136000042],[81.19999854700006,8.539192369000034],[81.20336487200007,8.535490894000077],[81.19843874300005,8.530416036000076],[81.20574326000008,8.529775657000073],[81.20306974500005,8.527103693000072],[81.20675905300004,8.526217693000035],[81.21110640700005,8.509149989000036],[81.19557309700008,8.505674705000047],[81.18842821800007,8.51300444800006],[81.18379066200004,8.51177530700005],[81.18683764400004,8.530427988000042],[81.18280618500006,8.535821657000042],[81.17759976600007,8.535813034000057],[81.17560429300005,8.525613289000034],[81.16419155300008,8.53930467500004],[81.15053499900006,8.54613118900005],[81.14065828600008,8.52279990900007],[81.13134439900006,8.512169051000058],[81.11803099800005,8.50858340800005],[81.12599119700008,8.492852949000053],[81.13664353000007,8.488503730000048],[81.14762047600004,8.507147521000036],[81.16875266900007,8.513770264000073],[81.18885256500005,8.50521761500005],[81.19180667200004,8.486070459000075],[81.20324734300004,8.46892748700003],[81.22845743400006,8.460277370000028],[81.27675524900008,8.465100109000048],[81.28617334300003,8.48526318000006],[81.27840465300005,8.506965812000033],[81.29995917700006,8.509049620000042],[81.31059911000006,8.514626056000054],[81.31686172000008,8.525232662000064],[81.35155925500004,8.495607523000047],[81.35110841400007,8.484207452000021],[81.37849150000005,8.379274979000058],[81.39096265600006,8.359246805000055],[81.38701275300008,8.355706679000036],[81.38608971600007,8.337747020000052],[81.40150156200008,8.268203430000028],[81.39881937900003,8.248910033000072],[81.39333636500004,8.248433703000046],[81.39080472300003,8.261357274000034],[81.38362720600009,8.25852573800006],[81.38390505900009,8.253145901000039],[81.35272862700003,8.257185397000057],[81.35531717900005,8.265246073000071],[81.35162557200005,8.268682985000055],[81.34279076400009,8.263682250000045],[81.32665094800007,8.264673954000045],[81.30861155500008,8.251378596000052],[81.28472392200007,8.261358320000056],[81.28506508300006,8.257704382000043],[81.27845601500007,8.25667919500006],[81.27922001600007,8.249504337000076],[81.27026215600006,8.24665402000005],[81.27120139900006,8.240996728000027],[81.26452068100008,8.241995529000064],[81.26687914300004,8.234135296000034],[81.25529034900006,8.232120482000028],[81.25546174600004,8.224785159000021],[81.24782124300003,8.225704670000027],[81.25000722700008,8.210981497000034],[81.24127725600005,8.195750770000075],[81.23572994900007,8.196068230000037],[81.24112265000008,8.179906875000029],[81.23214399500006,8.174098332000028],[81.22988063100007,8.15592297400002],[81.21590516700007,8.156316567000033],[81.20417511700003,8.147863232000077],[81.18974755800008,8.153878172000077],[81.19678693600008,8.161651722000045],[81.20348661500003,8.161443655000028],[81.21099836300004,8.17917936300006],[81.20081451900006,8.18318636500004],[81.19883566400006,8.196706861000052],[81.20388209600003,8.214203600000076],[81.20082144700007,8.226801693000027],[81.19373677900006,8.231919861000051],[81.18496970000007,8.22687572700005]]]}},{"type":"Feature","properties":{"district":"Vavuniya","centroid_lon":80.49436,"centroid_lat":8.79649},"geometry":{"type":"Polygon","coordinates":[[[80.33786072100008,8.546979742000076],[80.31510818600003,8.547847216000036],[80.30272069700004,8.558459060000075],[80.28573541900005,8.559114012000066],[80.28257247300007,8.57948766100003],[80.27730309600008,8.583159520000038],[80.27925400700008,8.589609988000063],[80.27175892200006,8.599248357000022],[80.27235814800008,8.609788378000076],[80.25627619100004,8.617899462000025],[80.24770459700005,8.614930671000025],[80.23388725900008,8.629022831000043],[80.23314524300008,8.68018255100003],[80.14331631100004,8.657186011000022],[80.13892373100003,8.737636154000029],[80.09498637900003,8.748299967000037],[80.09119553700003,8.76777155800005],[80.08053344400008,8.767375013000049],[80.07986783300004,8.782462343000077],[80.09167161500005,8.78938194500006],[80.09950450000008,8.805859846000033],[80.08813481100003,8.815177492000032],[80.08016695300006,8.813256663000061],[80.08441513100007,8.824306281000077],[80.07916709600005,8.826350018000028],[80.07829081600005,8.848763397000027],[80.08214447500006,8.852905672000077],[80.08960275700008,8.848432853000077],[80.13935937000008,8.851991245000022],[80.13412348900005,8.90358399400003],[80.14225243500005,8.939032222000037],[80.14696214200006,8.937050734000024],[80.16264401000007,8.946499662000065],[80.17210904000007,8.944656595000026],[80.17247504000005,8.95007021300006],[80.33790502000005,8.958822647000034],[80.39440444300004,8.995211349000044],[80.43251337200007,9.031201381000074],[80.42524349600006,9.04479537700007],[80.42387428400008,9.090688184000044],[80.40297660000004,9.090496392000034],[80.40301188700005,9.11538327300002],[80.49302481100005,9.113643181000043],[80.50837803700006,9.09371586900005],[80.51313110200005,9.075050560000022],[80.52881707100005,9.076501389000043],[80.55900714400008,9.107391730000074],[80.58324021900006,9.111923090000062],[80.57996362900008,9.12595129500005],[80.60196659600007,9.126345010000023],[80.63112204500004,9.116545879000057],[80.64061181800008,9.118008130000021],[80.64542100300008,9.115323493000062],[80.65014223100007,9.094973753000033],[80.64959826600005,9.077691341000047],[80.66293918000008,9.073966174000077],[80.68069002000004,9.083623289000059],[80.69028550200005,9.074195771000063],[80.68546202100003,9.049843099000043],[80.67477139300007,9.041617770000073],[80.67616462600006,9.02955580500003],[80.71543719100003,9.050258369000062],[80.74135879700003,9.035593946000063],[80.72334831500007,9.023545890000037],[80.72896472200006,9.011425108000026],[80.70118769100003,8.984071550000067],[80.71018161600006,8.945823202000042],[80.73656345000006,8.929489907000061],[80.74303236000003,8.902962554000055],[80.78424384000004,8.921403423000072],[80.80934154700003,8.91641146400002],[80.82779140300005,8.899677746000066],[80.88298122400005,8.869263316000058],[80.91063708400003,8.832360747000052],[80.91032625900004,8.822814316000063],[80.89487424300006,8.80912713500004],[80.88154033600006,8.787193753000054],[80.87825458700007,8.750374411000053],[80.86949365500004,8.751557135000041],[80.85955048400007,8.760539255000026],[80.84950206200006,8.756427355000028],[80.83515173300003,8.74709460300005],[80.83035269100003,8.73837850700005],[80.82348610700006,8.738995518000024],[80.82336031100004,8.726039842000034],[80.80266302600006,8.71673136100003],[80.80588956600008,8.700834161000046],[80.78734299000007,8.690577592000068],[80.78325360000008,8.683057460000043],[80.78548560000007,8.641526197000076],[80.76852967800005,8.61939038600002],[80.74440801600008,8.60790852100007],[80.73130921100005,8.586261647000072],[80.70402947600007,8.56397223600004],[80.67484403100008,8.549791243000072],[80.66016138600008,8.552310661000035],[80.65056352500005,8.559033184000043],[80.63954970100008,8.587171126000044],[80.62419935200006,8.587849082000048],[80.59360259000005,8.549471666000045],[80.59661281000007,8.514387817000056],[80.58476453200007,8.498036553000077],[80.57321996800005,8.500233516000037],[80.56442530100009,8.493023838000056],[80.53996484200007,8.49029222400003],[80.51704676500003,8.509359546000042],[80.49801148800003,8.51116498700003],[80.48658930400006,8.504965041000048],[80.47469669500003,8.505052870000043],[80.46734300900005,8.49405968000002],[80.45437868300007,8.490452273000074],[80.44079807400004,8.495430873000032],[80.43187228300008,8.506283008000025],[80.41328817700008,8.50928007400006],[80.39337399700008,8.521587474000057],[80.37922498900008,8.519819791000032],[80.33786072100008,8.546979742000076]]]}}]}